CREATE DATABASE  IF NOT EXISTS `c@rgonautica` /*!40100 DEFAULT CHARACTER SET utf8mb3 */ /*!80016 DEFAULT ENCRYPTION='N' */;
USE `c@rgonautica`;
-- MySQL dump 10.13  Distrib 8.0.36, for Win64 (x86_64)
--
-- Host: localhost    Database: c@rgonautica
-- ------------------------------------------------------
-- Server version	8.0.36

/*!40101 SET @OLD_CHARACTER_SET_CLIENT=@@CHARACTER_SET_CLIENT */;
/*!40101 SET @OLD_CHARACTER_SET_RESULTS=@@CHARACTER_SET_RESULTS */;
/*!40101 SET @OLD_COLLATION_CONNECTION=@@COLLATION_CONNECTION */;
/*!50503 SET NAMES utf8 */;
/*!40103 SET @OLD_TIME_ZONE=@@TIME_ZONE */;
/*!40103 SET TIME_ZONE='+00:00' */;
/*!40014 SET @OLD_UNIQUE_CHECKS=@@UNIQUE_CHECKS, UNIQUE_CHECKS=0 */;
/*!40014 SET @OLD_FOREIGN_KEY_CHECKS=@@FOREIGN_KEY_CHECKS, FOREIGN_KEY_CHECKS=0 */;
/*!40101 SET @OLD_SQL_MODE=@@SQL_MODE, SQL_MODE='NO_AUTO_VALUE_ON_ZERO' */;
/*!40111 SET @OLD_SQL_NOTES=@@SQL_NOTES, SQL_NOTES=0 */;

--
-- Table structure for table `damage`
--

DROP TABLE IF EXISTS `damage`;
/*!40101 SET @saved_cs_client     = @@character_set_client */;
/*!50503 SET character_set_client = utf8mb4 */;
CREATE TABLE `damage` (
  `dmg_id` bigint NOT NULL AUTO_INCREMENT,
  `dmg_ship_imo` bigint NOT NULL,
  `dmg_dmgsvr_id` bigint NOT NULL,
  `dmg_desc` longtext,
  `dmg_rpr_date` date NOT NULL,
  `dmg_start_date` date NOT NULL,
  PRIMARY KEY (`dmg_id`),
  KEY `dmg_ship_imo_idx` (`dmg_ship_imo`),
  KEY `dmg_dmgsvr_id_idx` (`dmg_dmgsvr_id`),
  CONSTRAINT `dmg_dmgsvr_id` FOREIGN KEY (`dmg_dmgsvr_id`) REFERENCES `damage_severity` (`dmgsvr_id`) ON DELETE RESTRICT ON UPDATE CASCADE,
  CONSTRAINT `dmg_ship_imo` FOREIGN KEY (`dmg_ship_imo`) REFERENCES `ship` (`ship_imo`) ON DELETE RESTRICT ON UPDATE CASCADE
) ENGINE=InnoDB AUTO_INCREMENT=103 DEFAULT CHARSET=utf8mb3;
/*!40101 SET character_set_client = @saved_cs_client */;

--
-- Dumping data for table `damage`
--

LOCK TABLES `damage` WRITE;
/*!40000 ALTER TABLE `damage` DISABLE KEYS */;
INSERT INTO `damage` VALUES (3,4084805,2,'Quisque porta volutpat erat. Quisque erat eros, viverra eget, congue eget, semper rutrum, nulla. Nunc purus.\n\nPhasellus in felis. Donec semper sapien a libero. Nam dui.\n\nProin leo odio, porttitor id, consequat in, consequat ut, nulla. Sed accumsan felis. Ut at dolor quis odio consequat varius.','2023-02-07','2022-08-22'),(4,5567395,2,'Etiam vel augue. Vestibulum rutrum rutrum neque. Aenean auctor gravida sem.\n\nPraesent id massa id nisl venenatis lacinia. Aenean sit amet justo. Morbi ut odio.\n\nCras mi pede, malesuada in, imperdiet et, commodo vulputate, justo. In blandit ultrices enim. Lorem ipsum dolor sit amet, consectetuer adipiscing elit.','2023-06-24','2022-10-10'),(5,1493804,1,'Nullam sit amet turpis elementum ligula vehicula consequat. Morbi a ipsum. Integer a nibh.\n\nIn quis justo. Maecenas rhoncus aliquam lacus. Morbi quis tortor id nulla ultrices aliquet.\n\nMaecenas leo odio, condimentum id, luctus nec, molestie sed, justo. Pellentesque viverra pede ac diam. Cras pellentesque volutpat dui.','2023-07-14','2021-12-10'),(6,6156914,1,'Proin eu mi. Nulla ac enim. In tempor, turpis nec euismod scelerisque, quam turpis adipiscing lorem, vitae mattis nibh ligula nec sem.','2023-03-04','2022-06-24'),(7,3082725,1,'Quisque porta volutpat erat. Quisque erat eros, viverra eget, congue eget, semper rutrum, nulla. Nunc purus.\n\nPhasellus in felis. Donec semper sapien a libero. Nam dui.','2023-10-21','2022-02-25'),(8,9012829,1,'Vestibulum ac est lacinia nisi venenatis tristique. Fusce congue, diam id ornare imperdiet, sapien urna pretium nisl, ut volutpat sapien arcu sed augue. Aliquam erat volutpat.\n\nIn congue. Etiam justo. Etiam pretium iaculis justo.\n\nIn hac habitasse platea dictumst. Etiam faucibus cursus urna. Ut tellus.','2023-08-01','2022-10-29'),(9,4885797,2,'Duis bibendum, felis sed interdum venenatis, turpis enim blandit mi, in porttitor pede justo eu massa. Donec dapibus. Duis at velit eu est congue elementum.','2023-03-25','2022-03-12'),(10,1756584,2,'Pellentesque at nulla. Suspendisse potenti. Cras in purus eu magna vulputate luctus.','2023-09-12','2022-09-30'),(11,8097154,2,'Proin leo odio, porttitor id, consequat in, consequat ut, nulla. Sed accumsan felis. Ut at dolor quis odio consequat varius.\n\nInteger ac leo. Pellentesque ultrices mattis odio. Donec vitae nisi.','2023-12-11','2022-05-01'),(12,4276868,2,'Morbi porttitor lorem id ligula. Suspendisse ornare consequat lectus. In est risus, auctor sed, tristique in, tempus sit amet, sem.','2023-05-20','2022-09-10'),(13,3619560,2,'Maecenas tristique, est et tempus semper, est quam pharetra magna, ac consequat metus sapien ut nunc. Vestibulum ante ipsum primis in faucibus orci luctus et ultrices posuere cubilia Curae; Mauris viverra diam vitae quam. Suspendisse potenti.\n\nNullam porttitor lacus at turpis. Donec posuere metus vitae ipsum. Aliquam non mauris.','2023-01-06','2022-09-08'),(14,3746905,1,'Vestibulum ac est lacinia nisi venenatis tristique. Fusce congue, diam id ornare imperdiet, sapien urna pretium nisl, ut volutpat sapien arcu sed augue. Aliquam erat volutpat.\n\nIn congue. Etiam justo. Etiam pretium iaculis justo.','2023-05-22','2022-02-01'),(15,9146158,1,'Etiam vel augue. Vestibulum rutrum rutrum neque. Aenean auctor gravida sem.\n\nPraesent id massa id nisl venenatis lacinia. Aenean sit amet justo. Morbi ut odio.','2023-08-09','2022-06-09'),(16,5529207,3,'Pellentesque at nulla. Suspendisse potenti. Cras in purus eu magna vulputate luctus.','2023-11-02','2022-06-30'),(17,6745842,1,'Praesent id massa id nisl venenatis lacinia. Aenean sit amet justo. Morbi ut odio.','2023-05-05','2022-01-29'),(18,8645306,3,'In hac habitasse platea dictumst. Etiam faucibus cursus urna. Ut tellus.','2023-12-01','2021-12-29'),(19,7891476,3,'Curabitur in libero ut massa volutpat convallis. Morbi odio odio, elementum eu, interdum eu, tincidunt in, leo. Maecenas pulvinar lobortis est.\n\nPhasellus sit amet erat. Nulla tempus. Vivamus in felis eu sapien cursus vestibulum.','2023-06-19','2022-05-11'),(20,1540351,1,'Fusce consequat. Nulla nisl. Nunc nisl.\n\nDuis bibendum, felis sed interdum venenatis, turpis enim blandit mi, in porttitor pede justo eu massa. Donec dapibus. Duis at velit eu est congue elementum.','2023-04-22','2022-10-07'),(21,6876249,1,'Suspendisse potenti. In eleifend quam a odio. In hac habitasse platea dictumst.\n\nMaecenas ut massa quis augue luctus tincidunt. Nulla mollis molestie lorem. Quisque ut erat.','2023-02-24','2022-06-29'),(22,9731295,3,'Quisque porta volutpat erat. Quisque erat eros, viverra eget, congue eget, semper rutrum, nulla. Nunc purus.\n\nPhasellus in felis. Donec semper sapien a libero. Nam dui.\n\nProin leo odio, porttitor id, consequat in, consequat ut, nulla. Sed accumsan felis. Ut at dolor quis odio consequat varius.','2023-08-06','2022-02-09'),(23,3457659,1,'Quisque porta volutpat erat. Quisque erat eros, viverra eget, congue eget, semper rutrum, nulla. Nunc purus.\n\nPhasellus in felis. Donec semper sapien a libero. Nam dui.\n\nProin leo odio, porttitor id, consequat in, consequat ut, nulla. Sed accumsan felis. Ut at dolor quis odio consequat varius.','2023-11-09','2022-07-07'),(24,1441419,1,'Phasellus in felis. Donec semper sapien a libero. Nam dui.\n\nProin leo odio, porttitor id, consequat in, consequat ut, nulla. Sed accumsan felis. Ut at dolor quis odio consequat varius.','2023-07-30','2022-08-09'),(25,3463775,1,'Quisque porta volutpat erat. Quisque erat eros, viverra eget, congue eget, semper rutrum, nulla. Nunc purus.\n\nPhasellus in felis. Donec semper sapien a libero. Nam dui.\n\nProin leo odio, porttitor id, consequat in, consequat ut, nulla. Sed accumsan felis. Ut at dolor quis odio consequat varius.','2023-06-08','2022-11-25'),(26,2131999,1,'Curabitur in libero ut massa volutpat convallis. Morbi odio odio, elementum eu, interdum eu, tincidunt in, leo. Maecenas pulvinar lobortis est.\n\nPhasellus sit amet erat. Nulla tempus. Vivamus in felis eu sapien cursus vestibulum.\n\nProin eu mi. Nulla ac enim. In tempor, turpis nec euismod scelerisque, quam turpis adipiscing lorem, vitae mattis nibh ligula nec sem.','2023-05-24','2022-07-02'),(27,6143843,3,'Cum sociis natoque penatibus et magnis dis parturient montes, nascetur ridiculus mus. Vivamus vestibulum sagittis sapien. Cum sociis natoque penatibus et magnis dis parturient montes, nascetur ridiculus mus.\n\nEtiam vel augue. Vestibulum rutrum rutrum neque. Aenean auctor gravida sem.','2023-12-16','2022-02-08'),(28,1682029,3,'Curabitur gravida nisi at nibh. In hac habitasse platea dictumst. Aliquam augue quam, sollicitudin vitae, consectetuer eget, rutrum at, lorem.\n\nInteger tincidunt ante vel ipsum. Praesent blandit lacinia erat. Vestibulum sed magna at nunc commodo placerat.\n\nPraesent blandit. Nam nulla. Integer pede justo, lacinia eget, tincidunt eget, tempus vel, pede.','2023-03-20','2022-09-18'),(29,8088009,1,'Maecenas leo odio, condimentum id, luctus nec, molestie sed, justo. Pellentesque viverra pede ac diam. Cras pellentesque volutpat dui.\n\nMaecenas tristique, est et tempus semper, est quam pharetra magna, ac consequat metus sapien ut nunc. Vestibulum ante ipsum primis in faucibus orci luctus et ultrices posuere cubilia Curae; Mauris viverra diam vitae quam. Suspendisse potenti.','2023-11-15','2022-01-05'),(30,9290460,2,'Vestibulum ac est lacinia nisi venenatis tristique. Fusce congue, diam id ornare imperdiet, sapien urna pretium nisl, ut volutpat sapien arcu sed augue. Aliquam erat volutpat.','2023-02-11','2022-10-12'),(31,8190702,3,'Quisque id justo sit amet sapien dignissim vestibulum. Vestibulum ante ipsum primis in faucibus orci luctus et ultrices posuere cubilia Curae; Nulla dapibus dolor vel est. Donec odio justo, sollicitudin ut, suscipit a, feugiat et, eros.\n\nVestibulum ac est lacinia nisi venenatis tristique. Fusce congue, diam id ornare imperdiet, sapien urna pretium nisl, ut volutpat sapien arcu sed augue. Aliquam erat volutpat.\n\nIn congue. Etiam justo. Etiam pretium iaculis justo.','2023-11-14','2021-12-24'),(32,5642829,1,'Nullam porttitor lacus at turpis. Donec posuere metus vitae ipsum. Aliquam non mauris.','2023-05-01','2022-04-21'),(33,9659542,1,'Nam ultrices, libero non mattis pulvinar, nulla pede ullamcorper augue, a suscipit nulla elit ac nulla. Sed vel enim sit amet nunc viverra dapibus. Nulla suscipit ligula in lacus.\n\nCurabitur at ipsum ac tellus semper interdum. Mauris ullamcorper purus sit amet nulla. Quisque arcu libero, rutrum ac, lobortis vel, dapibus at, diam.','2023-05-15','2022-07-17'),(34,6739820,3,'Duis bibendum, felis sed interdum venenatis, turpis enim blandit mi, in porttitor pede justo eu massa. Donec dapibus. Duis at velit eu est congue elementum.\n\nIn hac habitasse platea dictumst. Morbi vestibulum, velit id pretium iaculis, diam erat fermentum justo, nec condimentum neque sapien placerat ante. Nulla justo.\n\nAliquam quis turpis eget elit sodales scelerisque. Mauris sit amet eros. Suspendisse accumsan tortor quis turpis.','2023-07-09','2022-03-21'),(35,2414713,2,'Etiam vel augue. Vestibulum rutrum rutrum neque. Aenean auctor gravida sem.\n\nPraesent id massa id nisl venenatis lacinia. Aenean sit amet justo. Morbi ut odio.\n\nCras mi pede, malesuada in, imperdiet et, commodo vulputate, justo. In blandit ultrices enim. Lorem ipsum dolor sit amet, consectetuer adipiscing elit.','2023-05-23','2022-02-16'),(36,9679157,3,'Nam ultrices, libero non mattis pulvinar, nulla pede ullamcorper augue, a suscipit nulla elit ac nulla. Sed vel enim sit amet nunc viverra dapibus. Nulla suscipit ligula in lacus.\n\nCurabitur at ipsum ac tellus semper interdum. Mauris ullamcorper purus sit amet nulla. Quisque arcu libero, rutrum ac, lobortis vel, dapibus at, diam.','2023-09-03','2022-01-18'),(37,3282738,1,'Duis aliquam convallis nunc. Proin at turpis a pede posuere nonummy. Integer non velit.\n\nDonec diam neque, vestibulum eget, vulputate ut, ultrices vel, augue. Vestibulum ante ipsum primis in faucibus orci luctus et ultrices posuere cubilia Curae; Donec pharetra, magna vestibulum aliquet ultrices, erat tortor sollicitudin mi, sit amet lobortis sapien sapien non mi. Integer ac neque.\n\nDuis bibendum. Morbi non quam nec dui luctus rutrum. Nulla tellus.','2023-04-07','2022-07-02'),(38,9845788,2,'Fusce consequat. Nulla nisl. Nunc nisl.','2023-06-29','2022-05-05'),(39,9224503,1,'Quisque porta volutpat erat. Quisque erat eros, viverra eget, congue eget, semper rutrum, nulla. Nunc purus.\n\nPhasellus in felis. Donec semper sapien a libero. Nam dui.\n\nProin leo odio, porttitor id, consequat in, consequat ut, nulla. Sed accumsan felis. Ut at dolor quis odio consequat varius.','2023-05-26','2021-12-02'),(40,6926422,3,'Nam ultrices, libero non mattis pulvinar, nulla pede ullamcorper augue, a suscipit nulla elit ac nulla. Sed vel enim sit amet nunc viverra dapibus. Nulla suscipit ligula in lacus.','2023-07-20','2022-11-02'),(41,4448341,1,'Aliquam quis turpis eget elit sodales scelerisque. Mauris sit amet eros. Suspendisse accumsan tortor quis turpis.','2023-08-11','2022-09-02'),(42,4879057,2,'Mauris enim leo, rhoncus sed, vestibulum sit amet, cursus id, turpis. Integer aliquet, massa id lobortis convallis, tortor risus dapibus augue, vel accumsan tellus nisi eu orci. Mauris lacinia sapien quis libero.','2023-03-04','2022-11-23'),(43,6311064,1,'Aenean fermentum. Donec ut mauris eget massa tempor convallis. Nulla neque libero, convallis eget, eleifend luctus, ultricies eu, nibh.\n\nQuisque id justo sit amet sapien dignissim vestibulum. Vestibulum ante ipsum primis in faucibus orci luctus et ultrices posuere cubilia Curae; Nulla dapibus dolor vel est. Donec odio justo, sollicitudin ut, suscipit a, feugiat et, eros.\n\nVestibulum ac est lacinia nisi venenatis tristique. Fusce congue, diam id ornare imperdiet, sapien urna pretium nisl, ut volutpat sapien arcu sed augue. Aliquam erat volutpat.','2023-03-08','2022-01-01'),(44,3070588,1,'Proin interdum mauris non ligula pellentesque ultrices. Phasellus id sapien in sapien iaculis congue. Vivamus metus arcu, adipiscing molestie, hendrerit at, vulputate vitae, nisl.\n\nAenean lectus. Pellentesque eget nunc. Donec quis orci eget orci vehicula condimentum.','2023-06-09','2022-10-11'),(45,1756584,1,'Maecenas leo odio, condimentum id, luctus nec, molestie sed, justo. Pellentesque viverra pede ac diam. Cras pellentesque volutpat dui.\n\nMaecenas tristique, est et tempus semper, est quam pharetra magna, ac consequat metus sapien ut nunc. Vestibulum ante ipsum primis in faucibus orci luctus et ultrices posuere cubilia Curae; Mauris viverra diam vitae quam. Suspendisse potenti.\n\nNullam porttitor lacus at turpis. Donec posuere metus vitae ipsum. Aliquam non mauris.','2023-08-28','2021-12-09'),(46,8038703,3,'Curabitur in libero ut massa volutpat convallis. Morbi odio odio, elementum eu, interdum eu, tincidunt in, leo. Maecenas pulvinar lobortis est.','2023-10-08','2022-02-24'),(47,2889411,2,'Phasellus in felis. Donec semper sapien a libero. Nam dui.','2023-04-10','2022-03-26'),(48,6471644,1,'Duis bibendum. Morbi non quam nec dui luctus rutrum. Nulla tellus.\n\nIn sagittis dui vel nisl. Duis ac nibh. Fusce lacus purus, aliquet at, feugiat non, pretium quis, lectus.','2023-08-14','2022-03-06'),(49,6486315,2,'Quisque porta volutpat erat. Quisque erat eros, viverra eget, congue eget, semper rutrum, nulla. Nunc purus.','2023-03-14','2022-12-02'),(50,5622438,1,'Praesent id massa id nisl venenatis lacinia. Aenean sit amet justo. Morbi ut odio.\n\nCras mi pede, malesuada in, imperdiet et, commodo vulputate, justo. In blandit ultrices enim. Lorem ipsum dolor sit amet, consectetuer adipiscing elit.','2023-05-30','2022-05-25'),(51,5374465,2,'Phasellus sit amet erat. Nulla tempus. Vivamus in felis eu sapien cursus vestibulum.\n\nProin eu mi. Nulla ac enim. In tempor, turpis nec euismod scelerisque, quam turpis adipiscing lorem, vitae mattis nibh ligula nec sem.\n\nDuis aliquam convallis nunc. Proin at turpis a pede posuere nonummy. Integer non velit.','2023-09-24','2022-11-12'),(52,8481570,1,'Sed ante. Vivamus tortor. Duis mattis egestas metus.\n\nAenean fermentum. Donec ut mauris eget massa tempor convallis. Nulla neque libero, convallis eget, eleifend luctus, ultricies eu, nibh.\n\nQuisque id justo sit amet sapien dignissim vestibulum. Vestibulum ante ipsum primis in faucibus orci luctus et ultrices posuere cubilia Curae; Nulla dapibus dolor vel est. Donec odio justo, sollicitudin ut, suscipit a, feugiat et, eros.','2023-12-14','2022-03-25'),(53,3008164,1,'Proin eu mi. Nulla ac enim. In tempor, turpis nec euismod scelerisque, quam turpis adipiscing lorem, vitae mattis nibh ligula nec sem.','2023-01-13','2022-01-28'),(54,4034758,3,'Cum sociis natoque penatibus et magnis dis parturient montes, nascetur ridiculus mus. Vivamus vestibulum sagittis sapien. Cum sociis natoque penatibus et magnis dis parturient montes, nascetur ridiculus mus.','2023-02-19','2022-01-25'),(55,1738584,3,'Proin eu mi. Nulla ac enim. In tempor, turpis nec euismod scelerisque, quam turpis adipiscing lorem, vitae mattis nibh ligula nec sem.\n\nDuis aliquam convallis nunc. Proin at turpis a pede posuere nonummy. Integer non velit.\n\nDonec diam neque, vestibulum eget, vulputate ut, ultrices vel, augue. Vestibulum ante ipsum primis in faucibus orci luctus et ultrices posuere cubilia Curae; Donec pharetra, magna vestibulum aliquet ultrices, erat tortor sollicitudin mi, sit amet lobortis sapien sapien non mi. Integer ac neque.','2023-01-06','2022-01-23'),(56,7152802,3,'Morbi porttitor lorem id ligula. Suspendisse ornare consequat lectus. In est risus, auctor sed, tristique in, tempus sit amet, sem.','2023-09-01','2022-09-23'),(57,1639792,1,'Duis aliquam convallis nunc. Proin at turpis a pede posuere nonummy. Integer non velit.\n\nDonec diam neque, vestibulum eget, vulputate ut, ultrices vel, augue. Vestibulum ante ipsum primis in faucibus orci luctus et ultrices posuere cubilia Curae; Donec pharetra, magna vestibulum aliquet ultrices, erat tortor sollicitudin mi, sit amet lobortis sapien sapien non mi. Integer ac neque.\n\nDuis bibendum. Morbi non quam nec dui luctus rutrum. Nulla tellus.','2023-10-16','2022-02-05'),(58,4994676,1,'Fusce posuere felis sed lacus. Morbi sem mauris, laoreet ut, rhoncus aliquet, pulvinar sed, nisl. Nunc rhoncus dui vel sem.\n\nSed sagittis. Nam congue, risus semper porta volutpat, quam pede lobortis ligula, sit amet eleifend pede libero quis orci. Nullam molestie nibh in lectus.','2023-05-17','2022-05-25'),(59,2128288,2,'Aliquam quis turpis eget elit sodales scelerisque. Mauris sit amet eros. Suspendisse accumsan tortor quis turpis.\n\nSed ante. Vivamus tortor. Duis mattis egestas metus.','2023-11-14','2022-07-14'),(60,2843597,2,'In quis justo. Maecenas rhoncus aliquam lacus. Morbi quis tortor id nulla ultrices aliquet.\n\nMaecenas leo odio, condimentum id, luctus nec, molestie sed, justo. Pellentesque viverra pede ac diam. Cras pellentesque volutpat dui.\n\nMaecenas tristique, est et tempus semper, est quam pharetra magna, ac consequat metus sapien ut nunc. Vestibulum ante ipsum primis in faucibus orci luctus et ultrices posuere cubilia Curae; Mauris viverra diam vitae quam. Suspendisse potenti.','2023-04-20','2022-01-10'),(61,3298231,3,'Donec diam neque, vestibulum eget, vulputate ut, ultrices vel, augue. Vestibulum ante ipsum primis in faucibus orci luctus et ultrices posuere cubilia Curae; Donec pharetra, magna vestibulum aliquet ultrices, erat tortor sollicitudin mi, sit amet lobortis sapien sapien non mi. Integer ac neque.\n\nDuis bibendum. Morbi non quam nec dui luctus rutrum. Nulla tellus.\n\nIn sagittis dui vel nisl. Duis ac nibh. Fusce lacus purus, aliquet at, feugiat non, pretium quis, lectus.','2023-01-12','2022-06-23'),(62,8855148,1,'Aenean lectus. Pellentesque eget nunc. Donec quis orci eget orci vehicula condimentum.','2023-04-25','2022-09-07'),(63,9731295,1,'Maecenas leo odio, condimentum id, luctus nec, molestie sed, justo. Pellentesque viverra pede ac diam. Cras pellentesque volutpat dui.','2023-04-24','2022-04-16'),(64,5785066,3,'In hac habitasse platea dictumst. Etiam faucibus cursus urna. Ut tellus.','2023-02-16','2022-04-01'),(65,4026847,3,'Duis consequat dui nec nisi volutpat eleifend. Donec ut dolor. Morbi vel lectus in quam fringilla rhoncus.','2023-02-22','2022-12-09'),(66,1455306,3,'Donec diam neque, vestibulum eget, vulputate ut, ultrices vel, augue. Vestibulum ante ipsum primis in faucibus orci luctus et ultrices posuere cubilia Curae; Donec pharetra, magna vestibulum aliquet ultrices, erat tortor sollicitudin mi, sit amet lobortis sapien sapien non mi. Integer ac neque.\n\nDuis bibendum. Morbi non quam nec dui luctus rutrum. Nulla tellus.','2023-02-28','2022-03-31'),(67,8931085,3,'Integer tincidunt ante vel ipsum. Praesent blandit lacinia erat. Vestibulum sed magna at nunc commodo placerat.','2023-05-06','2021-12-22'),(68,7757065,3,'Sed ante. Vivamus tortor. Duis mattis egestas metus.\n\nAenean fermentum. Donec ut mauris eget massa tempor convallis. Nulla neque libero, convallis eget, eleifend luctus, ultricies eu, nibh.','2023-05-27','2022-10-18'),(69,2223112,2,'Lorem ipsum dolor sit amet, consectetuer adipiscing elit. Proin risus. Praesent lectus.\n\nVestibulum quam sapien, varius ut, blandit non, interdum in, ante. Vestibulum ante ipsum primis in faucibus orci luctus et ultrices posuere cubilia Curae; Duis faucibus accumsan odio. Curabitur convallis.','2023-06-14','2022-01-26'),(70,4752552,1,'Sed ante. Vivamus tortor. Duis mattis egestas metus.\n\nAenean fermentum. Donec ut mauris eget massa tempor convallis. Nulla neque libero, convallis eget, eleifend luctus, ultricies eu, nibh.\n\nQuisque id justo sit amet sapien dignissim vestibulum. Vestibulum ante ipsum primis in faucibus orci luctus et ultrices posuere cubilia Curae; Nulla dapibus dolor vel est. Donec odio justo, sollicitudin ut, suscipit a, feugiat et, eros.','2023-04-29','2022-08-16'),(71,1290441,2,'Cras mi pede, malesuada in, imperdiet et, commodo vulputate, justo. In blandit ultrices enim. Lorem ipsum dolor sit amet, consectetuer adipiscing elit.\n\nProin interdum mauris non ligula pellentesque ultrices. Phasellus id sapien in sapien iaculis congue. Vivamus metus arcu, adipiscing molestie, hendrerit at, vulputate vitae, nisl.','2023-06-04','2021-12-14'),(72,4821049,1,'Integer ac leo. Pellentesque ultrices mattis odio. Donec vitae nisi.\n\nNam ultrices, libero non mattis pulvinar, nulla pede ullamcorper augue, a suscipit nulla elit ac nulla. Sed vel enim sit amet nunc viverra dapibus. Nulla suscipit ligula in lacus.','2023-01-19','2022-02-02'),(73,4388537,3,'Maecenas tristique, est et tempus semper, est quam pharetra magna, ac consequat metus sapien ut nunc. Vestibulum ante ipsum primis in faucibus orci luctus et ultrices posuere cubilia Curae; Mauris viverra diam vitae quam. Suspendisse potenti.','2023-04-13','2022-03-19'),(74,5622438,2,'In hac habitasse platea dictumst. Etiam faucibus cursus urna. Ut tellus.\n\nNulla ut erat id mauris vulputate elementum. Nullam varius. Nulla facilisi.','2023-11-24','2022-02-02'),(75,6652436,3,'Aenean fermentum. Donec ut mauris eget massa tempor convallis. Nulla neque libero, convallis eget, eleifend luctus, ultricies eu, nibh.\n\nQuisque id justo sit amet sapien dignissim vestibulum. Vestibulum ante ipsum primis in faucibus orci luctus et ultrices posuere cubilia Curae; Nulla dapibus dolor vel est. Donec odio justo, sollicitudin ut, suscipit a, feugiat et, eros.\n\nVestibulum ac est lacinia nisi venenatis tristique. Fusce congue, diam id ornare imperdiet, sapien urna pretium nisl, ut volutpat sapien arcu sed augue. Aliquam erat volutpat.','2023-11-30','2022-09-06'),(76,4998743,1,'Fusce consequat. Nulla nisl. Nunc nisl.','2023-07-02','2022-03-06'),(77,2541144,2,'Aenean fermentum. Donec ut mauris eget massa tempor convallis. Nulla neque libero, convallis eget, eleifend luctus, ultricies eu, nibh.\n\nQuisque id justo sit amet sapien dignissim vestibulum. Vestibulum ante ipsum primis in faucibus orci luctus et ultrices posuere cubilia Curae; Nulla dapibus dolor vel est. Donec odio justo, sollicitudin ut, suscipit a, feugiat et, eros.','2023-08-11','2022-05-30'),(78,9679157,3,'Cras non velit nec nisi vulputate nonummy. Maecenas tincidunt lacus at velit. Vivamus vel nulla eget eros elementum pellentesque.\n\nQuisque porta volutpat erat. Quisque erat eros, viverra eget, congue eget, semper rutrum, nulla. Nunc purus.','2023-04-14','2021-12-17'),(79,7201378,3,'Maecenas ut massa quis augue luctus tincidunt. Nulla mollis molestie lorem. Quisque ut erat.\n\nCurabitur gravida nisi at nibh. In hac habitasse platea dictumst. Aliquam augue quam, sollicitudin vitae, consectetuer eget, rutrum at, lorem.','2023-04-23','2022-06-23'),(80,9404300,1,'Morbi porttitor lorem id ligula. Suspendisse ornare consequat lectus. In est risus, auctor sed, tristique in, tempus sit amet, sem.','2023-11-13','2022-02-21'),(81,8982556,2,'Aenean lectus. Pellentesque eget nunc. Donec quis orci eget orci vehicula condimentum.\n\nCurabitur in libero ut massa volutpat convallis. Morbi odio odio, elementum eu, interdum eu, tincidunt in, leo. Maecenas pulvinar lobortis est.','2023-12-17','2022-07-04'),(82,5894060,3,'Phasellus sit amet erat. Nulla tempus. Vivamus in felis eu sapien cursus vestibulum.\n\nProin eu mi. Nulla ac enim. In tempor, turpis nec euismod scelerisque, quam turpis adipiscing lorem, vitae mattis nibh ligula nec sem.\n\nDuis aliquam convallis nunc. Proin at turpis a pede posuere nonummy. Integer non velit.','2023-04-16','2022-08-27'),(83,2677836,1,'Etiam vel augue. Vestibulum rutrum rutrum neque. Aenean auctor gravida sem.','2023-10-21','2022-04-22'),(84,8855148,1,'Morbi porttitor lorem id ligula. Suspendisse ornare consequat lectus. In est risus, auctor sed, tristique in, tempus sit amet, sem.\n\nFusce consequat. Nulla nisl. Nunc nisl.','2023-07-22','2022-12-26'),(85,6946041,1,'Proin eu mi. Nulla ac enim. In tempor, turpis nec euismod scelerisque, quam turpis adipiscing lorem, vitae mattis nibh ligula nec sem.','2023-06-16','2022-12-25'),(86,5904686,1,'Curabitur gravida nisi at nibh. In hac habitasse platea dictumst. Aliquam augue quam, sollicitudin vitae, consectetuer eget, rutrum at, lorem.','2023-12-20','2022-12-29'),(87,4041964,1,'Integer ac leo. Pellentesque ultrices mattis odio. Donec vitae nisi.\n\nNam ultrices, libero non mattis pulvinar, nulla pede ullamcorper augue, a suscipit nulla elit ac nulla. Sed vel enim sit amet nunc viverra dapibus. Nulla suscipit ligula in lacus.\n\nCurabitur at ipsum ac tellus semper interdum. Mauris ullamcorper purus sit amet nulla. Quisque arcu libero, rutrum ac, lobortis vel, dapibus at, diam.','2023-07-28','2022-09-01'),(88,4581652,2,'Suspendisse potenti. In eleifend quam a odio. In hac habitasse platea dictumst.\n\nMaecenas ut massa quis augue luctus tincidunt. Nulla mollis molestie lorem. Quisque ut erat.\n\nCurabitur gravida nisi at nibh. In hac habitasse platea dictumst. Aliquam augue quam, sollicitudin vitae, consectetuer eget, rutrum at, lorem.','2023-10-23','2022-06-16'),(89,6926422,3,'Duis bibendum. Morbi non quam nec dui luctus rutrum. Nulla tellus.\n\nIn sagittis dui vel nisl. Duis ac nibh. Fusce lacus purus, aliquet at, feugiat non, pretium quis, lectus.','2023-02-04','2022-03-21'),(90,1262704,2,'Quisque id justo sit amet sapien dignissim vestibulum. Vestibulum ante ipsum primis in faucibus orci luctus et ultrices posuere cubilia Curae; Nulla dapibus dolor vel est. Donec odio justo, sollicitudin ut, suscipit a, feugiat et, eros.','2023-05-27','2022-10-11'),(91,4684986,3,'In quis justo. Maecenas rhoncus aliquam lacus. Morbi quis tortor id nulla ultrices aliquet.\n\nMaecenas leo odio, condimentum id, luctus nec, molestie sed, justo. Pellentesque viverra pede ac diam. Cras pellentesque volutpat dui.\n\nMaecenas tristique, est et tempus semper, est quam pharetra magna, ac consequat metus sapien ut nunc. Vestibulum ante ipsum primis in faucibus orci luctus et ultrices posuere cubilia Curae; Mauris viverra diam vitae quam. Suspendisse potenti.','2023-01-31','2022-11-21'),(92,3395777,1,'Proin interdum mauris non ligula pellentesque ultrices. Phasellus id sapien in sapien iaculis congue. Vivamus metus arcu, adipiscing molestie, hendrerit at, vulputate vitae, nisl.\n\nAenean lectus. Pellentesque eget nunc. Donec quis orci eget orci vehicula condimentum.','2023-10-02','2022-03-04'),(93,1427474,2,'Duis bibendum, felis sed interdum venenatis, turpis enim blandit mi, in porttitor pede justo eu massa. Donec dapibus. Duis at velit eu est congue elementum.','2023-03-08','2022-02-13'),(94,2736433,3,'Sed sagittis. Nam congue, risus semper porta volutpat, quam pede lobortis ligula, sit amet eleifend pede libero quis orci. Nullam molestie nibh in lectus.','2023-12-13','2022-03-01'),(95,5622438,3,'Morbi non lectus. Aliquam sit amet diam in magna bibendum imperdiet. Nullam orci pede, venenatis non, sodales sed, tincidunt eu, felis.','2023-09-23','2022-02-08'),(96,8021871,3,'Quisque id justo sit amet sapien dignissim vestibulum. Vestibulum ante ipsum primis in faucibus orci luctus et ultrices posuere cubilia Curae; Nulla dapibus dolor vel est. Donec odio justo, sollicitudin ut, suscipit a, feugiat et, eros.\n\nVestibulum ac est lacinia nisi venenatis tristique. Fusce congue, diam id ornare imperdiet, sapien urna pretium nisl, ut volutpat sapien arcu sed augue. Aliquam erat volutpat.\n\nIn congue. Etiam justo. Etiam pretium iaculis justo.','2023-07-05','2022-12-15'),(97,8004894,3,'Morbi non lectus. Aliquam sit amet diam in magna bibendum imperdiet. Nullam orci pede, venenatis non, sodales sed, tincidunt eu, felis.\n\nFusce posuere felis sed lacus. Morbi sem mauris, laoreet ut, rhoncus aliquet, pulvinar sed, nisl. Nunc rhoncus dui vel sem.\n\nSed sagittis. Nam congue, risus semper porta volutpat, quam pede lobortis ligula, sit amet eleifend pede libero quis orci. Nullam molestie nibh in lectus.','2023-02-10','2022-06-19'),(98,2223112,3,'Proin leo odio, porttitor id, consequat in, consequat ut, nulla. Sed accumsan felis. Ut at dolor quis odio consequat varius.','2023-01-07','2022-11-15'),(99,2846211,3,'Integer ac leo. Pellentesque ultrices mattis odio. Donec vitae nisi.','2023-09-10','2022-12-13'),(100,5027020,1,'Proin interdum mauris non ligula pellentesque ultrices. Phasellus id sapien in sapien iaculis congue. Vivamus metus arcu, adipiscing molestie, hendrerit at, vulputate vitae, nisl.\n\nAenean lectus. Pellentesque eget nunc. Donec quis orci eget orci vehicula condimentum.\n\nCurabitur in libero ut massa volutpat convallis. Morbi odio odio, elementum eu, interdum eu, tincidunt in, leo. Maecenas pulvinar lobortis est.','2023-03-03','2022-05-08'),(101,1941916,1,'Mauris enim leo, rhoncus sed, vestibulum sit amet, cursus id, turpis. Integer aliquet, massa id lobortis convallis, tortor risus dapibus augue, vel accumsan tellus nisi eu orci. Mauris lacinia sapien quis libero.\n\nNullam sit amet turpis elementum ligula vehicula consequat. Morbi a ipsum. Integer a nibh.','2023-06-13','2022-06-28'),(102,2202079,1,'Maecenas leo odio, condimentum id, luctus nec, molestie sed, justo. Pellentesque viverra pede ac diam. Cras pellentesque volutpat dui.','2023-03-29','2022-03-12');
/*!40000 ALTER TABLE `damage` ENABLE KEYS */;
UNLOCK TABLES;

--
-- Table structure for table `damage_severity`
--

DROP TABLE IF EXISTS `damage_severity`;
/*!40101 SET @saved_cs_client     = @@character_set_client */;
/*!50503 SET character_set_client = utf8mb4 */;
CREATE TABLE `damage_severity` (
  `dmgsvr_id` bigint NOT NULL AUTO_INCREMENT,
  `dmgsvr_desc` longtext NOT NULL,
  PRIMARY KEY (`dmgsvr_id`)
) ENGINE=InnoDB AUTO_INCREMENT=4 DEFAULT CHARSET=utf8mb3;
/*!40101 SET character_set_client = @saved_cs_client */;

--
-- Dumping data for table `damage_severity`
--

LOCK TABLES `damage_severity` WRITE;
/*!40000 ALTER TABLE `damage_severity` DISABLE KEYS */;
INSERT INTO `damage_severity` VALUES (1,'Ship cannot continue travel'),(2,'Medium severity'),(3,'Ship may continue travel without issue');
/*!40000 ALTER TABLE `damage_severity` ENABLE KEYS */;
UNLOCK TABLES;

--
-- Table structure for table `department`
--

DROP TABLE IF EXISTS `department`;
/*!40101 SET @saved_cs_client     = @@character_set_client */;
/*!50503 SET character_set_client = utf8mb4 */;
CREATE TABLE `department` (
  `dpt_id` bigint NOT NULL AUTO_INCREMENT,
  `dpt_name` varchar(45) NOT NULL,
  PRIMARY KEY (`dpt_id`)
) ENGINE=InnoDB AUTO_INCREMENT=11 DEFAULT CHARSET=utf8mb3;
/*!40101 SET character_set_client = @saved_cs_client */;

--
-- Dumping data for table `department`
--

LOCK TABLES `department` WRITE;
/*!40000 ALTER TABLE `department` DISABLE KEYS */;
INSERT INTO `department` VALUES (1,'Human Resources (HR)'),(2,'Information Technology (IT)'),(3,'Finance and Accounting'),(4,'Fleet'),(5,'Customer Service'),(6,'Warehouse and Inventory Management'),(7,'Quality Assurance'),(8,'Sales and Marketing'),(9,'Operations'),(10,'Research and Development (R&D)');
/*!40000 ALTER TABLE `department` ENABLE KEYS */;
UNLOCK TABLES;

--
-- Table structure for table `duty`
--

DROP TABLE IF EXISTS `duty`;
/*!40101 SET @saved_cs_client     = @@character_set_client */;
/*!50503 SET character_set_client = utf8mb4 */;
CREATE TABLE `duty` (
  `duty_id` bigint NOT NULL AUTO_INCREMENT,
  `duty_desc` longtext NOT NULL,
  PRIMARY KEY (`duty_id`)
) ENGINE=InnoDB AUTO_INCREMENT=11 DEFAULT CHARSET=utf8mb3;
/*!40101 SET character_set_client = @saved_cs_client */;

--
-- Dumping data for table `duty`
--

LOCK TABLES `duty` WRITE;
/*!40000 ALTER TABLE `duty` DISABLE KEYS */;
INSERT INTO `duty` VALUES (1,'Captain'),(2,'First Mate / Chief Officer'),(3,'Second Mate / Second Officer'),(4,'Chief Engineer'),(5,'Second Engineer'),(6,'Third Engineer'),(7,'Crew');
/*!40000 ALTER TABLE `duty` ENABLE KEYS */;
UNLOCK TABLES;

--
-- Table structure for table `employee`
--

DROP TABLE IF EXISTS `employee`;
/*!40101 SET @saved_cs_client     = @@character_set_client */;
/*!50503 SET character_set_client = utf8mb4 */;
CREATE TABLE `employee` (
  `emp_id` bigint NOT NULL AUTO_INCREMENT,
  `emp_name` varchar(45) NOT NULL,
  `emp_surname` varchar(45) NOT NULL,
  `emp_middle_name` varchar(45) DEFAULT NULL,
  `emp_birth_date` date NOT NULL,
  `emp_tax_id` varchar(45) NOT NULL,
  `emp_social_security_id` varchar(45) NOT NULL,
  `emp_addr_street` varchar(130) NOT NULL,
  `emp_addr_postal_code` varchar(45) NOT NULL,
  `emp_addr_country` varchar(45) NOT NULL,
  `emp_addr_city` varchar(45) NOT NULL,
  `emp_origin_country` varchar(45) DEFAULT NULL,
  `emp_origin_city` varchar(45) DEFAULT NULL,
  `emp_origin_street` varchar(130) DEFAULT NULL,
  `emp_origin_postal_code` varchar(45) DEFAULT NULL,
  PRIMARY KEY (`emp_id`)
) ENGINE=InnoDB AUTO_INCREMENT=5004 DEFAULT CHARSET=utf8mb3;
/*!40101 SET character_set_client = @saved_cs_client */;

--
-- Dumping data for table `employee`
--

LOCK TABLES `employee` WRITE;
/*!40000 ALTER TABLE `employee` DISABLE KEYS */;
INSERT INTO `employee` VALUES (4004,'Ophélie','Venneur','Sargent','1996-05-10','301047178','303911775','28 Ridgeview Road','667207','China','Baoxing','China','Chishui','3 Nancy Road','816293'),(4005,'Vénus','Duding','Lindsey','1962-06-04','228410469','663741939','4954 Menomonie Center','608325','China','Guleluke','Colombia','Planeta Rica','752 Manitowish Court','665110'),(4006,'Maï','Priestnall','Rudolph','2002-07-25','815690372','424065734','34 Sauthoff Drive','204040','China','Canmang','Russia','Yubileynyy','301 Truax Alley','400100'),(4007,'Célestine','Ricci','Fitz','2001-06-27','644280847','411521333','1251 Fairfield Parkway','766708','China','Dongxin','Russia','Nizhniy Novgorod','361 Melody Street','907534'),(4008,'Loïca','Harriot','Quincey','1952-02-22','826202671','418833087','21832 Larry Lane','730750','China','Gujiang','Greece','Vélo','67 Nancy Junction','525600'),(4009,'Lorène','Cordero','Saunder','2005-03-28','751931650','947084835','32 Corscot Way','374234','Germany','München','Ireland','Ashford','04102 Farmco Plaza','64782'),(4010,'Solène','Rysom','Cyrus','2004-02-25','180693770','277052052','77331 Hanson Alley','337179','Ethiopia','Dire Dawa','Northern Mariana Islands','Saipan','300 Pawling Circle','782222'),(4011,'Lèi','Wehden','Everett','1959-04-18','331139061','796671121','1 Gina Street','150070','France','Rungis','Lithuania','Rokiškis','78977 Steensland Pass','962277'),(4012,'Yú','Mendel','Tristam','1972-06-08','519270770','851298604','11 Alpine Point','205553','Vietnam','Da Nang','Syria','Aş Şūrah aş Şaghīrah','2 Dunning Way','298071'),(4013,'Joséphine','Vinden','Niel','1988-05-09','590549388','944933541','584 Schmedeman Place','551877','Indonesia','Citalahab','Colombia','Manzanares','0791 Shoshone Lane','419456'),(4014,'Françoise','Fransson','Farlie','1973-08-06','195001109','934925873','2472 Gulseth Hill','678613','Brazil','Patrocínio','Honduras','Quebradas','43 Milwaukee Crossing','406887'),(4015,'Lóng','Taffe','Isadore','1951-12-23','795051094','683269329','63 Truax Alley','23132','China','Huocheng','Portugal','Vila Chã','98593 Anderson Park','453262'),(4016,'Mélia','Townsley','Trevor','1987-08-24','592015913','150295674','76828 Carpenter Place','474607','Mauritius','Melrose','Sweden','Kungälv','5467 Sycamore Terrace','236208'),(4017,'Miléna','Sharrem','Malchy','1959-06-29','472792082','699170522','3832 Arizona Parkway','748569','Philippines','Legaspi','France','Roubaix','9 Jackson Place','914701'),(4018,'Maï','Jenking','Huntington','1950-01-21','921288581','766449009','29665 Heath Parkway','437653','Czech Republic','Blatná','Russia','Salmi','466 Sauthoff Plaza','224620'),(4019,'Aí','Hendrick','Dani','1991-06-11','771884203','716929647','892 New Castle Circle','148349','Poland','Kurów','China','Sanxi','5148 Main Alley','382654'),(4020,'Ráo','Dellenbroker','Malcolm','1977-10-09','114891885','339881199','87017 Clarendon Court','700842','Sweden','Färjestaden','China','Luokou','205 Hallows Street','854035'),(4021,'Méghane','Bromhead','Zacharie','1973-03-29','190290306','274644426','05673 Alpine Place','737473','France','Granville','Indonesia','Pakel','158 Stephen Center','251207'),(4022,'Yè','Gossling','Davidde','1974-07-25','870658156','948660454','14476 Portage Avenue','714133','China','Huagu','Kazakhstan','Balqash','61803 Red Cloud Road','969279'),(4023,'Tú','Lorroway','Gil','1991-07-22','794219931','425175226','70 Myrtle Place','429411','Canada','Canmore','Indonesia','Krajan Caluk','2637 Beilfuss Court','782022'),(4024,'Félicie','Dunstone','Sebastiano','1982-11-14','261892074','371116094','133 Elka Pass','219250','Portugal','Penamacor','Thailand','Wichian Buri','85106 Miller Terrace','643685'),(4025,'Angélique','Trask','Nick','1978-12-18','362415551','873064613','389 Moose Point','531715','Peru','Pueblo Nuevo','Canada','Biggar','90 Mifflin Circle','150689'),(4026,'Joséphine','Seeney','Wayne','2003-03-15','788514547','308273399','711 Hansons Junction','685488','Pakistan','Jāndiāla Sher Khān','Portugal','Gaula','888 Karstens Junction','432722'),(4027,'Liè','Baildon','Salvatore','1997-01-15','874798688','498555763','15771 Manufacturers Center','251058','Democratic Republic of the Congo','Lukolela','Armenia','Fantan','149 Buell Alley','416844'),(4028,'Cléopatre','Downgate','Karel','1963-03-17','703638803','448521147','04 Brown Park','421653','Ukraine','Kochetok','Indonesia','Neofbaun','40 Golf Lane','129327'),(4029,'Sòng','Parkhouse','Waldemar','2001-03-08','814544346','601069707','0 Merry Alley','280043','Afghanistan','Qal‘ah-ye Shāhī','Poland','Mirów','7782 Brown Crossing','299137'),(4030,'Almérinda','Ashlin','Keenan','1953-08-14','320257136','182459985','9 Division Court','423876','Philippines','Toong','Philippines','Ugac Sur','4039 Arkansas Way','882253'),(4031,'Magdalène','Macci','Nicolai','1974-06-30','255046958','705450126','78 Lindbergh Alley','655266','Colombia','Lérida','Philippines','Victoria','34784 Roth Alley','809229'),(4032,'Nélie','Boxill','Purcell','1962-10-05','709338493','685482110','82 Northfield Place','135543','China','Shi’ao','Netherlands','Tilburg','88 Reinke Alley','651575'),(4033,'Bérénice','Grierson','Davidson','1979-01-26','918392672','694893806','9373 Sunnyside Parkway','909952','China','Konggar','China','Nanmen','04 Harbort Avenue','934615'),(4034,'Jú','Cline','Corbet','1978-08-16','732512277','539756771','462 Reinke Pass','338725','Indonesia','Kadubadak','China','Gaoshan','2176 Wayridge Hill','535352'),(4035,'Léane','Dougharty','Washington','1952-12-04','823441276','613615898','0907 Stang Pass','716360','China','Kangping','Peru','Mariatana','9182 Cottonwood Pass','195296'),(4036,'Bérénice','Wark','Dickie','1958-08-10','557679838','236888161','9325 Hollow Ridge Hill','580361','Sweden','Tyresö','Indonesia','Bucu Lor','08403 Pawling Lane','321519'),(4037,'Pénélope','Ohms','Esteban','1989-08-31','833755280','841060609','9 Tennessee Circle','435007','Portugal','São Pedro','Russia','Ural','7137 Arapahoe Circle','36651'),(4038,'Méghane','Sadler','Warren','1967-03-24','667106125','495000326','848 Birchwood Pass','681524','Armenia','Spitak','Poland','Zielonki','37971 Carey Trail','538586'),(4039,'Bérengère','Brislen','Ches','1958-03-08','681630460','623811124','8511 Arkansas Center','325122','Bosnia and Herzegovina','Donja Mahala','Belarus','Gomel','455 Comanche Road','997088'),(4040,'Cunégonde','Martelet','Barclay','1968-12-20','206023884','797750090','31 Spaight Junction','847131','United States','Daytona Beach','Philippines','Tabug','26629 Monument Crossing','727580'),(4041,'Marie-françoise','Benyon','Hastings','1953-02-08','502070617','554801311','42363 Laurel Hill','399131','Thailand','Bang Rakam','Kenya','Konza','197 Rieder Street','692641'),(4042,'Yè','Haizelden','Fletch','1957-09-04','622381542','671239588','55213 Heath Drive','569167','Thailand','Amnat Charoen','Russia','Ostashkov','9 Esker Hill','491999'),(4043,'Lóng','Burchell','Aylmer','1970-04-11','952655634','852915268','28 Milwaukee Trail','254569','Brazil','Ijuí','China','Yangmaogong','01706 Eagle Crest Drive','207994'),(4044,'Stéphanie','Sivorn','Aldus','1960-05-04','168124081','831150939','4169 Continental Plaza','83035','Japan','Ōno-hara','China','Fangli','28 Village Green Hill','125111'),(4045,'Stévina','Goodinson','Louie','1981-04-16','477035215','810413749','0328 Golf View Street','499328','Latvia','Varakļāni','China','Nanchangshan','87 Westport Lane','429487'),(4046,'Laïla','McGebenay','Horace','1999-03-21','508441599','237487335','855 Portage Plaza','684297','Maldives','Meedhoo','Ivory Coast','Biankouma','839 Blaine Terrace','202390'),(4047,'Estée','Newlyn','Elliott','1950-01-30','147762039','793516936','7332 Weeping Birch Lane','320287','Indonesia','Cirompang','Indonesia','Kendayakan','07322 Lindbergh Center','40787'),(4048,'Mårten','Swendell','Link','1996-08-29','920825085','946363810','5526 Hoepker Plaza','995666','China','Simao','Guatemala','Santa Clara La Laguna','3352 Main Circle','469823'),(4049,'Kévina','Kenward','Salmon','1984-10-03','466011367','701845085','723 Harper Hill','993740','Philippines','Ronda','Pakistan','Bārkhān','2809 Bartelt Trail','705652'),(4050,'Inès','Mabbot','Tore','2005-05-28','186413723','474846701','4938 Huxley Alley','178457','Indonesia','Talagasari','China','Haitang','53851 Manufacturers Place','242398'),(4051,'Vénus','Gregor','Baudoin','1957-11-25','977687806','752564070','079 Loeprich Crossing','78681','Nicaragua','Estelí','China','Chengbei','06633 Armistice Way','230683'),(4052,'Maëlyss','Norville','Rodolphe','1965-05-11','725249426','902714296','2 Walton Parkway','818258','Indonesia','Balesari','Philippines','Aguisan','52305 Larry Way','570901'),(4053,'Aloïs','Bedwell','Wat','1965-04-08','901947391','586455028','3 Merrick Crossing','823545','Jordan','Kafr Sawm','Uruguay','Palmitas','25849 Paget Way','525077'),(4054,'Pénélope','Maulin','See','1972-10-28','106777519','846433660','496 Portage Alley','864259','Poland','Golina','Indonesia','Kaom','602 Kim Point','457200'),(4055,'Mén','Van Bruggen','Carlo','1982-12-08','775478116','817659447','643 Namekagon Lane','899473','Azerbaijan','Çobansığnaq','China','Huangduobu','54708 Sunnyside Plaza','62236'),(4056,'Miléna','Rainforth','Valentijn','1960-06-28','952839632','530122236','798 Meadow Ridge Court','761592','Uzbekistan','Fergana','United States','Washington','9 Algoma Trail','207212'),(4057,'Eléa','Albro','Derward','2001-04-26','197981065','173248654','21790 Loftsgordon Park','443096','Sweden','Ludvika','Pakistan','Khairpur Nathan Shāh','55 Kim Hill','892792'),(4058,'Bénédicte','McTerrelly','Nathaniel','1979-09-16','621008877','921547326','59703 Ridge Oak Street','115688','Guinea','Tokonou','Indonesia','Palangan','2684 Bartelt Circle','140031'),(4059,'Cléopatre','Maystone','Forrester','1973-08-14','651013367','548073128','38658 Green Ridge Parkway','773885','Brazil','Pires do Rio','Russia','Krasnyye Chetai','4 2nd Court','335670'),(4060,'Maïté','Prisk','Dagny','1955-04-21','559774205','583588708','45083 Little Fleur Alley','381368','China','Mingyihe','Tunisia','Majāz al Bāb','4509 Dayton Plaza','411855'),(4061,'Göran','Klimashevich','Tobin','1972-06-18','920680321','606658061','073 Orin Pass','313239','Norway','Alta','Portugal','Peso da Régua','2823 Stephen Street','447469'),(4062,'Mahélie','Elston','Errick','1986-08-18','837187405','936134655','82 Maryland Street','857538','China','Puyuan','Indonesia','Lamalewar','4101 Northridge Way','277636'),(4063,'Anaël','Djurisic','Lowe','1997-03-23','944386520','881985027','51 Northport Trail','767087','Gambia','Karantaba','Portugal','Fonte da Aldeia','43521 Katie Plaza','633321'),(4064,'Ráo','Toby','Siward','1961-06-02','986118920','886036960','71403 Sherman Way','437382','Germany','Berlin','Sweden','Sölvesborg','79743 Utah Street','753998'),(4065,'Erwéi','Ketteringham','Maurise','1989-08-26','210196760','428067594','9102 Veith Plaza','539144','Spain','Valencia','Bosnia and Herzegovina','Vareš','6 Anzinger Terrace','61149'),(4066,'Laurélie','Pouck','Willy','1977-12-23','133205253','161825904','91004 Ridgeview Trail','35613','Indonesia','Wolofeo','China','Daitou','0 Utah Point','195463'),(4067,'Eléa','Perott','Lawry','1986-04-01','902284686','588173328','5 Debra Lane','691484','France','Tourcoing','United States','Cedar Rapids','375 Summer Ridge Place','889543'),(4068,'Liè','Lownie','Jory','1955-01-02','842914952','753918799','63 Aberg Avenue','489675','Philippines','San Pedro','Portugal','Capela','56333 Golf Course Court','126282'),(4069,'Andréa','Atter','Padraig','1956-07-12','260946080','597030808','0 Killdeer Junction','859224','South Africa','Claremont','Poland','Bukowiec','10 Sauthoff Junction','933841'),(4070,'Camélia','Huggons','Kim','1988-02-05','136159343','625632022','681 Grim Trail','214533','Germany','Braunschweig','Philippines','Timpas','946 Kings Court','501283'),(4071,'Océane','Tevelov','Obidiah','1974-04-11','550250788','712225196','8454 Michigan Plaza','732024','Yemen','Jawl al Majma‘','Japan','Anan','45578 Leroy Hill','364231'),(4072,'Cléopatre','Conichie','Alexis','1994-09-21','660344382','395541799','9 Acker Plaza','470755','China','Xiaocheng','Sweden','Vikbolandet','25026 Charing Cross Crossing','727477'),(4073,'Bécassine','Witch','Reed','1997-09-11','993240210','656500706','21 Scofield Parkway','143547','France','Boulogne-Billancourt','Poland','Stopnica','70 Swallow Court','58525'),(4074,'Daphnée','Beckingham','Roderich','2003-09-06','589783363','654917606','7882 Meadow Ridge Plaza','485949','Peru','Putina','Russia','Novocherkassk','341 Farwell Drive','178616'),(4075,'Loïca','Sigsworth','Orion','1990-03-13','998323615','355870831','815 Shopko Pass','80738','Portugal','Macinhata da Seixa','Colombia','Puerto Rico','74916 Schurz Junction','286524'),(4076,'Josée','Bardnam','Algernon','1980-09-08','674509299','537670115','55 Lake View Place','771669','China','Chengbei','Brazil','Cajati','94526 Marquette Circle','614600'),(4077,'Méghane','Segrott','Denver','1951-11-30','751310950','908475580','836 Westport Plaza','798616','Czech Republic','Postřelmov','Peru','Colcabamba','075 Ridge Oak Center','49477'),(4078,'Styrbjörn','Egan','Cal','1998-06-04','723059429','336011199','08 Schurz Place','416262','China','Zhantang','Indonesia','Gading','13 Westerfield Junction','459715'),(4079,'Gisèle','Barracks','Alair','1989-07-20','319604282','823884647','91 Truax Court','804718','China','Anle','Nigeria','Gashua','2602 Paget Plaza','801725'),(4080,'Méthode','Oakeby','Araldo','2004-12-13','529161490','549534977','80774 Oneill Circle','781275','Colombia','San Luis','China','Moxi','24 Messerschmidt Drive','240885'),(4081,'Angèle','Clementson','Herculie','1973-12-27','922367151','971950007','9 Crest Line Terrace','582188','Indonesia','Grujugan','Ecuador','Atuntaqui','323 Delaware Plaza','800980'),(4082,'Salomé','Girhard','Keelby','1961-02-08','934236139','737392534','14 Grayhawk Alley','565618','Italy','Laspezia','Czech Republic','Kyjov','35 West Terrace','72579'),(4083,'Léane','Burleton','Benedicto','1967-05-04','140354048','340892614','0 Fallview Drive','715445','China','Sanjiazi','Syria','As Sawdā','08431 Birchwood Lane','205497'),(4084,'Noémie','Serman','Conrade','1954-01-05','445508826','565336667','8499 3rd Lane','372461','Syria','Ar Rawḑah','Thailand','Mae Wang','2744 Arrowood Road','678936'),(4085,'Eléonore','Senter','Quillan','1964-03-23','183095717','587921866','1 Nancy Hill','889908','Azerbaijan','Nardaran','Argentina','Morrison','53918 Scoville Alley','36377'),(4086,'Liè','Insko','Theodore','1962-03-31','992374621','293669937','620 Stuart Alley','529144','Indonesia','Widorokandang','Peru','San Marcos','15 Corry Center','147561'),(4087,'Régine','Mantz','Cullen','1950-07-04','158039794','985364318','6059 Stoughton Place','683728','Indonesia','Timba Lauk','China','Xianghuaqiao','499 Hudson Court','288847'),(4088,'Méthode','Whitmarsh','Thibaud','1956-11-01','798764326','712009126','90 Packers Circle','791092','Sweden','Motala','Iceland','Neskaupstaður','12541 Ohio Circle','166793'),(4089,'Marie-josée','Czajkowski','Murvyn','1985-10-24','336330617','616505685','30 Mariners Cove Street','799878','United States','Chicago','China','Jinluo','9 Elgar Point','782174'),(4090,'Mélanie','Enoch','Ashby','1978-01-30','908940131','323044241','91 Everett Center','669692','Tanzania','Sirari','Serbia','Banatsko Karađorđevo','28038 Tomscot Pass','876935'),(4091,'Méline','Gavrieli','Elwin','1962-05-23','156728122','661874155','26 Cambridge Place','266052','Russia','Kizlyar','Lithuania','Jieznas','36 Kensington Way','92713'),(4092,'Chloé','Archbutt','Vic','1978-07-07','485547039','564692052','2 Oak Valley Trail','899496','Thailand','Ko Chan','Armenia','Gogaran','8706 Victoria Circle','389487'),(4093,'Yè','Collinwood','Norbie','1959-04-20','643995521','446056477','17 Farragut Hill','70746','Portugal','Gandra','China','Nanling','000 Di Loreto Trail','612433'),(4094,'Eléa','Burcher','Dallas','2000-05-08','680286224','791531652','56863 Sunbrook Pass','534936','Indonesia','Talagasari','Colombia','Dagua','65787 Linden Place','949432'),(4095,'Inès','Ashingden','Errol','2004-12-05','638155990','889091203','46 Debra Alley','964494','Japan','Neyagawa','Colombia','La Unión','28347 Ohio Avenue','244397'),(4096,'Åslög','Christoffels','Dana','1999-09-25','105804930','854047797','929 Fisk Lane','916832','France','Villeneuve-la-Garenne','Russia','Velikooktyabr’skiy','706 Ramsey Trail','761075'),(4097,'Anaëlle','Whitehead','Salem','2003-06-01','403283328','641840453','032 Graceland Terrace','237179','Czech Republic','Staré Město','Poland','Lanckorona','5 Elka Way','292499'),(4098,'Bérénice','Andreix','Matthias','1999-03-02','162521456','617417745','3 Packers Avenue','31756','Malawi','Mzimba','Philippines','Prosperidad','02818 Kropf Circle','185181'),(4099,'Gaétane','Grinyakin','Louie','1984-11-16','915734997','565894476','6515 Dahle Terrace','318048','Mexico','Lazaro Cardenas','Brazil','Mauá','72 Hagan Place','917362'),(4100,'Maëly','Dumingo','Terence','1951-03-12','155469054','472056894','4945 Mosinee Hill','93374','China','Yong’an','China','Hedi','6621 Grim Parkway','810082'),(4101,'Angélique','Andryushin','Jock','1969-07-28','191980306','634397223','8 Bluejay Street','432979','Moldova','Ciorescu','Brazil','Cajueiro','506 Union Plaza','63465'),(4102,'Solène','Riddall','Stavro','1997-07-12','274585223','748821028','60035 Dorton Junction','859167','Kazakhstan','Kokshetau','Mongolia','Altanbulag','66313 Vidon Court','22478'),(4103,'Eloïse','MacElholm','Tully','1988-08-23','371191188','344991700','81 Harbort Alley','94061','Japan','Yatsushiro','Philippines','Malasila','0533 Little Fleur Road','182620'),(4104,'Mégane','Gilcriest','Francklin','1953-03-24','514281136','245822212','78 Bashford Circle','743316','China','Qingyang','South Africa','Pampierstad','836 Magdeline Trail','876622'),(4105,'Lauréna','Attfield','Thorvald','1969-07-03','323217657','640162452','2 Welch Point','282041','Ghana','Prestea','Honduras','La Jutosa','450 Schlimgen Circle','294949'),(4106,'Garçon','Garmston','Silvain','1971-12-14','792130313','315343272','4 American Ash Drive','673049','China','Hongshan','Brazil','Conde','639 Macpherson Way','94250'),(4107,'Chloé','Feige','Reagen','1973-05-06','698309696','776447844','1258 Northridge Plaza','283718','Vietnam','Thủ Thừa','Honduras','San José de Río Tinto','549 Drewry Pass','706979'),(4108,'Kévina','Wallbridge','Nelson','1973-06-17','293904766','983514662','7493 Monica Place','735436','China','Xidoupu','Serbia','Novi Sad','0596 Bellgrove Pass','354180'),(4109,'Léonore','Cunrado','Lanie','1990-04-07','931474212','136887235','8 Main Hill','484115','China','Huomachong','Czech Republic','Rajhrad','552 Sunbrook Lane','717849'),(4110,'Mélys','Rampton','Bartolomeo','1964-12-02','404728317','110057084','5 Fallview Terrace','886926','Indonesia','Goge','Brazil','Taubaté','3 Morningstar Street','888383'),(4111,'Erwéi','Feilden','Mata','1960-08-21','545092094','340464679','0 Brown Center','570501','France','Nantes','Russia','Baltiysk','796 Nova Alley','143739'),(4112,'Dù','Gymblett','Jerrold','1961-04-26','865544793','696647896','4359 Mockingbird Alley','459190','China','Tadou','China','Su’ao','93454 Banding Park','45120'),(4113,'André','Osban','Lion','1999-07-31','749428957','707006255','43 Susan Way','590439','China','Yangchun','Indonesia','Talangbetutu','4985 Hansons Street','829206'),(4114,'Camélia','Brea','Mendel','1988-04-09','117258366','889262648','7888 Algoma Trail','557669','Japan','Saijō','Philippines','Cabiguan','11874 Katie Road','601009'),(4115,'Lyséa','Soper','Templeton','2005-03-25','593508042','835996907','8 Westridge Lane','383862','Indonesia','Aegela','China','Majiang','37127 South Hill','156047'),(4116,'Sélène','Bodker','Darnell','2002-06-15','413996453','488870938','023 Amoth Plaza','537757','Indonesia','Karangtalun','Indonesia','Bulupayung','8777 Vera Park','426729'),(4117,'Aí','Stuchburie','Vlad','1974-02-24','149603940','454171327','021 Mockingbird Alley','740548','Brazil','Barretos','Indonesia','Laau','6 Atwood Plaza','905484'),(4118,'Nuó','Davydoch','Armstrong','2003-12-20','941899986','935744304','656 Badeau Plaza','121486','Kazakhstan','Timiryazevo','Zimbabwe','Mount Darwin','5 Canary Avenue','790800'),(4119,'Méryl','Westmorland','Yancy','1993-12-15','578602062','595983902','18 Lotheville Road','141791','Palestinian Territory','Rūjayb','Sweden','Gränna','136 Superior Way','815410'),(4120,'Nadège','Heugh','Rossie','1966-06-04','391112566','798860978','2287 Di Loreto Parkway','784883','Brazil','Guaraciaba do Norte','Nicaragua','Rama','5 Oxford Point','309246'),(4121,'Kévina','Harrington','Bendick','1980-04-11','268390276','546820568','9900 Muir Alley','499738','Russia','Kurumkan','Indonesia','Ngurenrejo','4 Hermina Alley','262623'),(4122,'Françoise','Crees','Jeno','1992-11-26','274290915','375183817','2 Warbler Alley','22576','Greece','Akriní','China','Niejiahe','8 Crowley Terrace','163781'),(4123,'Tú','Tidball','Sigismund','1991-05-31','574600938','780392736','45223 Johnson Hill','165208','Syria','Al Mayādīn','China','Datun','3863 Loeprich Avenue','150850'),(4124,'Maï','Camock','Delmer','1984-03-17','883480442','299502513','9878 Spaight Road','378599','Indonesia','Malo','Indonesia','Kebon Tengah','45733 Michigan Street','227330'),(4125,'Åke','Lerven','Germayne','1957-01-02','616691204','660473560','1044 Carpenter Park','376227','Russia','Meget','Thailand','Cho-airong','24 Forster Drive','223632'),(4126,'Kallisté','Vel','Cecil','1993-10-08','208790253','766013159','88 Emmet Court','407918','Russia','Kholmsk','China','Youchou','180 Melody Way','249490'),(4127,'Geneviève','Milliken','Galen','2000-07-13','688344102','785382417','2299 Oak Road','124125','China','Chadian','China','Xiangxiang','4862 Boyd Park','523449'),(4128,'Loïca','Masseo','Slade','2000-07-28','373568510','476166739','72265 Paget Hill','788085','Armenia','Abovyan','Lebanon','Jezzîne','1433 5th Pass','644885'),(4129,'Clémentine','Matveiko','Darnell','1953-02-08','563030398','979478957','763 Boyd Crossing','979541','Poland','Grojec','China','Huchang','1071 Nobel Crossing','854286'),(4130,'Aurélie','Catlow','Lewiss','2000-10-17','979150735','949268950','19266 Tennessee Lane','998455','Sri Lanka','Gampola','China','Tangzi','5432 Monument Road','777439'),(4131,'Léana','Rubinow','Ax','1953-06-10','875457793','408774582','97 Lunder Pass','349685','Poland','Imielin','Indonesia','Maredakamau','4905 Eagan Trail','910469'),(4132,'Léandre','Loblie','Leonhard','1970-02-15','321578725','751527424','14904 Mosinee Avenue','226742','Afghanistan','Khadīr','China','Hetan','7647 Marquette Way','352236'),(4133,'Léana','Lavielle','Hamilton','1969-06-01','980864317','600231698','7 Ruskin Terrace','251931','Sri Lanka','Anuradhapura','Finland','Karvia','540 Manitowish Avenue','457421'),(4134,'Simplifiés','Sherrock','Westbrooke','1971-02-03','715823304','227768587','4643 Crownhardt Place','365252','Guatemala','Pasaco','Indonesia','Cibeusi','81 Lighthouse Bay Trail','522722'),(4135,'Bérénice','Ilyasov','Byrann','1987-07-12','913075674','182389223','74 Gulseth Place','15314','Philippines','Lourdes','Peru','Ihuari','4613 Victoria Way','814124'),(4136,'Publicité','Coverly','Edd','2003-05-31','895702239','573819990','868 Mockingbird Avenue','672355','China','Benniu','Uzbekistan','Bŭka','696 Roxbury Avenue','734094'),(4137,'Néhémie','Booeln','Udell','1990-09-17','470505169','178366286','249 Darwin Drive','616010','Croatia','Piškorevci','Russia','Partizan','9 Kennedy Parkway','631654'),(4138,'Cinéma','Burkitt','Brand','1959-03-27','713895628','628711223','32703 Bunker Hill Court','419423','Bosnia and Herzegovina','Donja Dubica','Pakistan','Mātli','19542 Pleasure Way','619314'),(4139,'Audréanne','Bouller','Antonino','1967-12-18','697065502','233307740','66197 Sheridan Plaza','617128','Russia','Shirokovskiy','Indonesia','Marabahan','440 Dawn Alley','463318'),(4140,'Agnès','McCarly','Mack','1994-06-05','927727097','440032478','36 Thackeray Park','185209','Sweden','Solna','China','Youhao','8302 Carioca Place','42395'),(4141,'Maéna','Oxbe','Tymon','1950-06-18','514999536','307916519','7 Bellgrove Trail','699171','Albania','Iballë','Indonesia','Bobojong','704 Nobel Parkway','793753'),(4142,'Måns','Elener','Ange','1987-02-14','420077586','411220211','34925 Rigney Trail','423419','Uganda','Moroto','Russia','Zhulebino','16507 Arapahoe Point','711219'),(4143,'Lài','Dillingston','Berk','2001-09-30','712566539','421622994','7088 Milwaukee Place','642538','Russia','Bizhbulyak','Brazil','Bom Jesus da Lapa','19545 Bashford Road','715254'),(4144,'Rébecca','Chappelow','Robinet','1987-12-23','879249723','352269049','3682 Merchant Drive','229553','Israel','Maghār','China','Longtang','53 Fieldstone Circle','199710'),(4145,'Gisèle','Jakov','Christophe','1998-03-19','290297480','514153785','34844 Monica Court','364171','Portugal','Amieira','Brazil','Macapá','92230 Melrose Terrace','326539'),(4146,'Stéphanie','McCleod','Tracey','1979-03-14','361775737','676086608','8249 Maple Parkway','828599','Japan','Tsuma','Philippines','Santa Rita Aplaya','6856 Melody Park','474754'),(4147,'Bérengère','Pietrzak','Forrester','1960-07-30','758978432','453844133','69377 Buena Vista Plaza','995692','Ivory Coast','Soubré','Indonesia','Sumberjo','477 3rd Way','572763'),(4148,'Anaé','Gerault','Pearce','1977-09-27','781226459','880621674','35487 Linden Street','151302','Serbia','Radojevo','Indonesia','Sukarama','76 Thierer Pass','230702'),(4149,'Mylène','Merioth','Sinclare','2000-11-04','787473595','152552297','97 Esch Park','322931','China','Shanhou','Portugal','Pontes','8560 Brickson Park Hill','824391'),(4150,'Maï','Bentall','Melvyn','1996-10-05','879261854','111917522','85 Larry Place','685352','Poland','Stara Kornica','South Africa','Modderfontein','1 Prentice Place','347343'),(4151,'Laurélie','Flexman','Merry','2000-01-17','417596576','190612502','57029 Merchant Way','475425','Brazil','Tabatinga','Philippines','De la Paz','52 Browning Trail','777358'),(4152,'Yénora','Abbatucci','Khalil','1955-08-08','139723335','593796487','210 West Hill','49604','Maldives','Open Stage','France','Paris 06','044 Eliot Plaza','53284'),(4153,'Yè','Kolyagin','Merv','1994-08-20','659550444','673572762','1 Lighthouse Bay Hill','38010','Palau','Tobi Village','Denmark','Frederiksberg','51871 Tennyson Road','41583'),(4154,'Audréanne','Bending','Reg','1985-08-22','746418575','487806717','3756 Dexter Street','784045','Nigeria','Tokombere','China','Jianshan','85710 Bobwhite Way','661501'),(4155,'Anaëlle','Domico','Andrej','1971-01-12','759388015','974679547','87 Vahlen Place','957289','Sweden','Göteborg','Croatia','Jezerce','72 Norway Maple Park','200716'),(4156,'Yóu','Notman','Welby','1993-04-12','479925047','312055191','37702 Mcguire Pass','566185','Kenya','Nakuru','Portugal','Tomar','280 Prentice Hill','146049'),(4157,'Inès','Seely','Gray','1997-09-18','561436764','266265716','19837 Haas Road','342347','China','Xuexi','Serbia','Kruševac','0048 Heath Junction','886853'),(4158,'Andrée','Llywarch','Ange','1977-06-20','839507718','567318253','78 4th Road','532273','United States','Arlington','Portugal','Tentúgal','571 Pine View Court','442702'),(4159,'Léonie','Evenett','Addison','1951-06-09','596096107','422006253','365 Heath Point','425361','Nigeria','Obudu','Tanzania','Mbumi','74136 Schlimgen Lane','178197'),(4160,'Marie-thérèse','Middlebrook','Lauritz','1994-12-16','816389262','591048834','395 Carey Way','682863','Czech Republic','Trhové Sviny','Indonesia','Lakbok','68861 Blaine Avenue','449386'),(4161,'Marie-josée','Royce','Noach','1978-04-06','166930796','507918478','45 Kedzie Circle','945641','Nicaragua','Las Sabanas','Greece','Oinófyta','2 Blaine Hill','647677'),(4162,'Eugénie','Beaney','Cart','1992-05-11','124691419','534574397','9 Manley Avenue','129117','Sri Lanka','Negombo','Chile','Pucón','5 Mcbride Way','640803'),(4163,'Gaëlle','Hacquard','Warner','1983-03-03','946661434','997976242','4861 Leroy Street','245074','Indonesia','Sumberbakti','Indonesia','Panunggangan','477 Basil Avenue','58652'),(4164,'Yú','Aspy','Burke','1983-12-07','623934451','319287038','3589 Hanover Pass','918328','Germany','Berlin','Russia','Manzurka','935 Weeping Birch Drive','314823'),(4165,'Aloïs','Luety','Armstrong','1997-09-26','899523551','459613594','73 Mallard Road','577357','Albania','Rukaj','Philippines','Carusucan','2 Bowman Avenue','430291'),(4166,'Françoise','Brodnecke','Rocky','1962-10-06','954087981','365744224','356 Forest Run Avenue','220266','Philippines','Santa Cruz','Poland','Szczytno','650 Old Shore Circle','423703'),(4167,'Mégane','Santus','Thorny','1983-10-05','196961041','779788786','497 Express Circle','318459','Russia','Myski','China','Qinglin','43631 Logan Hill','119856'),(4168,'Maéna','Jaquest','Aguistin','1975-10-30','353790269','262537744','0 Hovde Avenue','13894','Macedonia','Pršovce','Armenia','Musalerr','44 Brickson Park Terrace','458076'),(4169,'Simplifiés','Dewitt','Jonas','1987-03-09','441957700','629190447','478 Beilfuss Terrace','748521','China','Hebu','Sweden','Bandhagen','94740 Aberg Lane','727988'),(4170,'Athéna','Moye','Mackenzie','1995-02-26','588929255','891462368','9625 Bellgrove Hill','880532','China','Fengcheng','Indonesia','Kore','43 Sheridan Court','735039'),(4171,'Magdalène','Moy','Porter','2004-05-23','430254228','828407286','20 Trailsway Lane','326208','China','Wenfang','Colombia','Granada','506 Granby Hill','293527'),(4172,'André','Wigfield','Harley','1950-06-29','710755755','321573152','14369 Sunbrook Place','694149','Russia','Rossosh’','China','Wangcheng','96562 Buhler Drive','634468'),(4173,'Naéva','Yezafovich','Morie','2002-06-10','941676427','897422672','72 Stang Way','132534','Russia','Shaami-Yurt','Indonesia','Sukonolo Krajan','1 Old Shore Pass','387759'),(4174,'Mén','Nassy','Samuele','2005-08-21','687390320','544382084','2 Lakewood Drive','331391','Philippines','Palanas','Peru','Buenos Aires','9 Caliangt Plaza','598654'),(4175,'Loïs','Klejna','Bastian','1990-03-08','278279121','853903530','392 Emmet Alley','397697','China','Wufu','Indonesia','Neundeut','2 Mesta Hill','752970'),(4176,'André','Harry','Giles','1951-03-16','649512900','423583886','6281 Loeprich Park','67077','Greece','Sidirókastro','Sweden','Västerås','4 Mandrake Road','561083'),(4177,'Médiamass','Lockitt','Danny','1955-07-07','784852416','321699530','63793 Truax Point','119112','Indonesia','Cermee','United States','Washington','4 Forster Street','803634'),(4178,'Réjane','Toor','Nealon','1972-09-03','222995843','858391507','45637 Buena Vista Junction','191300','Philippines','Communal','New Zealand','Timaru','8 Sunbrook Point','861700'),(4179,'Maïwenn','Leades','Grange','2001-11-14','744814329','793645850','4939 Elmside Plaza','452542','China','Songnan','China','Gonghe','78 Corscot Alley','247174'),(4180,'Maëly','Jezard','Reuven','1978-08-18','439031599','632945191','7240 Vermont Lane','678199','Brazil','Caçador','China','Qutun','38 Veith Parkway','206315'),(4181,'Irène','Shackell','Husein','1967-02-13','313664841','835328027','23 Fallview Hill','704825','Russia','Kolyvan’','Czech Republic','Chyšky','56597 Basil Circle','390959'),(4182,'Océanne','Scase','Charlie','1999-07-20','427482811','595825966','547 Daystar Junction','660111','Sierra Leone','Seidu','Namibia','Maltahöhe','3 Laurel Court','49010'),(4183,'Amélie','Byham','Eugenio','1961-03-19','729407174','202903377','0478 Karstens Center','638188','China','Yingchengzi','Russia','Novogurovskiy','4 Holy Cross Junction','53911'),(4184,'Thérèse','Schanke','Fonz','1967-03-22','753738043','536242856','81088 Golf View Circle','847496','Japan','Marugame','Ireland','Killorglin','12885 Eliot Trail','929924'),(4185,'Marlène','Berth','Giacomo','1953-07-21','318900121','308377336','3057 Larry Hill','341027','Indonesia','Sukarama','Kyrgyzstan','Ala-Buka','123 Gina Alley','655637'),(4186,'Alizée','Dimsdale','Johan','1997-07-08','634478867','446616204','9 Gateway Center','344323','Chile','Chonchi','China','Xibu','78715 Everett Plaza','926404'),(4187,'Desirée','Derdes','Heindrick','1950-05-15','211205394','922089000','24468 Golden Leaf Trail','409273','Sweden','Göteborg','Brazil','Santa Inês','6 Miller Circle','433363'),(4188,'Aí','Lennon','Hobie','2003-10-21','181126947','760783853','04994 Harbort Plaza','666205','Czech Republic','Jablonec nad Nisou','Thailand','Bang Rakam','19 Cottonwood Court','289439'),(4189,'Thérèse','Stroband','Alley','1958-10-12','201486733','882870950','73 Claremont Road','652190','Japan','Hasuda','Russia','Antipino','25137 Northfield Junction','536782'),(4190,'Maëly','Arnoult','Kip','1950-07-27','413840093','735677368','85688 Onsgard Parkway','15192','Ukraine','Balakliya','Indonesia','Pacar','43376 Eagan Court','582375'),(4191,'Vérane','Niccolls','Harrison','1982-11-01','625977598','327870117','370 Oak Valley Circle','274434','Indonesia','Tenjolaya','Honduras','El Rancho','4 School Circle','295624'),(4192,'Åke','Filpo','Abeu','1955-09-15','116920471','456505942','5 High Crossing Drive','420367','China','Yinxi','China','Liuji','476 Dixon Crossing','755599'),(4193,'Véronique','Koppes','Oswald','1960-02-07','434400196','285901990','69 Del Sol Road','201872','Portugal','Bairro do Margaça','Portugal','Santa Maria Oliveira','16 Grover Hill','244297'),(4194,'Göran','Edwardes','Hadley','1959-07-03','140472455','594902404','60305 Pine View Circle','375022','China','Shuanggang','Ethiopia','Deder','45501 Chinook Street','477177'),(4195,'Maëlle','Jacomb','Alberik','1953-07-23','713857095','718655372','4 Gina Court','946044','Estonia','Uuemõisa','China','Golug','36 Cascade Street','899057'),(4196,'Léandre','Malser','Lorant','2001-04-24','400522834','166464111','949 Artisan Point','905979','Pakistan','Garhi Yāsīn','Ecuador','Catamayo','25813 Almo Plaza','71471'),(4197,'Eléonore','Rackstraw','Gonzales','1983-03-31','312707078','548157942','60 West Place','737632','Indonesia','Cikandang','Indonesia','Citampian','21 Ramsey Court','714470'),(4198,'Maëlys','Plascott','Herschel','1961-11-02','558429915','706658670','3259 Sunnyside Center','665645','Madagascar','Antanifotsy','China','Dongming','0841 Park Meadow Place','930525'),(4199,'Joséphine','Skudder','Rockwell','1970-04-25','357639567','686155717','8 Shasta Terrace','16593','Portugal','Pomar','France','La Roche-sur-Yon','0200 Atwood Drive','702355'),(4200,'Intéressant','Goring','Arlen','1992-06-10','794043458','614009981','95693 Cardinal Drive','720706','Ukraine','Yampil’','Ecuador','Catamayo','26 Dapin Point','392491'),(4201,'Hélèna','Innett','Haley','1958-03-15','880839678','175380200','918 Weeping Birch Trail','848349','Mexico','Vista Hermosa','Switzerland','Bern','0 Weeping Birch Plaza','715990'),(4202,'Cécilia','Nutkin','Frasquito','1964-09-18','997669802','787954179','93 Anhalt Road','563950','China','Hengjian','Indonesia','Duang','34327 West Center','261224'),(4203,'Märta','McKeon','Gallard','1986-04-03','700053360','196846672','131 Westend Parkway','950105','Colombia','Patía','Indonesia','Leran Wetan','7 Mccormick Avenue','835308'),(4204,'Clémentine','Birchner','Natale','1991-01-22','858564431','435258117','536 Commercial Alley','513599','Palestinian Territory','Bayt Sīrā','Ukraine','Voronkov','9120 Fulton Avenue','188317'),(4205,'Vérane','Swaffield','Chrissie','1972-05-31','400396589','353155817','93046 Bayside Way','409005','Thailand','Tamot','China','Hantai','665 Carpenter Junction','914919'),(4206,'Östen','MacDowall','Nollie','1958-11-17','634281788','784485985','13225 Morrow Point','55559','Brazil','Paiçandu','Peru','Mache','42704 Swallow Drive','649546'),(4207,'Réjane','Borlease','Gabie','1976-12-13','255141598','781008875','32728 Sutteridge Way','563223','Indonesia','Krajan','Panama','Mulatupo','7 Garrison Road','693681'),(4208,'Bérangère','Coleiro','Mathe','1959-04-23','659955824','926029075','96453 Springs Drive','305754','Russia','Demyansk','Indonesia','Gatak','765 Toban Point','410278'),(4209,'Chloé','Wellan','Brennan','1987-03-26','325708611','468016883','13648 Golf Course Point','353570','Indonesia','Paledang','Indonesia','Sinarharapan','97551 Laurel Circle','775137'),(4210,'Maïly','Chiese','Fee','1997-12-13','478064272','913519067','05083 Meadow Valley Parkway','579621','Syria','Dārayyā','United States','Mesa','2220 International Alley','881511'),(4211,'Cunégonde','Tuckerman','Christoph','1988-11-27','758244824','596013663','40 Summit Trail','247231','Poland','Kazimierz Dolny','Gabon','Bitam','91 Waywood Parkway','88156'),(4212,'Cinéma','Robion','Claudian','1988-10-04','636375328','468305331','9552 Sutteridge Trail','568783','China','Cheban','Portugal','Calvão','3233 Vermont Junction','958478'),(4213,'Gaïa','Struan','Kyle','1955-09-19','910447628','920684136','157 Knutson Way','249932','Tanzania','Puma','Afghanistan','Paghmān','5562 Magdeline Court','674593'),(4214,'Torbjörn','Dionisii','Fabe','1998-05-19','442190182','266810294','30169 Hoepker Trail','905313','Sweden','Mullsjö','Russia','Orenburg','5 Eliot Trail','693108'),(4215,'Mélanie','Peidro','Irvin','2000-09-03','246886505','840096176','172 Manufacturers Crossing','11250','Poland','Zamarski','Yemen','Ar Rubū‘','9 Aberg Junction','529196'),(4216,'Marie-hélène','Yewdell','Graehme','1976-08-10','588814779','555608937','16 Jana Court','662124','Iran','Chenārān','Philippines','Pinaring','4556 Norway Maple Point','164918'),(4217,'Pénélope','Forman','Codi','1956-07-19','283990541','184173228','309 Ilene Parkway','792046','United States','Richmond','Russia','Naurskaya','67 Northport Hill','990146'),(4218,'Åsa','Mealiffe','Durand','1957-06-08','863920432','696595879','915 Packers Place','801802','Afghanistan','Chisht-e Sharīf','Philippines','Adela','088 Hanover Center','920175'),(4219,'Inès','Satford','Monroe','2005-01-02','626286434','842301726','510 Westerfield Terrace','174661','Argentina','Gálvez','France','Paris 10','61907 Anderson Crossing','211915'),(4220,'Maëly','Acock','Sammy','1968-03-24','831144786','135475504','824 John Wall Center','878257','China','Zuogaimanma','Sudan','Al Fūlah','5450 Algoma Place','350754'),(4221,'Laïla','Ishaki','Yulma','1964-12-10','481075634','786598256','4526 Rockefeller Junction','96167','China','Huangcai','Poland','Chotcza','4 Grayhawk Street','876257'),(4222,'Dorothée','Benzies','Con','2003-07-28','766116568','680657755','3292 Rockefeller Plaza','552007','Brazil','Lagoa do Itaenga','Peru','Cajacay','35345 Corry Hill','759597'),(4223,'Dafnée','Streetley','Fleming','1963-04-13','969265157','199195532','7 Vahlen Park','556767','China','Xiangshan','Greece','Mikró Monastíri','5515 Northridge Parkway','600794'),(4224,'Néhémie','Jackson','Iver','1956-05-25','745080503','851994883','07228 Gateway Court','744944','Mauritius','Espérance Trébuchet','Zambia','Chambishi','010 Pankratz Parkway','815881'),(4225,'Maëlann','Ruston','Hodge','1990-06-24','361186022','849249045','5 Atwood Junction','690384','Sudan','Port Sudan','China','Xinchengzi','537 Morning Plaza','494105'),(4226,'Céline','Greenall','Sayres','1982-08-07','482492068','349299517','0 Thierer Avenue','615753','Honduras','Valle de Ángeles','Russia','Khomutovo','60 Main Lane','408287'),(4227,'Esbjörn','Blodgetts','Jared','1971-12-06','876446126','388236743','740 Morrow Drive','505988','Lithuania','Visaginas','Sweden','Kungälv','619 Sachs Alley','924123'),(4228,'Naëlle','Gritskov','Antonino','1966-09-25','390889889','941003018','77 Manufacturers Hill','297978','Brazil','Gavea','Poland','Kalwaria Zebrzydowska','477 Darwin Point','726405'),(4229,'Océane','Insull','Niles','2000-01-25','585765979','369335459','95 Evergreen Court','311443','Russia','Vol’sk','Russia','Kunashak','6700 Steensland Point','215464'),(4230,'Dù','Granville','Sherman','1995-08-02','584729716','473382314','972 Dunning Way','856459','Russia','Ostashkov','Brazil','Castelo','62060 Transport Hill','572362'),(4231,'Anaël','Annies','Rayner','1972-08-11','523395855','963698259','4 Dwight Junction','863178','Mongolia','Javhlant','Vietnam','Khánh Hải','7 Esker Court','225245'),(4232,'Yénora','Twinberrow','Rudy','1950-03-19','656323852','508298847','26151 Russell Alley','317482','Gabon','Bitam','Brazil','São Manuel','272 Westerfield Hill','762849'),(4233,'Méline','Briddock','Tobit','1997-12-20','330450308','531567482','2127 Clemons Court','57719','Indonesia','Karang Tengah','Indonesia','Natu','518 Boyd Plaza','41345'),(4234,'Béatrice','Kaplin','Holly','1975-01-13','140982790','713890695','6 Sachs Park','972120','Portugal','Tojal','Palestinian Territory','Baytā al Fawqā','37 Clemons Place','615154'),(4235,'Yóu','Phettiplace','Lucius','1958-09-18','129155307','807975704','5 Elgar Street','778793','Japan','Ebetsu','Thailand','Lom Kao','885 Namekagon Avenue','494649'),(4236,'Åsa','Jaegar','Phip','1997-05-19','457924603','672967064','73640 Hovde Pass','300260','Portugal','Vales','Peru','Pilpichaca','051 Acker Park','37626'),(4237,'Lucrèce','Duchart','Anderson','1985-02-20','618409788','593243102','1 Hovde Circle','38623','Philippines','Busay','Colombia','Arauquita','58 Victoria Circle','373698'),(4238,'Judicaël','De Paoli','Sigfrid','1983-04-07','539969740','379113512','627 Waywood Crossing','756438','Brazil','Bebedouro','Sweden','Bohus','187 Loeprich Drive','489748'),(4239,'André','Maggorini','Jude','1974-08-07','977171153','141365554','0616 Hazelcrest Junction','329828','Indonesia','Kertasari','Thailand','Wiang Chiang Rung','5459 Memorial Hill','417233'),(4240,'Sélène','Biaggetti','Ernie','1966-05-10','879214742','739957003','72 Southridge Plaza','912542','Brazil','Cabo','Indonesia','Cayur','241 Vahlen Alley','934334'),(4241,'Gisèle','Parrish','Marcel','1972-09-25','561058194','587210463','90525 Hanson Park','746397','South Korea','Gapyeong','Syria','Ar Rawḑah','5738 1st Road','574337'),(4242,'Yú','Bedboro','Adriano','1968-10-04','427302953','291624890','0 Jenifer Hill','976848','Portugal','Mina de São Domingos','Indonesia','Kalebun','70 Eastlawn Circle','686731'),(4243,'Dafnée','Howels','Iver','1961-02-14','942468248','843435374','529 Dennis Avenue','585749','Canada','Lacombe','France','Bordeaux','760 Goodland Court','243453'),(4244,'Rébecca','Pavlata','Valdemar','1999-12-03','865172788','932087989','8 Crescent Oaks Plaza','427995','China','Wujiashan','Russia','Myshkin','640 Farmco Place','346392'),(4245,'Mélanie','Bischoff','Davidson','1983-08-20','248869889','540322740','29811 Loftsgordon Point','82586','China','Heping','China','Xarag','07692 Melvin Plaza','910646'),(4246,'Judicaël','Shergill','Ricardo','1965-07-04','140940792','328770804','03 Crest Line Road','773052','Armenia','Myasnikyan','Albania','Gradishtë','0846 Monica Lane','903324'),(4247,'Cunégonde','Enden','Lovell','1964-10-10','965203379','291038457','6378 Hintze Terrace','822548','Armenia','Gyumri','China','Guangfu','583 Sachs Place','671187'),(4248,'Judicaël','Love','Merrick','1973-01-05','406784591','636037666','38176 Golf Course Road','765163','Uruguay','Vergara','Philippines','Naghalin','1 Drewry Alley','159598'),(4249,'Lucrèce','Joul','Willie','1956-05-21','116377748','184347240','7 Westport Center','346335','Serbia','Senta','Afghanistan','Qaram Qōl','6645 Vidon Trail','663573'),(4250,'Danièle','Edinboro','Mayor','2000-03-12','426100430','554475931','3063 Anhalt Park','922548','Portugal','Pontinha','China','Gaojingzhuang','898 Killdeer Point','179147'),(4251,'Gösta','L\'argent','Shurlocke','1975-10-02','261521357','938009329','2 Lindbergh Parkway','225876','China','Zhuli','Cyprus','Kissónerga','9 Namekagon Avenue','700829'),(4252,'Yú','Iowarch','Lance','1970-03-13','847936184','705782814','63 Fulton Place','177747','Poland','Dąbrowice','Russia','Gudermes','1350 Mosinee Junction','27509'),(4253,'Maïwenn','Bauldrey','Aurthur','1959-09-11','609527514','297466608','29 Vera Crossing','657715','Japan','Shimoda','Vietnam','Nghĩa Hành','592 Claremont Drive','284868'),(4254,'Irène','Creboe','Wheeler','1955-08-28','863120234','808146756','6296 Hanover Avenue','94393','Colombia','El Cairo','Chile','San Vicente','73940 Moulton Way','835153'),(4255,'Kù','Iwanowicz','Davidson','1994-09-20','478340636','347791952','6921 Blue Bill Park Crossing','523556','Russia','Smolyaninovo','China','Xinfengjie','6947 Rockefeller Crossing','26414'),(4256,'Alizée','Sawer','Oberon','1997-03-01','849803052','282429754','1 Kim Junction','865209','Japan','Tahara','Indonesia','Banjar Mambalkajanan','090 Laurel Park','509890'),(4257,'Maëlyss','Colicot','Peyter','1970-04-24','251580581','870408954','4 Lien Drive','394021','China','Hanban','Vietnam','Chợ Lầu','9347 Brickson Park Hill','905611'),(4258,'Clélia','Iacovini','Ellerey','1996-08-12','304914717','894234979','32 Macpherson Alley','346034','Brazil','Mafra','Albania','Mollas','029 Lake View Drive','796196'),(4259,'Tú','MacEntee','Avery','1962-01-22','366057132','454288068','559 Melody Pass','53343','China','Jiajiaying','Russia','Kolpashevo','7 Elmside Hill','627385'),(4260,'Gérald','Smitherman','Krishnah','1984-11-07','850918999','780263124','090 Moland Trail','818515','Brazil','Governador Valadares','Japan','Maizuru','82468 Tony Alley','256970'),(4261,'Danièle','Charlon','Scotty','1971-12-31','148248328','350047309','228 Hanover Court','866408','Mexico','San Rafael','Israel','Ramat Yishay','845 Crescent Oaks Drive','305987'),(4262,'Zhì','Woodwind','Tuck','1982-05-15','397294803','450842024','832 Farragut Court','40009','Indonesia','Kalimati','Nigeria','Nsukka','05977 Hazelcrest Hill','852434'),(4263,'Aimée','Nosworthy','Elston','1968-11-17','999299471','982632474','32 Goodland Plaza','199638','China','Bao’an','Brazil','Grajaú','73597 Vermont Trail','991975'),(4264,'Mélys','FitzGeorge','Gideon','1984-08-08','949889766','987594069','44 Laurel Alley','146591','Russia','Ust’-Donetskiy','Greece','Kyparissía','4344 Shopko Junction','829938'),(4265,'Gisèle','Thackwray','Abel','1970-04-02','581884332','993609573','76 Quincy Road','459612','Indonesia','Desa Borogojol','Russia','Krutinka','93 Northland Junction','155568'),(4266,'Mén','Symcox','Tally','1967-11-17','437095606','578982485','64219 Mallory Alley','395791','China','Lengkeng','China','Tuguanpu','51250 Brown Lane','331393'),(4267,'Mégane','Pitherick','Sylas','1997-08-20','246395439','748961779','81832 Ruskin Parkway','585176','China','Zhengyu','Hungary','Dunaújváros','261 Blaine Alley','401808'),(4268,'Maïté','Vickar','Patrizio','1990-09-30','488842619','217796021','0 Golf View Circle','427987','China','Beitou','Macedonia','Crnilište','0 Sutherland Avenue','556026'),(4269,'Maéna','Shevelin','Loren','2000-07-20','879774975','547577018','07551 Katie Avenue','150854','Malaysia','Kuantan','Zimbabwe','Masvingo','66148 Buhler Terrace','327905'),(4270,'Béatrice','Reasun','D\'arcy','1955-02-05','869356566','418094973','23378 Londonderry Drive','311777','Indonesia','Cikuya','Tanzania','Mtambile','5061 Park Meadow Lane','546715'),(4271,'Médiamass','Trubshaw','Janek','1965-04-06','753560812','522876233','74261 Maryland Pass','729359','Saudi Arabia','Qal‘at Bīshah','Russia','Ushumun','8107 Sundown Street','522967'),(4272,'Mélissandre','Hindmore','Charley','1953-05-07','278294925','621636420','631 Walton Crossing','148015','Indonesia','Kalepasan','Bulgaria','Kŭrdzhali','18 7th Street','460669'),(4273,'Marlène','Durrell','Dwain','1981-11-26','364237366','304777433','8787 Randy Lane','19361','Portugal','Labruge','Nigeria','Konduga','3 Gerald Crossing','983667'),(4274,'Börje','Gheerhaert','Cordie','1955-11-02','911901771','355685199','11134 Linden Pass','459784','Russia','Staryy Oskol','Portugal','Mozelos','4 Roth Drive','691147'),(4275,'Loïca','Jirzik','Craggy','1986-07-11','304103967','904871921','6 Center Street','814729','China','Xuetian','France','Guéret','70794 Thompson Pass','369577'),(4276,'Yénora','Dankov','Pepillo','1974-04-10','377031796','518886603','91745 Meadow Vale Circle','742395','Czech Republic','Otrokovice','France','Schirmeck','811 Buena Vista Junction','469879'),(4277,'Thérèse','Hiers','Harlin','1961-10-12','791344174','282097412','38432 Nobel Center','290025','Portugal','Besteiros','China','Wangcheng','2309 Tomscot Place','965458'),(4278,'Adélaïde','Piercy','Pen','1963-07-12','650334910','482706261','4206 Erie Park','747120','Indonesia','Sidomukti','Brazil','Paranavaí','3 Manitowish Alley','112890'),(4279,'Magdalène','Earpe','Benjamin','1997-02-02','448723832','592763262','2784 Anzinger Crossing','672150','Philippines','New Washington','Guam','Agana Heights Village','762 Straubel Terrace','106475'),(4280,'Ruì','Gunda','Timothee','1955-02-11','162194368','597624069','53 Darwin Avenue','577871','Indonesia','Datartua','Peru','Aricapampa','77462 Ruskin Trail','311947'),(4281,'Östen','Laurentin','Blayne','1957-03-17','527536396','579980084','8 Dorton Avenue','727708','Portugal','Murça','Uzbekistan','Beruniy','6 Hooker Junction','487112'),(4282,'Célia','Sulman','Dav','1957-05-10','783864618','732754444','27487 Straubel Avenue','76272','Mexico','Independencia','Philippines','Alegria','05054 Express Junction','84834'),(4283,'Angèle','Moisey','Herrick','1958-09-09','927812719','311453899','10086 Commercial Alley','957726','Finland','Lumijoki','China','Hexi','530 Algoma Alley','869441'),(4284,'Vénus','Mixon','Magnum','1981-10-03','879694169','212485613','773 Onsgard Center','349341','China','Jincun','Japan','Onoda','80 Lindbergh Road','327335'),(4285,'Liè','Heigho','Benedikt','1963-08-03','244666443','944427541','53 Larry Center','193381','Indonesia','Waso','Philippines','President Roxas','64 Jackson Plaza','760529'),(4286,'Angèle','Scrange','Adler','1977-08-24','288276383','272786054','079 Tennessee Hill','255705','China','Yaozhuang','Philippines','Lanas','047 Westport Alley','265793'),(4287,'Tú','Edgson','Gideon','2005-12-30','140398554','545533678','2 Spaight Point','900415','Saudi Arabia','Julayjilah','Indonesia','Banjar Pasekan','7 Hollow Ridge Terrace','128992'),(4288,'Adélie','Parlour','Bastian','1995-11-15','491783386','745607154','05 Buhler Plaza','313010','Russia','Ostrogozhsk','Japan','Kanuma','5120 Brickson Park Drive','17402'),(4289,'Desirée','Eglise','Maynord','1966-10-25','917849050','226571556','34732 Esker Lane','223071','Philippines','Mahaba','China','Biancheng','078 Debra Court','938493'),(4290,'Méryl','Freak','Cedric','1959-03-06','478000327','634684664','6050 Vernon Crossing','233725','Philippines','Mamali','Brazil','Paraty','4 Brown Hill','415126'),(4291,'Intéressant','Newick','Ibrahim','2002-04-29','243715620','196164080','3 Dorton Terrace','926530','Indonesia','Cinyawar','China','Jianshe','04 Melody Park','742800'),(4292,'Intéressant','Crathern','Emanuele','1997-11-16','806401388','319303779','248 Pankratz Way','360481','United States','Roanoke','China','Yangzizhou','8 Eliot Alley','544625'),(4293,'Gaétane','Arnoll','Gaspar','1967-01-19','998207348','982287045','84 Clemons Point','160026','Belarus','Kobryn','Russia','Nazran’','575 Helena Street','220422'),(4294,'Åsa','Simony','Olly','1957-02-11','935234333','425751862','8939 Ilene Junction','659018','France','Dunkerque','Sweden','Stockholm','2 Lyons Center','482646'),(4295,'Félicie','Broadway','Edward','2001-05-19','453444216','764222040','46 Carpenter Terrace','64913','Serbia','Stara Pazova','France','Paris 15','3997 Northfield Place','606045'),(4296,'Réservés','Mitie','Neville','1983-09-17','507396738','538145630','3969 Onsgard Avenue','87410','Moldova','Rîşcani','Sweden','Strömsund','744 Stone Corner Road','783942'),(4297,'Judicaël','MacPhaden','Jamison','1979-07-13','322004129','652209836','15262 Kenwood Lane','904103','France','Limoges','Indonesia','Baturinggit Kaja','2244 Judy Street','890967'),(4298,'Mélissandre','Baselli','Maison','1968-07-20','299590548','228607345','978 Browning Park','576845','Thailand','Dok Kham Tai','United States','Dallas','61 Springview Crossing','780130'),(4299,'Léa','Warne','Tuck','1967-11-19','238477586','864471451','2694 Manley Plaza','922925','Indonesia','Bunut','Thailand','Phanom Phrai','9569 Westport Drive','713635'),(4300,'Yú','Perfect','Vasili','1953-02-20','621748770','910140602','0149 Ryan Junction','85268','Czech Republic','Křižanov','Slovenia','Gornji Grad','52 Transport Way','794628'),(4301,'Mégane','Barosch','Stephan','1978-04-10','492320982','767190830','9 North Alley','856878','Haiti','Petite Rivière de Nippes','Brazil','Santo Antônio de Pádua','90406 Bartelt Point','925759'),(4302,'Bérénice','Laybourn','Tedman','1975-08-09','603281068','320145042','12494 Manufacturers Place','165969','Thailand','Thung Song','Indonesia','Panenjoan','5 Muir Court','904061'),(4303,'Marie-thérèse','Allen','Sloan','1963-07-17','263677413','174398548','1978 8th Lane','40089','Ukraine','Volodymyrets’','Croatia','Samobor','7 Havey Crossing','948777'),(4304,'Yú','Westwater','Constantine','1972-08-03','317841222','575103662','9 Mariners Cove Point','630568','Argentina','Coté-Lai','France','Besançon','7 Dixon Trail','327844'),(4305,'Estève','MacGruer','Roderic','1977-12-25','656755948','988482150','1332 Florence Trail','301468','Brazil','Tremembé','Guatemala','Acatenango','76429 Hagan Terrace','309280'),(4306,'Marylène','Bertolaccini','Tomlin','1962-07-24','407437806','534419443','57504 Dakota Point','366270','Poland','Pyrzyce','Norway','Oslo','83 New Castle Pass','626475'),(4307,'Joséphine','Enderlein','Thoma','2005-09-19','823242905','292228712','06 Homewood Street','936468','United States','Mesa','Russia','Gur’yevsk','948 Welch Junction','491247'),(4308,'Garçon','Lamble','Abdul','1958-06-09','716752695','695266752','9708 Pond Plaza','335778','China','Moxi','China','Changsha','040 Russell Road','315672'),(4309,'Gaétane','Ibbott','Joey','1996-09-10','220205734','719169812','3 Stone Corner Circle','139986','Peru','Yunga','Bangladesh','Chhāgalnāiya','292 Homewood Pass','354630'),(4310,'Cunégonde','Denisovo','Townsend','1955-07-17','156070188','689269619','5881 Melrose Junction','927607','Democratic Republic of the Congo','Mbanza-Ngungu','Senegal','Ndibène Dahra','7398 Mariners Cove Parkway','807997'),(4311,'Régine','Lewton','Angelo','1983-12-13','636842291','976685736','42889 Sunnyside Court','443630','Indonesia','Kembangan','Pakistan','Sakrand','774 Londonderry Park','254133'),(4312,'Angèle','Pettinger','Kain','1978-06-02','613085032','282733066','7344 Lotheville Avenue','377231','China','Nanyuan','Burkina Faso','Zorgo','82554 Sullivan Junction','656985'),(4313,'Adèle','Wozencraft','Diarmid','1980-11-05','523873506','647848235','7001 Hagan Crossing','373760','Brazil','Caucaia','Iceland','Höfn','64 David Plaza','847842'),(4314,'Ophélie','Stallworth','Gunner','2003-04-05','853799743','891723904','1 Upham Way','950883','Japan','Nishi-Tokyo-shi','China','Dadong','6 Green Junction','127248'),(4315,'Mélina','Bricham','Vasily','2000-10-27','888978754','335717934','80122 Westerfield Court','696146','Latvia','Daugavpils','Philippines','Labuan','73215 Marquette Lane','438651'),(4316,'Sòng','Enderson','Palm','1952-05-12','829286718','812876103','1 Ridge Oak Alley','674748','Brazil','Campo Maior','Indonesia','Tuwa','2344 Meadow Vale Plaza','335331'),(4317,'Méthode','Rainsdon','Wendall','1954-09-30','652681579','355161731','625 Anzinger Crossing','997046','Poland','Rogóźno','Egypt','Banī Mazār','2 Montana Parkway','875832'),(4318,'Mégane','Barense','Tobiah','1985-12-11','648701308','528135097','107 4th Drive','682481','Germany','Berlin','Uganda','Napak','80 Westridge Way','831455'),(4319,'Méghane','Kissock','Elwyn','2005-03-26','971604817','661866753','79588 Ridgeway Street','537317','Macedonia','Konče','Vietnam','Chợ Lầu','641 Swallow Crossing','506743'),(4320,'Styrbjörn','Kennifeck','Benito','1964-10-02','233284673','363623042','855 Stuart Terrace','397310','Eritrea','Dek’emhāre','Germany','Magdeburg','08 Bunting Plaza','418319'),(4321,'Bérangère','Stamper','Alon','1979-05-07','886643138','866304662','68954 Homewood Center','98474','Guatemala','Cabañas','Indonesia','Randuboto','3 Swallow Court','941734'),(4322,'Judicaël','Gounet','Giraldo','1972-08-26','837543170','334459470','6872 Fuller Junction','105896','China','Chikan','Luxembourg','Leudelange','5 Goodland Plaza','895847'),(4323,'Yáo','Currell','Abbott','1975-12-28','622206748','626225986','60 Eastlawn Park','225279','Canada','Smiths Falls','France','Lille','4 Grover Park','715778'),(4324,'André','Gagin','Chip','1984-06-18','685945835','740261492','962 Algoma Court','739646','Portugal','Pedreira','Indonesia','Tambaksari','2 Anzinger Parkway','214680'),(4325,'André','Bamb','Carlos','1991-01-29','765602780','990577989','8 Buena Vista Way','547558','Indonesia','Alukama','Norway','Halden','31010 Washington Parkway','343130'),(4326,'Renée','Rozec','Patin','1962-08-04','984631989','400615780','9194 Autumn Leaf Way','894478','Russia','Cherga','China','Wanliang','228 Menomonie Alley','833907'),(4327,'Léane','Havick','Lawton','1993-07-30','932445610','119421564','74306 Fisk Street','980502','Peru','Moche','China','Dongshangguan','4404 Banding Crossing','794061'),(4328,'Chloé','Delouch','Valentine','1993-10-07','692201615','307345516','1243 Loomis Trail','985304','China','Zhencheng','Portugal','Fundão','28 Pleasure Place','709435'),(4329,'André','Abramovitz','Crichton','2002-12-10','591829946','265953652','49 Dexter Terrace','747575','Philippines','Batobato','Russia','Syzran’','3487 Coleman Trail','926734'),(4330,'Yénora','Barfield','Kermy','1989-01-31','810579634','203560467','856 Donald Avenue','39197','Greece','Antíparos','Russia','Stroitel’','5 Sheridan Center','831390'),(4331,'Nadège','Robbe','Conrad','1989-10-09','396364769','691405245','1 Karstens Alley','465656','Argentina','Famaillá','Thailand','Phaya Thai','3665 Grayhawk Lane','833972'),(4332,'Fèi','Greensted','Clemente','1951-03-13','656483229','726016825','763 Sachs Park','470274','Indonesia','Ngroto','Philippines','Bacalan','555 Manufacturers Trail','861447'),(4333,'Léana','De Lascy','Nikki','2003-12-10','224632051','235608628','84 Mcbride Place','928516','Ukraine','Amvrosiyivka','Japan','Iizuka','84 Oxford Point','964968'),(4334,'Laurélie','Legister','Eldon','1958-05-22','744469066','934202243','59 Esch Point','720479','Mauritania','Aleg','Indonesia','Wonda','43 Hoepker Terrace','391569'),(4335,'Kallisté','Waleworke','Aldin','1981-07-30','435322884','112823785','278 David Center','140242','Russia','Khatanga','Kazakhstan','Aktau','16985 Hanson Point','458190'),(4336,'Edmée','Patershall','Carolus','2002-11-05','432152100','665518269','47442 Prairie Rose Trail','488723','Colombia','Bello','China','Gala','17 Corscot Drive','187997'),(4337,'Sélène','Burlay','Flint','1983-06-07','764712258','277228539','2426 Thackeray Park','600845','Philippines','Kotkot','Vanuatu','Saratamata','7 Randy Alley','33555'),(4338,'Maëly','Balog','Monti','1973-05-16','551506056','799684023','8837 Pankratz Parkway','777450','Czech Republic','Humpolec','China','Liufang','60 Pankratz Trail','957662'),(4339,'Liè','McTrustam','Brnaba','1965-03-05','138978996','776537768','8 Elka Road','548348','Chile','La Ensenada','France','Moulins','747 International Pass','913543'),(4340,'Sélène','Stothert','Tabbie','1985-04-20','896796853','351895326','71 Eastwood Trail','257812','Russia','Sokolovyy','Sweden','Tomelilla','2 Donald Crossing','943621'),(4341,'Lóng','Dicky','Price','1958-01-28','175129891','955369303','72046 Bunting Pass','60037','Philippines','Mangarine','Vietnam','Thanh Xuân','19 Sunnyside Parkway','133749'),(4342,'Esbjörn','Glazier','Wayne','1977-07-28','690549717','233088698','55661 Fisk Center','305725','Nicaragua','Laguna de Perlas','Sweden','Stockholm','2706 Mendota Terrace','381256'),(4343,'Mélissandre','Mowsdill','Brigg','1995-05-13','668968078','174381082','03314 Upham Parkway','130360','Mexico','Emiliano Zapata','Portugal','Refojos de Riba de Ave','1800 Washington Avenue','762702'),(4344,'Åke','Dutt','Yorgos','1991-12-16','299272855','448131313','1 Florence Trail','168117','Ecuador','Machachi','China','Jiangna','907 Meadow Valley Center','251061'),(4345,'Personnalisée','Perfect','Noach','1992-02-05','957232831','385087985','7194 South Court','30437','Sweden','Enköping','China','Moguqi','01 Oneill Hill','834506'),(4346,'Eliès','Detoile','Garrek','2003-02-10','102447455','220291935','5 Kennedy Avenue','325752','Peru','Acobambilla','Paraguay','Pirapo','97691 Sullivan Trail','495651'),(4347,'Mélinda','Winterscale','Dane','1992-01-18','293844208','957111157','6 Dovetail Court','56318','China','Heshui','Russia','Murygino','32 Brickson Park Hill','172710'),(4348,'Thérèse','Grisley','James','1992-12-31','912289180','722978483','161 Porter Plaza','880381','France','Saint-Brieuc','Pakistan','Tānk','6 Coleman Way','950837'),(4349,'Stéphanie','Kennagh','Renault','1982-08-16','733752740','125010160','249 Londonderry Street','113426','Brazil','Limoeiro do Ajuru','Russia','Biryulëvo','9 Lillian Road','532725'),(4350,'Célestine','Tavinor','Niels','1979-02-12','403698062','615613217','89 Golden Leaf Junction','512262','Russia','Rossosh’','Czech Republic','Velké Pavlovice','72683 Warrior Circle','336127'),(4351,'Josée','Randles','Zeb','1961-07-05','892789767','669445734','9028 Fair Oaks Hill','84625','Russia','Novyye Gorki','Czech Republic','Jablonec nad Nisou','081 Rigney Center','356166'),(4352,'Régine','Jakaway','Etienne','1999-10-14','651896768','305385241','7 Bultman Pass','116236','Poland','Łapczyca','United States','San Jose','96 Village Road','645666'),(4353,'Audréanne','Flips','Corney','1979-01-29','133458061','181796621','688 Memorial Plaza','201661','Indonesia','Bayuwan','Kazakhstan','Bestöbe','565 Fallview Avenue','599699'),(4354,'Séverine','Keepe','Halsey','1993-10-22','295580889','235079996','05791 South Junction','794050','China','Biaoshan','Belarus','Dashkawka','12 American Ash Circle','775693'),(4355,'Léa','Bendon','Ellary','1952-03-07','448979034','655109403','3 Raven Parkway','997902','Japan','Kawage','France','Angers','478 Armistice Place','332188'),(4356,'Gérald','MacKniely','Courtnay','1980-02-19','539172485','141337302','566 Westridge Place','186553','Poland','Bełsznica','Mexico','Las Flores','20014 Oxford Point','694988'),(4357,'Félicie','Allan','Nichols','1987-08-31','248843800','479262957','51580 5th Place','63680','China','Shihuiqiao','Colombia','Corinto','729 School Junction','512183'),(4358,'Laïla','Mohamed','Orlan','1980-04-17','904791769','204945741','51 Hagan Park','66850','Indonesia','Betaf','Cyprus','Nicosia','27623 Hoffman Avenue','381476'),(4359,'Maëline','Wilkison','Patrizius','2005-08-31','429634897','344274501','7 Darwin Circle','824764','Philippines','Can-Avid','Mexico','Zaragoza','29 Mifflin Street','928573'),(4360,'Intéressant','Cristofori','Kennedy','1984-07-25','793551424','146379416','2 Schurz Park','633412','Russia','Votkinsk','Finland','Ylihärmä','85825 Lindbergh Circle','981547'),(4361,'Östen','Ashbridge','Tudor','1950-10-14','370580853','332172897','7214 Browning Park','901196','Uruguay','Treinta y Tres','Russia','Shchukino','904 Holy Cross Avenue','547796'),(4362,'Méryl','McNulty','Carrol','1973-08-06','574180564','432276980','9 Bellgrove Avenue','262233','Germany','Neuss','Poland','Bachowice','494 Summit Alley','82019'),(4363,'Valérie','Marchenko','Barny','1965-05-12','419880169','351157931','5 Summit Hill','581717','United States','Washington','Serbia','Golubac','443 Delladonna Terrace','794839'),(4364,'Desirée','Lapping','Towny','1999-03-30','396227321','997780425','0272 Marquette Point','435727','South Korea','Kunsan','Portugal','Fornos','0 Shoshone Plaza','687209'),(4365,'Néhémie','Hoodspeth','Winfred','1996-06-10','261411706','862103842','87951 Golf Course Trail','268329','Indonesia','Tomohon','Latvia','Zilupe','352 Warbler Alley','137957'),(4366,'Estée','Towler','Culley','1971-08-05','916350784','265632071','6631 Menomonie Terrace','32361','Greece','Adámas','Indonesia','Tutut','4 Porter Avenue','325382'),(4367,'Géraldine','Flintoft','Amerigo','1956-12-28','781076419','471472285','686 Anhalt Place','389000','United Kingdom','Craigavon','China','Danan','4521 Hoffman Drive','919921'),(4368,'Göran','Stanluck','Samson','1978-07-13','729593004','599086908','077 Monica Lane','571092','Indonesia','Lembung Tengah','Portugal','Chão de Couce','09831 Blaine Avenue','97985'),(4369,'Gisèle','Minkin','Gradey','1987-06-20','236232679','853816475','12 Pennsylvania Parkway','83272','Argentina','28 de Noviembre','Portugal','Columbeira','5686 Northridge Parkway','831051'),(4370,'Mélia','Constantinou','Sutherlan','1988-08-22','651633558','709745639','307 Dawn Junction','97260','Sweden','Kista','Indonesia','Palu','19351 Parkside Hill','103364'),(4371,'Méng','Ashlee','Brigham','1965-03-01','210755246','618198598','238 Pennsylvania Pass','815659','Peru','Huancarqui','Indonesia','Rawaglagah','974 Sutteridge Pass','15389'),(4372,'Dù','Clist','Bart','1965-02-07','568135935','405202826','05 Morningstar Lane','179189','China','Hecheng','Syria','Arīḩā','02645 Canary Avenue','217861'),(4373,'Méthode','Hebborn','Brodie','1993-12-03','821499164','352058764','02 Gina Hill','24201','Portugal','Astromil','China','Xinchengzi','638 Fieldstone Place','249818'),(4374,'Gaétane','McClunaghan','Alfred','2001-01-09','799880358','103260153','4 Shelley Avenue','437637','Russia','Il’skiy','Japan','Maruoka','16647 Northport Junction','108081'),(4375,'Anaé','Winterson','Finley','1965-05-08','172020605','195754282','66639 Ludington Point','102785','Mexico','Loma Bonita','Indonesia','Neundeut','1199 Quincy Lane','352006'),(4376,'Cléa','Menel','Isador','1960-12-19','291756517','712689287','85228 Browning Plaza','128532','Panama','Colón','Kiribati','Tabwakea Village','6855 Farmco Terrace','348925'),(4377,'Laurélie','Nelissen','Clyve','1968-06-01','384225178','617820863','57 Del Sol Circle','449777','China','Xike','Canada','Burnaby','167 Oneill Park','894340'),(4378,'Célia','Dorning','Tris','2004-01-25','506695269','704937646','5 Talisman Court','830845','China','Yangqiao','Ireland','Swords','01382 Manitowish Point','648554'),(4379,'Noémie','Search','Waylan','1967-04-04','775725127','779355132','93 Bartillon Hill','814793','Brazil','Itapetininga','France','Reims','0 Hayes Hill','905998'),(4380,'Maëlys','Kuzma','Elliott','1954-03-29','324707772','167504087','2466 Everett Road','425876','Poland','Łąck','Portugal','Passos','275 Shoshone Road','971337'),(4381,'Eléonore','Alliband','Solomon','1991-03-11','483311471','111287584','6 Superior Lane','68547','Poland','Choroszcz','Russia','Orekhovo-Borisovo','26143 Memorial Center','140586'),(4382,'Illustrée','Dobbinson','Bartel','1971-01-19','892812244','496724069','1 Johnson Center','626314','China','Shensuo','Japan','Kasaoka','92 Armistice Crossing','956885'),(4383,'Cloé','Gullan','Zeb','1980-12-10','174940229','929058183','3 Hoepker Terrace','442268','Slovenia','Kanal','Poland','Szydłowo','7 Hauk Street','13119'),(4384,'Loïca','Pixton','Rodrick','2002-10-21','865258637','925909772','5936 4th Avenue','510468','Croatia','Kamen','Indonesia','Banjar Brahmanabukit','00 Mallory Way','95617'),(4385,'Illustrée','Lettington','Isacco','1971-03-25','682111931','722891920','86 Birchwood Point','790305','Colombia','Balboa','American Samoa','Leone','609 Ohio Parkway','638856'),(4386,'Gaïa','Gyse','Miller','1956-11-03','637391781','982281077','5 Alpine Place','94419','Burundi','Muyinga','China','Nanyaojie','9664 Forest Dale Place','531347'),(4387,'Cléa','Balnaves','Gaby','2002-11-07','513478821','596187301','05041 Jenifer Point','122584','Botswana','Letsheng','Bangladesh','Kālīganj','62033 Norway Maple Court','868408'),(4388,'Simplifiés','Coger','Rouvin','1983-12-07','723820730','766899207','56 Division Parkway','997892','Sweden','Göteborg','China','Zhaojia','746 Northland Trail','163396'),(4389,'Aí','Burdell','Donnell','1954-12-07','200686263','659201934','0 Nobel Park','55236','Indonesia','Karangan','Sweden','Rönninge','058 Bluejay Street','687839'),(4390,'Mylène','Illing','Renato','1996-06-30','644983934','837707114','4 Gina Junction','822260','China','Luoluopu','Indonesia','Cibeureum','6 Glendale Trail','828869'),(4391,'Françoise','Geake','Constantine','1986-03-18','281894532','304378985','3441 Anderson Place','849638','Colombia','Calimita','China','Shuishiying','545 Anthes Hill','271415'),(4392,'Estée','Gave','Herb','1989-12-01','377938867','842182128','348 Sunbrook Trail','237753','Greece','Argostólion','Philippines','Bangan-Oda','45214 Jana Trail','252359'),(4393,'Stéphanie','Rain','Lazarus','1988-11-07','558374295','938459735','06 Fairview Court','926576','Brazil','Brusque','Honduras','El Corozal','693 Arizona Street','137764'),(4394,'Gaétane','Instone','Saundra','1985-09-02','565748084','223335606','4 Mandrake Avenue','255760','Thailand','Nam Phong','Chile','Limache','2 Meadow Ridge Terrace','224941'),(4395,'Véronique','Smoth','Mikkel','1996-06-09','425896529','247032814','70 Mallard Alley','524427','China','Boli','China','Baixi','5 Ridgeway Road','677812'),(4396,'Sòng','Gately','Park','1951-12-03','229738033','390253413','5029 Stephen Way','382281','Egypt','Shibīn al Qanāţir','Paraguay','General Elizardo Aquino','2 Ridgeway Alley','129244'),(4397,'Mélissandre','Gregorowicz','Thorstein','1991-06-28','602199035','234620343','626 Fuller Park','372457','China','Xinpo','Greece','Agkathiá','280 Graedel Crossing','722480'),(4398,'Josée','Hathaway','Kipp','1951-06-04','888485613','125172165','67 Union Pass','346609','Saudi Arabia','Al Qārah','Panama','Cartí Suitupo','1079 Esch Avenue','957783'),(4399,'Vérane','Mayne','Obidiah','1980-11-18','456671461','736650104','8668 Sullivan Crossing','662853','North Korea','Aoji-ri','Philippines','Sulop','74 Morrow Pass','417102'),(4400,'Géraldine','Esh','Abran','1953-06-25','409466648','109116981','5806 Brown Trail','712801','Norway','Oslo','Morocco','Tafraout','09472 Holmberg Place','895610'),(4401,'Adèle','Purkis','Corrie','2002-07-02','751899909','747871853','42592 Mcguire Park','105023','China','Lutou','Peru','Motupe','2894 Haas Court','414913'),(4402,'Marie-françoise','O\'Moylane','Manfred','2004-02-03','810676550','282818057','95 Mayfield Point','45877','Vietnam','Thành Phố Thái Bình','China','Sankui','07 Michigan Crossing','393321'),(4403,'Noëlla','Clemmey','Kent','1970-11-24','545287576','459682808','3 Onsgard Drive','580623','France','Périgueux','Russia','Sarmanovo','2 Farragut Lane','423529'),(4404,'Andréanne','Bickers','Poul','1954-04-07','715304834','688879091','9 Jana Street','647096','China','Taiyuan','Philippines','Cantao-an','70 Darwin Avenue','238057'),(4405,'Léone','Spottswood','Guthrey','2004-01-16','842372792','112881193','8 Jana Street','660600','Cyprus','Ágios Týchon','China','Xingang','42 Old Gate Road','719319'),(4406,'Stévina','Trorey','Steven','1955-11-30','312115230','730237057','02 Spenser Way','898053','France','Marseille','Cuba','Viñales','6 Novick Road','911971'),(4407,'Maëlla','Beck','Barbabas','1968-02-13','171707346','739987047','8072 Forest Dale Circle','344489','Russia','Likhoy','China','Gaopu','7 Green Ridge Alley','212727'),(4408,'André','Goldie','Louie','2000-01-11','772993956','868916060','0671 Dovetail Terrace','390673','China','Wenfang','China','Baitang','10 Golf View Alley','875172'),(4409,'Mén','Prater','Aguste','1969-03-09','798080421','740224425','2478 Twin Pines Court','873175','Russia','Kosino','Indonesia','Dalam','52 Judy Alley','510072'),(4410,'Camélia','Wortman','Weider','1963-05-31','393437310','526069182','07702 Surrey Center','483757','Kosovo','Pristina','United States','Detroit','99 Mesta Point','414509'),(4411,'Åke','Yerby','Marcellus','1951-01-27','459390146','178756195','91 Hansons Alley','268525','Albania','Bicaj','China','Tangdong','1 Quincy Lane','210170'),(4412,'Tán','Hambribe','Patty','1952-06-17','572606035','788713801','08 Evergreen Park','705440','Greece','Féres','Argentina','Villa Mercedes','6 Tony Place','478167'),(4413,'Léane','Ripping','Pace','2004-12-23','602809792','448489201','06410 Kipling Lane','818144','Sweden','Göteborg','United States','Miami','3577 Spaight Drive','345627'),(4414,'Mélissandre','Gregoretti','Vic','1988-03-03','527360051','298974953','59324 Valley Edge Drive','505219','China','Hengxi','Philippines','Bautista','1 Gerald Pass','762565'),(4415,'Simplifiés','Mozzetti','Galven','1965-01-06','430428748','707630411','83 Springview Road','384606','China','Jihui','Poland','Stęszew','7205 Linden Point','142151'),(4416,'Eléonore','Esler','Anthony','1998-04-02','239409892','366906352','8389 Mitchell Trail','538375','Antigua and Barbuda','Saint John’s','Philippines','Victoria','7 Golf Court','280034'),(4417,'Léane','Voice','Vaughan','1990-05-18','113630731','987397475','626 Mandrake Pass','785676','Mexico','San Marcos','China','Geshan','0 Bonner Hill','572763'),(4418,'Noémie','Statefield','Reinhard','1993-03-03','341644271','401556572','23818 Norway Maple Center','498750','Greece','Palaiochóri','United States','Louisville','5 Meadow Vale Parkway','840378'),(4419,'Hélèna','Kendrick','Ravi','1959-07-31','626842403','580242529','362 Fair Oaks Park','565528','Mexico','Altavista','France','Valence','252 Corben Court','952646'),(4420,'Zoé','Sorey','Virgilio','1964-07-28','482597123','606061835','38 Mitchell Alley','258934','China','Wujiashan','Cameroon','Bertoua','473 Westerfield Road','807888'),(4421,'Björn','McCoy','Rupert','1957-04-20','589823971','540787990','5120 Swallow Trail','447292','France','Puteaux','Indonesia','Krajan Caluk','6 Brickson Park Terrace','81445'),(4422,'Gaétane','Trahmel','Thaxter','1956-05-16','793433029','807804317','6 Hermina Street','881203','Thailand','Bang Phlat','Czech Republic','Javorník','0 Merrick Pass','856851'),(4423,'Håkan','Gaffon','Hendrick','1971-09-18','686349337','748493528','6657 Spohn Street','57787','China','Ganlin','China','Huangyang','92227 Crowley Lane','570231'),(4424,'Véronique','Witul','Myles','1992-09-03','535334601','345419720','3202 Pawling Center','862481','Poland','Smętowo Graniczne','New Caledonia','Mont-Dore','504 Sauthoff Court','337075'),(4425,'Andréa','Nutley','Shep','2005-09-24','883603818','174023056','66 Mosinee Street','533277','Portugal','Jardoeira','Egypt','Juhaynah','81033 Schurz Trail','299828'),(4426,'Uò','Stubbin','Asher','1994-08-24','619310378','648298281','80 Doe Crossing Avenue','817745','China','Guanlu','Russia','Galyugayevskaya','0731 Grover Point','658031'),(4427,'Camélia','MacKibbon','Glyn','1998-04-14','989385013','810833613','32 5th Court','886324','Australia','Melbourne','Czech Republic','Javorník','03435 Autumn Leaf Court','303727'),(4428,'Valérie','Yantsurev','Thorsten','1994-07-13','531825931','739998621','288 3rd Place','919166','China','Taishan','Czech Republic','Blansko','5497 Milwaukee Circle','778384'),(4429,'Anaëlle','Aartsen','Rosco','1973-12-22','662419643','814943083','09836 Spaight Park','445514','China','Mingshan','Indonesia','Wahai','55613 Aberg Hill','935809'),(4430,'Garçon','Martins','Brion','1992-09-18','772199574','914185460','93558 Pond Pass','416768','Poland','Żyraków','Brazil','Jatobá','7 Eastwood Junction','638733'),(4431,'Danièle','Westbrook','Bryant','1951-09-04','168069426','103922109','2 Sheridan Terrace','875491','Philippines','Tran','Philippines','Alemanguan','9081 Express Street','820514'),(4432,'Illustrée','Maingot','Guido','1970-02-09','451949500','245193065','64351 Roth Court','811967','China','Gaokan','Indonesia','Tangkolo','23 Stoughton Terrace','339415'),(4433,'Méline','Delyth','Eziechiele','1996-12-12','136739772','623455217','602 Tennessee Pass','353499','China','Zhendu','Brazil','Petrópolis','755 Parkside Parkway','95022'),(4434,'Wá','Pepperell','Eduardo','1969-12-20','756559943','701876524','1092 Fisk Lane','539670','Philippines','Karungdong','Brazil','Boa Esperança','29182 Brentwood Center','432822'),(4435,'Almérinda','Longworthy','Chauncey','1998-08-18','477640038','156484325','327 Hintze Way','971989','Nigeria','Abuja','Panama','Narganá','1 Brown Plaza','74854'),(4436,'Uò','Philippson','Steward','1976-09-13','149895124','770252856','06 Londonderry Park','582364','China','Zekou','United States','Greensboro','39 Sherman Alley','300622'),(4437,'Léandre','D\'Arrigo','Dante','1971-03-10','627223447','793227966','3 Daystar Pass','134871','Russia','Rudnogorsk','Philippines','Buenlag','13447 Tennessee Junction','784376'),(4438,'Léonore','Tagg','Geoffrey','1958-08-14','855071312','303280078','9 Sage Avenue','693504','China','Huangtan','Poland','Zbąszyń','618 Knutson Road','998980'),(4439,'Lorène','Burge','Rad','1994-02-06','835543856','892444425','7 Dexter Plaza','596784','Pakistan','Bat Khela','Philippines','Ungus-Ungus','624 Pierstorff Road','658976'),(4440,'Stéphanie','Shasnan','Arte','1965-10-01','483253349','270158632','3 Westport Parkway','340949','Serbia','Kraljevo','Madagascar','Belo sur Tsiribihina','31610 Westport Drive','762296'),(4441,'Kuí','Romanin','Casper','1977-12-06','712491267','672384986','92134 Buena Vista Alley','378218','Armenia','Pemzashen','Philippines','Malawa','4 Maryland Junction','246801'),(4442,'Adélaïde','Stocken','Eben','1979-03-02','598154337','957413575','17 Sutteridge Court','278611','Indonesia','Kotablolong','Sweden','Tyresö','5117 Forster Court','176309'),(4443,'Stévina','Camden','Oswell','1959-08-21','656564099','210173831','520 Nevada Pass','848292','Vietnam','An Lão','Sweden','Stockholm','7882 Nova Road','838744'),(4444,'Gaétane','Nevet','Kendal','1970-01-08','319853964','829032021','2794 Stang Drive','681885','China','Xintun','Portugal','Escola','78362 Laurel Place','601786'),(4445,'Tán','Kinkade','Garrot','1990-05-03','218969388','878349119','8 Heffernan Court','888428','Sierra Leone','Moyamba','China','Laibin','7 Myrtle Street','617154'),(4446,'Torbjörn','Toppes','Cleon','1987-12-11','159864144','409284007','34 Moland Road','190241','Russia','Belogorsk','Venezuela','La Azulita','3224 Sundown Trail','718797'),(4447,'Bérangère','Pydcock','Stanislas','1976-09-12','188069929','256639961','8 Dexter Pass','410988','China','Xinhua','Philippines','San Miguel','94671 Kenwood Drive','714566'),(4448,'Agnès','Ramelet','Goddard','1957-08-11','625014820','250827900','43 Surrey Avenue','660760','Argentina','Nueve de Julio','Rwanda','Nzega','79 Vera Center','81654'),(4449,'Esbjörn','Boldt','Dew','1962-03-29','426223320','107931006','4 Crescent Oaks Center','40396','Mongolia','Baruunturuun','Ecuador','Pedro Carbo','67100 Merchant Terrace','871397'),(4450,'Marie-hélène','Glison','Gram','1986-12-22','616681201','906758735','5915 Merry Lane','435188','Brazil','Matozinhos','China','Yisa','297 4th Parkway','126604'),(4451,'Agnès','Broseman','Adam','1971-09-24','578404296','572330885','4942 Monument Place','161242','Belize','Placencia','Poland','Kleszczewo','18347 Bunker Hill Circle','235754'),(4452,'Néhémie','Vassano','Freedman','1960-10-03','145908554','382362255','85876 Sugar Drive','641357','Brazil','Dom Pedrito','Somalia','Ceelbuur','21262 Moose Avenue','551191'),(4453,'Eugénie','Mullard','Darill','1968-06-18','781630650','512435320','88 Monterey Pass','471478','Tanzania','Bungu','France','Chantilly','5883 Dorton Park','799844'),(4454,'Garçon','Belchem','Natale','1970-10-05','688792474','443825543','49652 Lerdahl Place','211983','China','Lingdi','Indonesia','Riangbaring','21333 Algoma Place','571242'),(4455,'Chloé','Kraut','Goran','1976-09-21','214008997','606123426','50 Logan Park','600355','China','Yoiqag','China','Ganxi','8272 Ilene Junction','170103'),(4456,'Märta','Jurisic','Wilbur','1971-12-13','890901433','977758243','779 Thackeray Circle','86760','Palestinian Territory','Rantīs','Bolivia','Yacuiba','0 Hazelcrest Place','838142'),(4457,'Adèle','Blade','Townie','1972-04-08','485534784','278910911','5403 Surrey Place','457374','Madagascar','Vohipaho','Nigeria','Zaki Biam','699 Meadow Vale Park','852875'),(4458,'Björn','Molloy','Sanders','1980-06-20','846233519','240182906','681 Kings Park','601786','Philippines','Quibal','Brazil','Cajamar','14 Twin Pines Junction','233863'),(4459,'Östen','Aysh','Erhart','1972-11-24','311829481','921367415','40195 Bunker Hill Crossing','80483','Finland','Lovisa','Iraq','Ad Dujayl','1436 Hanson Parkway','759159'),(4460,'Gaïa','Uttridge','Carmine','1962-12-14','144538560','380856341','185 Stoughton Parkway','901917','Indonesia','Songkar B','China','Zhongshan','504 Bartelt Place','796526'),(4461,'Pò','Geraldo','Blayne','1979-11-08','628807989','419496126','7 Amoth Center','77321','Peru','San Lorenzo','Albania','Ballsh','33 Red Cloud Way','254046'),(4462,'Maëlys','Buxy','Ulrich','1975-09-11','194797375','604734924','09556 Morrow Parkway','748519','Brazil','Jucás','Bulgaria','Omurtag','89101 Truax Terrace','992431'),(4463,'Erwéi','Choldcroft','Delainey','1971-10-08','843866041','934655069','23 Washington Court','591063','Pakistan','Bhawāna','Poland','Michałów-Reginów','275 Becker Park','231151'),(4464,'Lauréna','Bridell','Clayton','1998-01-09','500884708','494366335','82 Mcbride Way','702324','China','Liucun','Armenia','Aygepat','481 Brickson Park Junction','534470'),(4465,'Jú','Peasegood','Garrik','1968-08-23','734514374','225645986','2 Prentice Place','204242','China','Yinglan','Argentina','San Rafael','24800 Reinke Court','339634'),(4466,'Mylène','Brotherhood','Allie','1968-02-20','121028367','730051547','435 Helena Street','655485','Bosnia and Herzegovina','Vidoši','Indonesia','Bungereng','27869 Buhler Plaza','157553'),(4467,'Adélie','Fearney','Corbet','1995-01-29','880154238','472196453','5932 Talisman Place','957976','Guatemala','Sibinal','Philippines','Punolu','4 Messerschmidt Terrace','769685'),(4468,'Maïly','Longland','Stephen','1989-05-11','753686841','836335997','191 Redwing Court','251436','Czech Republic','Benešov nad Ploučnicí','North Korea','Yŏnan-ŭp','256 Declaration Road','872272'),(4469,'Adèle','Flower','Herculie','1988-04-14','840047349','812280444','5 Kings Way','861226','China','Beiqiao','Israel','‘Uzeir','36 Northview Crossing','935108'),(4470,'Méghane','Alberts','Benson','1969-09-04','501325750','738006423','5839 Warbler Way','325475','Russia','Vologda','Philippines','Tudela','2644 Anthes Court','583935'),(4471,'Valérie','Leddy','Bayard','1969-02-08','481029761','140984326','9 Blaine Pass','184938','Uzbekistan','Sirdaryo','Malaysia','Kota Kinabalu','4 Division Drive','689919'),(4472,'Léana','Cready','Kale','2001-05-09','795394532','355990426','1 Tomscot Junction','148159','Yemen','Manwakh','Brazil','Brumadinho','63337 Londonderry Alley','635439'),(4473,'Bénédicte','Pycock','Randi','1979-06-18','128714745','248557159','2858 David Plaza','922653','Japan','Kazuno','Greece','Chóra','482 Eagan Terrace','120641'),(4474,'Athéna','Quinton','Jerome','1987-01-05','289225200','566160873','47 Meadow Vale Center','481427','Philippines','Andalan','Portugal','Santa Maria Oliveira','3640 Marquette Alley','755955'),(4475,'Yáo','Hardway','Evelyn','1996-02-05','865307976','768765030','9 Acker Court','276972','Brazil','Paraipaba','Russia','Rossosh’','580 Del Mar Place','186734'),(4476,'Uò','Merrisson','Merrill','1981-06-26','116552493','950074842','26888 Kensington Point','685946','China','Tucheng','France','Fréjus','6308 Parkside Court','196824'),(4477,'Marie-thérèse','Jandak','Salomone','1962-04-26','667045432','729425614','14045 Holy Cross Point','657214','Malaysia','Kuala Pilah','China','Changcun','1643 Golden Leaf Crossing','911382'),(4478,'Crééz','Pelham','Chrisse','1960-10-31','843049865','874438954','7 Talmadge Court','720854','Honduras','Auas','Nicaragua','Comalapa','2150 Eagan Parkway','271838'),(4479,'Véronique','Katte','Walton','1984-07-10','967834536','586233695','61331 Logan Hill','33251','Russia','Krasnovishersk','Indonesia','Krajan Sumurtawang','86 Crest Line Trail','606866'),(4480,'Marie-thérèse','Mowne','Lammond','1993-11-19','980066935','214537533','026 Valley Edge Court','189643','Ethiopia','Yirga ‘Alem','Argentina','Bell Ville','01 Dwight Point','384406'),(4481,'Åsa','Kick','Francisco','2003-09-14','168591261','468496060','1428 Grover Park','901224','China','Panjiawan','Czech Republic','Terezín','16739 Hallows Drive','834336'),(4482,'Gaëlle','Greenough','Tyler','1973-06-13','228360441','572944581','51 Pierstorff Alley','58070','Sweden','Trollhättan','China','Minzheng','0951 Lerdahl Circle','591175'),(4483,'Célestine','Michieli','Drugi','2000-09-23','838158758','787970912','76096 Burning Wood Junction','744149','Russia','Zmeyskaya','Greece','Episkopí','2488 Welch Parkway','506672'),(4484,'Estève','Hammerberg','Kerwinn','1986-06-06','228936388','130715273','7 Mariners Cove Crossing','471763','China','Kongkeshu','China','Tanghu','10457 Melrose Parkway','241983'),(4485,'Björn','Childs','Dukey','1988-07-31','235851661','604339036','56393 Twin Pines Alley','995921','Netherlands','Terneuzen','France','Issy-les-Moulineaux','50 Fair Oaks Way','640047'),(4486,'Táng','Sotham','Baudoin','1969-04-21','868859109','320220966','5171 Hoard Terrace','213482','Czech Republic','Radvanice','China','Haicheng','0683 Eggendart Street','757866'),(4487,'Félicie','Ringham','Sholom','1979-08-20','262703407','599267565','31960 Maple Wood Point','16279','Angola','N’dalatando','China','Boluo','9329 Commercial Lane','490640'),(4488,'Josée','Wain','Chevalier','1963-07-25','924453100','542517578','49 Northwestern Trail','117010','Jordan','Malkā','Peru','Tiabaya','37878 Straubel Circle','559235'),(4489,'Edmée','Klimov','Keenan','1984-05-21','438310710','123444290','307 Bunting Center','798141','Greece','Graikochóri','Czech Republic','Červená Voda','24617 Butternut Avenue','331650'),(4490,'Noëlla','Oades','Lucais','1990-10-16','626216903','657184144','8 Oxford Center','575293','Poland','Ożarów','Ukraine','Obertyn','5237 Fairfield Road','813897'),(4491,'Lucrèce','Whytock','Marve','1965-04-08','314135301','482056175','98 Waxwing Drive','961396','Argentina','Helvecia','Indonesia','Ngajum','7205 Monica Alley','354955'),(4492,'Clémentine','Dayment','Willie','1995-01-15','161298984','640242798','65065 Kim Pass','773286','Russia','Smolino','Peru','Accha','654 Dovetail Hill','759604'),(4493,'Simplifiés','Oglesbee','Buiron','2002-01-23','979450560','451593735','11 Crowley Hill','41043','China','Yecun','United States','Wilmington','42617 Sunbrook Pass','214870'),(4494,'Irène','Enderby','Cly','1962-07-21','161881021','317950942','58 Tennessee Avenue','663322','Poland','Brudzeń Duży','Argentina','Rojas','7 Dryden Plaza','480419'),(4495,'Rébecca','Ethington','Barn','1976-07-18','632264074','121870826','3759 Spaight Plaza','287816','China','Linxi','Portugal','Bolhos','26 Butterfield Plaza','351166'),(4496,'Lén','Conrath','Salvidor','1953-07-11','823594905','643729981','251 7th Alley','196605','Brazil','Andradina','Sweden','Örnsköldsvik','7982 Sloan Court','699436'),(4497,'Agnès','Perell','Hardy','1977-06-24','145516678','445490785','9 Orin Plaza','789556','Brazil','Nova Viçosa','Philippines','Talangnan','360 Washington Park','258359'),(4498,'Loïc','Rummings','Garrek','1997-09-06','385860593','821500459','47 Dorton Crossing','158237','China','Xitiangezhuang','Indonesia','Badean','12 Truax Point','984148'),(4499,'Séverine','Tunesi','Ginger','1958-04-18','907924165','672869229','101 Clove Pass','392517','France','Évreux','Indonesia','Nggesa','51916 Steensland Crossing','888095'),(4500,'Estée','Lyddiard','Ty','1961-01-02','904779346','979528714','13143 Dexter Avenue','465176','Poland','Pysznica','Portugal','Ulme','0041 Granby Pass','782365'),(4501,'Béatrice','Pidgeley','Rawley','2000-01-11','655604576','874513262','65841 Green Pass','820726','Armenia','Arevashogh','Philippines','Malawa','6 Debra Court','747680'),(4502,'Océane','De Vaan','Smith','1971-12-02','113393338','957409242','746 Kedzie Court','856437','Poland','Wiślica','Haiti','Cornillon','36 Magdeline Pass','980111'),(4503,'Yénora','Bonett','Kaleb','1992-09-05','520887906','500054074','621 Blackbird Circle','391151','Philippines','San Gregorio','China','Jinta','791 Messerschmidt Place','46059'),(4504,'Béatrice','Burnel','Maje','1950-08-09','142482864','747411386','13502 Service Junction','598998','China','Xixia','Jordan','Karak City','9 Farwell Way','710941'),(4505,'Yóu','Connochie','Kenyon','1998-09-14','599755272','479883905','476 Division Road','207135','Indonesia','Kudang','Ukraine','Komyshnya','56112 Havey Lane','726069'),(4506,'Maëly','Sherebrook','Cullin','2005-06-12','773270532','732845708','6349 Wayridge Plaza','921017','Uganda','Wobulenzi','Kenya','Ol Kalou','86 Sundown Junction','223096'),(4507,'Lèi','Lillecrop','Terri','2001-09-10','370405891','351300783','06 Summit Pass','35676','Philippines','Cassanayan','Portugal','Cancela','12 Artisan Avenue','336505'),(4508,'Mélys','Toll','Brandtr','1978-05-04','559369486','437801066','27 Kensington Terrace','811135','China','Huangtan','Germany','Bochum','98160 Nelson Hill','520841'),(4509,'Méng','Dodgshon','Jordon','2004-09-01','730747013','547454599','39 Elmside Junction','129556','Honduras','San Jerónimo','China','Gaosheng','08090 Maple Place','337393'),(4510,'Gisèle','Moreing','Manuel','1959-09-01','647167489','355348041','7191 Columbus Parkway','924643','Cambodia','Takeo','Poland','Sadowie','6387 Rutledge Point','65091'),(4511,'Estée','Ayers','Edd','2002-07-03','751063482','112765610','1359 Haas Park','455398','Czech Republic','Malonty','Indonesia','Fukadale','3 Manufacturers Junction','150866'),(4512,'Simplifiés','Maple','Rod','1961-04-03','955636987','217813609','474 Laurel Road','772932','Portugal','Torres Novas','Iraq','Ar Rumaythah','6 Amoth Junction','535652'),(4513,'Hélèna','Szymon','Raimondo','1962-10-14','515028501','886490669','6041 Mcbride Terrace','100372','Poland','Szczaniec','China','Jinhua','98635 Corry Court','903068'),(4514,'Cunégonde','McTeague','Bald','1992-04-08','955349635','713831086','8789 Pearson Alley','944284','Peru','La Molina','Indonesia','Bau','41524 Calypso Center','439609'),(4515,'Rébecca','Silvermann','Giulio','1992-07-10','185474321','650933013','666 Sutteridge Parkway','576168','Iran','Kabūdarāhang','Portugal','Cortes','49230 Vidon Alley','113864'),(4516,'Maëlann','Booler','Kerk','1966-09-22','404697670','437410207','70 Butternut Way','483061','Poland','Szynwałd','Argentina','Campo Viera','59874 Bluestem Trail','36844'),(4517,'Åslög','Shedden','Alford','1968-09-13','492963101','201923346','1600 Brickson Park Place','216909','Philippines','Alabug','Indonesia','Sulengwaseng','46 Duke Street','115305'),(4518,'Gérald','Gallandre','Iosep','2003-03-11','501247957','596415332','9902 Troy Place','624110','Russia','Nadvoitsy','Angola','Malanje','74185 Hazelcrest Point','107291'),(4519,'Léonore','Carlet','Nickey','1968-02-08','344114914','456697754','286 Red Cloud Point','560590','Russia','Bogoroditsk','Philippines','Dugcal','6553 Bartelt Way','310473'),(4520,'Mélodie','Kenewell','Skippie','1969-06-21','269059725','904207555','41228 Sloan Point','426550','Yemen','Al Bāţinah','China','Miliangju','20 Hoffman Court','966283'),(4521,'Marie-hélène','Patrie','Everard','2004-07-01','106502508','966678365','84 Scoville Circle','740009','China','Kaishantun','North Korea','Yŏnan-ŭp','9 Dryden Court','659268'),(4522,'Mahélie','Bluett','Antin','1994-06-01','129662871','236350188','814 Waxwing Terrace','218798','Nigeria','Kaura Namoda','Armenia','Kotayk’','47 Nelson Point','32564'),(4523,'Åslög','Harnetty','Roddy','2005-10-15','687978153','499011410','9 Knutson Park','634007','Mexico','El Zapote','China','Xiluodu','0 Heffernan Trail','541951'),(4524,'Frédérique','Pegden','Emanuele','1976-03-09','521689412','261475817','20 Esch Park','513788','China','Xianhe','China','Huancheng','17947 Bluejay Street','805194'),(4525,'Magdalène','Casham','Desi','1979-08-09','445177826','445676590','032 Dayton Court','266984','China','Huangmu','Colombia','Málaga','2 Commercial Plaza','65617'),(4526,'Håkan','Petkov','Creighton','1976-11-01','423664008','804861288','4 Mifflin Court','573164','Portugal','Pataias','France','Nanterre','87621 Laurel Center','683913'),(4527,'Josée','Claffey','Alvie','1986-12-08','654789557','917897462','16 Lakewood Court','468021','China','Hetang','China','Qingping','89404 Anniversary Drive','308948'),(4528,'Estève','Redolfi','Ferguson','1959-10-11','901701085','333813420','59 Ryan Alley','654671','Libya','Az Zintān','Denmark','København','06537 Arapahoe Point','76973'),(4529,'Görel','Langan','Heinrick','1953-09-28','181272250','347493764','1 Jana Plaza','507307','Pakistan','Toba Tek Singh','Russia','Lyaskelya','9 Summer Ridge Plaza','582700'),(4530,'Françoise','Gallety','Arther','1999-09-21','891342107','678680052','89042 Lighthouse Bay Avenue','704853','Haiti','Grande Rivière du Nord','China','Tieli','9 Colorado Place','724821'),(4531,'Adélie','Elfes','Sylas','1970-06-30','833966866','528953776','9431 Gerald Terrace','621771','Yemen','Ad Dann','Portugal','Seia','0 Jenifer Place','568661'),(4532,'Marylène','McAne','Augustus','1960-02-27','363447431','874847596','866 Parkside Junction','495151','Guatemala','Pasaco','China','Huanghuatan','01771 Oakridge Avenue','347149'),(4533,'Frédérique','Sleath','Cole','1990-07-18','180140808','932721629','31 American Road','39948','China','Shanmuqiao','Russia','Borovikha','6226 Laurel Park','877141'),(4534,'Audréanne','Yabsley','Jase','1966-08-28','175887690','696417679','2892 Arapahoe Avenue','17983','Norway','Hønefoss','Tanzania','Mtimbira','79337 Hazelcrest Pass','45823'),(4535,'Naëlle','Lago','Stacee','1988-03-04','939825901','232663732','3832 Bartelt Alley','257982','China','Chenjiatan','Philippines','Madrid','15788 Arkansas Alley','478727'),(4536,'Daphnée','Shale','Dallon','1991-12-04','716313378','524030947','5 Springview Pass','684679','China','Wanfu','France','Strasbourg','23 Monterey Hill','60547'),(4537,'Åslög','Perree','Clayton','1951-05-26','743489083','485803314','9 Scofield Place','630480','Mauritania','Atar','France','Puteaux','7 Nelson Point','66568'),(4538,'Thérèse','Yashnov','Artemis','1958-06-29','744252509','771378441','3545 Melby Point','506459','Afghanistan','Gardēz','Afghanistan','Charikar','87 Hallows Pass','94011'),(4539,'Clémentine','Fawley','Cooper','1957-10-27','454673757','342217680','091 Mifflin Plaza','624868','Philippines','Balatero','Paraguay','Naranjal','9 Fremont Crossing','318347'),(4540,'Géraldine','Dunsmore','Reinald','1983-07-10','247875521','195970773','706 Dryden Plaza','195668','China','Huangyang','Venezuela','Aroa','4023 Forest Dale Crossing','915271'),(4541,'Lén','Dagon','Claiborne','1971-01-22','327999600','987985157','18246 Merrick Street','83222','Indonesia','Blora','China','Jinghong','977 Charing Cross Pass','409091'),(4542,'Eloïse','Vlach','Cesaro','1995-03-17','188201714','681093830','027 Coleman Drive','661089','China','Shihua','China','Yanghong','218 Scott Alley','669674'),(4543,'Thérèsa','Wafer','Quinn','1972-09-06','668813396','160647368','60516 Bay Crossing','183595','Greece','Lykóvrysi','United States','Humble','474 Goodland Trail','732892'),(4544,'Joséphine','Simeoni','Quintin','1953-11-28','377523894','945661928','0885 Summit Plaza','674450','Greece','Kamárai','Colombia','Guataquí','9 Pepper Wood Pass','700282'),(4545,'Dafnée','Siggs','Stan','1994-02-23','415261744','541807004','0 Ryan Avenue','538044','Russia','Bessonovka','Cuba','Primero de Enero','99804 Maywood Circle','493054'),(4546,'Océane','Appleyard','Bank','1963-12-22','117913030','312846660','48 Victoria Court','637175','Iraq','Nāḩiyat Baḩār','China','Shangqiu','269 Merry Court','754087'),(4547,'Valérie','Biffen','Shep','1988-10-17','944527517','953331350','40 Bobwhite Junction','996265','Sweden','Tomelilla','Russia','Yam','977 Warner Crossing','185090'),(4548,'Ruì','Cursey','Jo','1954-06-27','900251181','573601340','138 Sycamore Point','603081','Indonesia','Dukuhsia','France','Guyancourt','249 Roxbury Crossing','443806'),(4549,'Lyséa','Tideswell','Elmer','1990-04-18','982554996','339814059','0 Coolidge Road','47485','Ukraine','Vodyane','Czech Republic','Nedakonice','0 Marcy Trail','209406'),(4550,'Lóng','Dugget','Mikol','1957-10-23','158202163','322135146','96 5th Park','893289','Mongolia','Ulaandel','Poland','Olkusz','21470 Express Road','15027'),(4551,'Réservés','Trevethan','Gilberto','1964-11-14','195584306','674003868','8 Gulseth Hill','613251','Colombia','Valledupar','Bhutan','Punākha','58 Darwin Road','792655'),(4552,'Ruì','Gerauld','Haslett','1958-07-30','119982016','220785688','5501 Blackbird Alley','158510','Poland','Krajenka','Dominican Republic','Gaspar Hernández','8700 Muir Park','529476'),(4553,'Valérie','Peris','Eduard','1966-01-08','335614641','316418472','16178 Johnson Park','866259','Russia','Vinsady','United States','Memphis','9742 Southridge Parkway','202166'),(4554,'Mélys','Twiddle','Barnabas','1994-08-19','346748914','869303535','05490 Bartillon Place','30028','Finland','Liminka','Indonesia','Permas','64595 Eastwood Hill','985478'),(4555,'Faîtes','Springtorpe','Torry','1959-08-21','766601743','824696043','4674 Corben Court','775319','China','Jinrongjie','United States','Roanoke','613 Lawn Pass','96050'),(4556,'Ruì','Keese','Conway','1987-05-07','141069802','733619152','0 Cody Way','283708','United States','Saint Paul','France','Vittel','2022 Golf View Junction','222828'),(4557,'Mélia','Lubbock','Phillip','1965-06-17','871395041','998041668','70 Gerald Road','644257','Ukraine','Verblyany','Japan','Fukuoka-shi','8359 Heffernan Lane','890335'),(4558,'Magdalène','Hardacre','Barthel','1971-03-15','788735958','796570821','2905 Sage Park','173849','China','Daliu','Zimbabwe','Lupane','29 Bay Hill','346304'),(4559,'Illustrée','Fragino','Harbert','1982-01-18','196009377','131659558','73 East Trail','920111','Philippines','San Basilio','Peru','Sitabamba','1902 Jenifer Point','753426'),(4560,'Maï','Scola','Brien','1987-06-06','164164858','170990621','6871 Butterfield Point','701664','United States','Sacramento','Russia','Perfilovo','36 Burning Wood Point','914462'),(4561,'Laurélie','Baldrick','Wyatt','1989-03-26','528188440','265737236','36676 Blaine Hill','510571','Indonesia','Kruengraya','Brazil','Jaboatão','6836 Dayton Park','515553'),(4562,'Börje','Raulston','Ferd','1979-10-11','102850906','894241558','0655 Thackeray Trail','417439','Russia','Semikarakorsk','Indonesia','Campok','1480 Havey Center','925470'),(4563,'Mahélie','Querrard','Linoel','1964-10-13','304980524','833690841','22 Emmet Pass','678636','China','Hepingyizu','Indonesia','Talibura','91958 Derek Park','234000'),(4564,'Noëlla','Grindrod','Martie','2003-02-23','541812920','134636761','4752 Rockefeller Center','34789','Russia','Yelizavetinskoye','Peru','Morcolla','5013 Bayside Plaza','772786'),(4565,'Mélodie','Bardell','Reggie','1987-11-06','130368257','197682622','7932 Shoshone Parkway','964150','Serbia','Ruma','Philippines','Sankanan','759 Raven Alley','421871'),(4566,'Maëline','Mullenger','Onofredo','1955-03-16','909132894','639525107','7333 Spaight Avenue','25946','Indonesia','Ngadipuro','Philippines','Magarao','0988 Veith Park','490431'),(4567,'Frédérique','Horbath','Garald','1997-06-25','361006485','455287988','3 Goodland Center','257044','Japan','Shirahamachō-usazakiminami','Czech Republic','Chropyně','37 Holmberg Court','440354'),(4568,'Eléa','Hawkeswood','Hal','1964-08-05','115388415','269135166','280 Derek Court','127675','Ukraine','Lyubech','Indonesia','Tombatu','34352 Kinsman Alley','248262'),(4569,'Crééz','Chansonnau','Jordon','1994-06-23','398779220','334528840','8734 Corben Trail','190241','Venezuela','Naguanagua','Russia','Khomutovo','2 Monument Junction','592615'),(4570,'Bérénice','Rasmus','Abrahan','1979-03-09','259518041','601672666','772 Kinsman Crossing','502090','Russia','Aksarka','Japan','Fukiage-fujimi','763 Forest Run Park','532194'),(4571,'Yóu','Mewett','Emelen','1999-04-27','529091734','906920141','172 Lukken Drive','535988','Indonesia','Jamban','China','Jinxiang','847 Sycamore Drive','287532'),(4572,'Léana','Kettell','Ludovico','1979-08-29','248613246','575967286','70660 Portage Trail','528251','Indonesia','Krajanjugosari','Serbia','Sombor','97 Killdeer Way','921809'),(4573,'Publicité','Mattiazzo','Arturo','1992-04-19','629477433','122624269','1246 Stephen Court','913629','Indonesia','Sekampung','Finland','Valtimo','3 Stang Road','293473'),(4574,'Mélanie','Twidle','Gasparo','1995-11-13','873089706','527282093','789 Kropf Park','958037','France','Levallois-Perret','Philippines','Palanas','3 Birchwood Place','504968'),(4575,'Ruì','Landre','Samuele','1967-03-02','116588464','418042993','04967 Parkside Trail','431833','Malawi','Balaka','China','Aizhai','61 Mallard Center','327560'),(4576,'Gisèle','Wilkes','Travers','1994-06-28','545398559','949869652','2 Packers Street','116375','Philippines','Guiuan','Zimbabwe','Mazowe','11 Esch Trail','266581'),(4577,'Méline','Kneesha','Ashlin','1959-05-07','494598502','946778867','0 Westridge Lane','750473','Poland','Przyborów','France','Brétigny-sur-Orge','87374 Havey Avenue','138294'),(4578,'Angèle','Shann','Titos','1973-04-19','756333921','310666937','61 Butterfield Avenue','475160','China','Beixin','Indonesia','Idi Rayeuk','8360 Jana Point','923046'),(4579,'Rébecca','Pursey','Rolfe','1955-06-03','314595026','787018067','2 Warrior Circle','271768','France','Landivisiau','Russia','Omutninsk','51 Bartelt Terrace','958977'),(4580,'Séverine','Gebhard','Hazlett','1960-09-14','689108086','918444600','6 John Wall Center','854658','Moldova','Bender','Sweden','Strängnäs','69 Rieder Drive','489952'),(4581,'Geneviève','Rubinsky','Bourke','1957-04-01','427761135','971769150','3 Hagan Court','757552','Poland','Gózd','Greece','Rizómilos','45354 Hagan Parkway','937086'),(4582,'Åke','Bortolussi','Rowney','2005-01-30','160736255','269193369','92350 Warbler Circle','440786','China','Wenfang','China','Nanxi','07358 Pennsylvania Lane','432195'),(4583,'Maëlla','Plummer','Bradly','1981-03-19','885867422','924970583','44455 Forest Lane','974200','China','Liandu','Ivory Coast','Bouaké','049 Merry Street','955370'),(4584,'Médiamass','Curtain','Nappie','1988-12-16','994754550','179761312','53559 Mayfield Circle','27059','China','Huangshui','Tajikistan','Chubek','447 Havey Junction','714324'),(4585,'Adèle','Andrei','Hashim','1980-06-24','872797347','498542551','94 Stuart Hill','945089','China','Taozhuang','China','Tangwang','9813 Carioca Drive','86485'),(4586,'Thérèsa','Huckerbe','Cullan','1977-09-23','551588059','973482652','0296 Sutteridge Point','140905','Bulgaria','Burgas','Brazil','Maracás','2334 Ridge Oak Lane','582877'),(4587,'Cunégonde','Luard','Cliff','2004-04-13','412116666','473930221','3544 Knutson Court','249120','Portugal','A-da-Gorda','Poland','Zagórnik','8963 Carey Place','429164'),(4588,'Océane','Hiom','Alfred','1996-01-22','617857083','137601721','65448 Transport Avenue','284168','Russia','Lokosovo','Lesotho','Maseru','7 Huxley Avenue','511671'),(4589,'Crééz','Kempe','Keefe','1980-04-30','564162961','921464631','3021 Meadow Ridge Road','846830','Indonesia','Ciela Lebak','Mongolia','Darvi','0034 Stang Center','335525'),(4590,'Anaëlle','Warlton','Jermaine','1967-09-16','738691479','123708259','4823 Holmberg Hill','347680','United States','Long Beach','Philippines','Laguilayan','9206 Transport Terrace','249770'),(4591,'Stéphanie','Dixcee','Gilburt','1974-01-30','244359912','475964683','31 Lotheville Terrace','801476','China','Sanbao','Japan','Nakanojōmachi','9865 Logan Alley','898942'),(4592,'Örjan','Fawckner','Arnuad','1963-07-24','954903528','661967603','43527 Tennyson Lane','741134','Democratic Republic of the Congo','Ilebo','Philippines','Matlang','7 Kensington Alley','333355'),(4593,'Pål','Hackford','Oswell','1981-08-23','653072343','608304818','77511 Clarendon Drive','975537','Philippines','Lanuza','Greece','Kallífytos','86 Melvin Court','887627'),(4594,'Méng','Tullett','Ennis','1993-01-28','816675907','107500482','1184 Northwestern Alley','248810','China','Bizhou','China','Haicheng','1 Sommers Road','591328'),(4595,'Liè','de Chastelain','Alanson','1976-09-20','695896846','638960707','24 Mallard Alley','384403','Uruguay','Cardal','Palestinian Territory','Far‘ūn','63187 Fisk Crossing','938841'),(4596,'Bérengère','Janton','Rab','1998-11-12','851767134','358976661','3 Kings Center','188677','China','Hengshui','United States','Charlottesville','79 Clyde Gallagher Street','60367'),(4597,'Bérengère','MacArthur','Rossie','1966-06-05','759042861','790210712','27 Northview Point','636891','Indonesia','Nila Dua','Philippines','San Celestio','7 Vernon Road','111861'),(4598,'Göran','Kilpin','Jeremie','1972-01-29','701892042','810607160','9 Talisman Alley','102022','Thailand','Chang Klang','China','Tonggu','02466 Center Junction','367088'),(4599,'Audréanne','Penburton','Hersh','1965-12-04','241346995','718319848','3279 Hoard Way','537576','China','Xomong','China','Chencun','637 Reinke Court','991831'),(4600,'Laurène','Domingues','Buiron','1965-09-09','906481736','478272503','84 Mayer Park','191055','China','Anhai','Philippines','Tagbilaran City','27 Gulseth Court','733100'),(4601,'Yénora','Vyse','Cortie','1988-04-08','884936290','321353429','85 Nobel Plaza','118646','Brazil','Rio Brilhante','Czech Republic','Chrastava','30758 Anniversary Avenue','392937'),(4602,'Laïla','Jacquemet','Jeremias','1995-05-02','457438976','328327140','616 Hagan Junction','607584','Indonesia','Bhokadoke','Thailand','Mukdahan','88139 Hanson Crossing','26547'),(4603,'Laurène','Gouldstraw','Lek','1988-04-14','738846083','833882648','2 2nd Street','916465','Philippines','Marogong','Myanmar','Bhamo','5150 Surrey Center','400563'),(4604,'Erwéi','Stern','Vernor','1971-10-26','268442770','582897927','50 Wayridge Avenue','946595','China','Xinzhuang','Mexico','Santa Cruz','461 Anniversary Court','982042'),(4605,'Dù','Stanyer','Conn','1968-12-30','705272867','640673017','61576 Transport Park','58815','Tunisia','El Fahs','Indonesia','Tengah','621 Armistice Parkway','324500'),(4606,'Eléa','Ladd','Dannel','1988-07-15','312833919','185758037','3 Scott Street','235647','Indonesia','Kadugede','China','Yinhedahan’er','43 Shoshone Crossing','732516'),(4607,'Léonie','MacCollom','Gardie','2004-12-24','952891229','994456906','55677 North Road','811668','China','Jinbo','China','Xiaochi','443 Oak Hill','612641'),(4608,'Pål','Sellek','Kiley','1964-08-06','327832836','627151082','608 Clarendon Road','361639','Thailand','Khok Sung','Poland','Krzemieniewo','339 Elgar Drive','74894'),(4609,'Marie-thérèse','Schachter','Normand','1962-10-07','918901692','241490829','80798 Pepper Wood Circle','886637','Canada','Saint Andrews','China','Dongguang','2 Fair Oaks Park','71127'),(4610,'Laurélie','Zorzi','Jermayne','1953-08-23','882943892','230285236','5 Mariners Cove Way','991713','United States','Honolulu','Russia','Staryye Atagi','597 Fuller Drive','389002'),(4611,'Rébecca','Schaben','Ronnie','2001-01-07','545145484','910346827','597 Warrior Parkway','626043','Argentina','Carlos Casares','China','Liaoyang','06 Utah Park','523089'),(4612,'Kù','Digges','Samson','2003-09-24','582412660','112165546','86469 Oriole Way','856582','China','Wantou','Vietnam','Thạnh Hóa','94334 Del Sol Place','540271'),(4613,'Mà','Piers','Addie','2003-11-22','975574599','936467301','1367 Tennyson Parkway','355115','Philippines','San Jose','Ukraine','Brylivka','5 Algoma Trail','133822'),(4614,'Hélène','Maclean','Agustin','1977-06-10','982510734','163641165','8 Commercial Parkway','24341','Israel','Herzliya Pituah','Indonesia','Krajan','991 Forest Court','266598'),(4615,'Torbjörn','Dominichelli','Everard','1987-11-27','351956650','218472103','3560 Scott Drive','873897','Portugal','Estrada','China','Gaogu','99 Raven Terrace','355212'),(4616,'Léana','Spinozzi','York','1959-03-12','682503105','969136020','705 Magdeline Crossing','827689','Bulgaria','Malko Tŭrnovo','Norway','Kristiansand S','4899 Bunker Hill Alley','671974'),(4617,'Bérengère','Crasswell','Waverly','1954-06-12','683716482','767614285','38715 Florence Pass','931875','Indonesia','Krajan Bejagung','China','Majiang','2 7th Park','725915'),(4618,'Liè','Meadus','Niall','1954-05-22','256588874','863331876','38 Derek Hill','952917','Iran','Māmūnīyeh','China','Haokou','0 Crescent Oaks Center','867031'),(4619,'Cloé','Baigrie','Calvin','1986-12-02','223954403','713570395','83209 Bobwhite Court','836745','Philippines','Manabo','United States','Tuscaloosa','34300 Montana Lane','151956'),(4620,'Ruì','Weekly','Waylen','1962-03-19','100599856','805669716','596 Village Green Trail','621766','Honduras','La Libertad','Philippines','Oras','2963 Maryland Plaza','418568'),(4621,'Rachèle','Eyckelberg','Berkie','1987-11-15','628989500','300550163','32 Marcy Junction','509736','Indonesia','Krajan','China','Mangdang','11611 Blaine Center','785552'),(4622,'Marlène','Ryal','Rabi','1965-03-28','409172409','736550162','51 Weeping Birch Avenue','251233','Sweden','Falkenberg','Honduras','Ocote Paulino','3 Carpenter Drive','801073'),(4623,'Lucrèce','Szwarc','Mikey','2002-02-13','386340347','771594974','8321 Beilfuss Park','705037','Finland','Valtimo','Mongolia','Altay sumu','75271 Sherman Avenue','841899'),(4624,'Josée','Pien','Davidde','1969-08-06','506141751','694234430','372 Reinke Place','766252','France','Nanterre','Thailand','Phra Yuen','3 Logan Court','932821'),(4625,'Bérénice','Tomaskov','Willdon','1971-04-29','112819117','769445908','48 Huxley Way','403117','France','Perpignan','Brazil','Porto Ferreira','88245 Dixon Drive','674096'),(4626,'Östen','Managh','Thoma','1951-04-28','525108597','906899891','71033 Twin Pines Drive','37359','China','Lingqiao','Spain','Almeria','7 Maywood Parkway','383019'),(4627,'Aimée','Holliar','Brigham','1991-05-17','694421690','386561278','05 Dennis Center','190877','Ethiopia','Robīt','Bulgaria','Borino','50162 Iowa Pass','649018'),(4628,'Hélèna','Jurries','Bryn','1990-03-02','144137172','857564555','5 Homewood Park','169060','Czech Republic','Valdice','China','Touzao','5 Clarendon Terrace','141033'),(4629,'Audréanne','McJarrow','Matthias','1972-03-25','340166046','628238257','413 Paget Crossing','310938','China','Jingyang','Ukraine','Koloniya Zastav’ye','2837 Stephen Road','197393'),(4630,'Kù','Rockwill','Sammie','1982-01-03','134059618','923769647','06529 Acker Trail','625230','Netherlands','Heerlen','Panama','La Palma','08887 Iowa Alley','361669'),(4631,'Aimée','Samuel','Kimball','1996-05-26','493464044','958509187','9742 Manley Point','966051','Philippines','Opol','Russia','Stodolishche','02613 4th Park','559424'),(4632,'Noëlla','Shearn','Ritchie','1970-12-14','162573166','893157409','42 Cody Court','505529','South Africa','Warmbaths','Macedonia','Bosilovo','15 Lyons Junction','61760'),(4633,'Marie-ève','Crinage','Arlen','1981-05-19','769804752','937480776','00 Stuart Avenue','498014','Norway','Oslo','China','Mingyue','11 Tomscot Street','385830'),(4634,'Tú','Dougan','Franklyn','1967-04-15','773870215','633044009','86 International Street','551797','Portugal','Conqueiros','Indonesia','Baranti','2 Donald Trail','966008'),(4635,'Daphnée','Scotts','Yorke','1999-08-12','664447846','478822239','395 Commercial Crossing','912942','Peru','Andahuaylas','Albania','Zall-Dardhë','6 Northport Circle','300767'),(4636,'Méghane','Simkin','Sutton','1967-12-23','497153638','454554485','98040 Clarendon Street','531436','Brazil','Cruzeiro do Sul','China','Yajiang','4060 Blackbird Road','997408'),(4637,'Marlène','Jobbins','Kort','2000-03-27','371175361','908673616','1346 Kedzie Hill','342860','China','Dongping','Philippines','Valencia','5839 Brown Drive','311284'),(4638,'Mélia','Querrard','Zak','1978-03-14','345356685','416114886','651 La Follette Avenue','386347','Slovenia','Šmarje pri Jelšah','Canada','Charlemagne','4443 Prentice Road','953267'),(4639,'Mélina','Luter','Noland','1990-02-23','985715837','137706058','87 Pepper Wood Place','693562','Honduras','Oropéndolas','Colombia','Mapiripán','56767 Mayfield Way','385584'),(4640,'Mélanie','Davidovitz','Gerek','1961-05-23','607718164','406555498','0318 Pearson Drive','482688','Philippines','Limon','Zimbabwe','Mutoko','98 Washington Park','111159'),(4641,'Noëlla','Glenny','Carny','1979-10-05','100177725','464942916','161 Susan Terrace','952764','Armenia','Sovetakan','Portugal','Olho Marinho','36179 Farwell Circle','87009'),(4642,'Inès','Rubertis','Caldwell','1952-07-03','554639052','446671529','8488 Jenna Trail','529631','Indonesia','Dengok','Ukraine','Shabo','4 Aberg Plaza','515554'),(4643,'Cléa','Smitham','Tracie','1983-02-02','482478111','611978502','50 Columbus Alley','801128','Indonesia','Gerelayang','Denmark','Frederiksberg','20051 Memorial Hill','32126'),(4644,'Anaïs','Swynley','Sanson','1990-10-19','622967404','282174266','8294 Northland Center','977510','Peru','Canchayllo','Panama','Los Algarrobos','021 Superior Point','34781'),(4645,'Ophélie','Eyeington','Lyman','1975-11-14','238804092','934212678','2808 Messerschmidt Circle','979445','Latvia','Vaiņode','Brazil','Gravatá','15075 Haas Crossing','629036'),(4646,'Adélie','Naul','Ivan','1957-01-19','298328394','855681408','5 Boyd Lane','199023','Philippines','Pindangan Centro','China','Xiaojinkou','08013 Southridge Street','357086'),(4647,'Sòng','Collingworth','Wilton','1950-05-21','552997854','140361451','6800 Di Loreto Drive','12742','Colombia','Manizales','Democratic Republic of the Congo','Kambove','97489 Hallows Pass','116496'),(4648,'Maëline','Elener','Franklin','1992-04-19','220390732','971006252','50 Melrose Street','88537','Zimbabwe','Macheke','Indonesia','Nabire','00 Jackson Street','470122'),(4649,'Maïlys','Gorrissen','Burr','1954-09-23','359960425','496506980','629 Barby Hill','317373','China','Nanyang','China','Shiquanhe','89204 Kim Park','904462'),(4650,'Adélaïde','Braid','Fraze','1960-01-27','935530817','998080593','1954 Merrick Road','47075','Democratic Republic of the Congo','Uvira','United States','West Hartford','552 Village Way','49636'),(4651,'Pélagie','Roffe','Stanislaw','1967-06-12','303008635','335588243','493 Transport Place','573028','Brazil','Promissão','China','Gutian','49690 Melby Avenue','640297'),(4652,'Lèi','Axcell','Kit','1995-09-17','396954787','421083171','52453 Hayes Parkway','762631','Ukraine','Krasyliv','Indonesia','Tanahbeureum','45100 Goodland Way','335178'),(4653,'Françoise','Walworche','Briggs','1988-02-08','649400475','600943303','2826 Union Crossing','188520','United States','Scottsdale','Russia','Blagodatnoye','22 Independence Drive','818738'),(4654,'Lóng','Chace','Sutherlan','1989-02-01','375804998','584594193','87900 Graedel Street','573007','Indonesia','Krajan Kerjo','China','Liangdong','781 Cherokee Point','536217'),(4655,'Annotés','Stearndale','Winifield','1990-03-18','810110780','329760510','26 North Point','668227','Kosovo','Orahovac','Brazil','Conde','367 Arapahoe Parkway','812466'),(4656,'Angélique','Shapero','Skipp','1993-07-17','891268711','791046983','61 Meadow Ridge Street','599161','Indonesia','Pasirdalem','Poland','Bledzew','7328 Parkside Point','465355'),(4657,'Léonore','Flannigan','Balduin','1986-07-21','627327289','354178491','109 Blackbird Way','548900','Uzbekistan','Parkent','Belarus','Lyasny','2 Kim Junction','408272'),(4658,'Félicie','Benninck','Clifford','1998-03-06','830104355','861311545','831 Gale Way','753483','China','Tangchi','Turkmenistan','Mary','01 Manley Way','827183'),(4659,'Laïla','Kitteridge','Etienne','1970-06-03','384474504','226118860','13935 Fulton Plaza','41457','China','Zuocun','Ecuador','Pedro Carbo','53 1st Junction','171970'),(4660,'Illustrée','Halloran','Conroy','1958-03-28','234673935','364636972','93208 Doe Crossing Circle','99169','Indonesia','Tutnae','Indonesia','Tamanan','67 Ridgeview Center','680381'),(4661,'Estée','Warry','Fabe','1985-08-19','567608046','128040361','9 Lien Parkway','338756','Portugal','Passos','Croatia','Tovarnik','85256 Florence Junction','933881'),(4662,'Loïc','Schanke','Allistir','1965-09-14','636591773','586779676','76 6th Avenue','344486','Indonesia','Cisalak','Costa Rica','Purral','32 Sloan Junction','887499'),(4663,'Åslög','Golborne','Marion','1954-08-01','295397409','827481553','346 Lunder Avenue','997225','United States','Knoxville','Croatia','Imotski','2813 Carioca Road','300950'),(4664,'Mélissandre','Winpenny','Daven','1986-10-03','496219764','861738053','0967 Garrison Parkway','167764','Madagascar','Manakara','Indonesia','Karangturi','99618 Shopko Street','854385'),(4665,'Liè','Kopta','Keith','1971-04-20','214542158','762309605','914 Graceland Crossing','429553','China','Wuxihe','Mozambique','Chimoio','3 Bayside Street','765526'),(4666,'Lén','Hails','Salomon','1988-01-16','852724492','668349384','67044 Nobel Center','589768','Mexico','Independencia','Russia','Mesker-Yurt','703 Dwight Alley','69128'),(4667,'Marlène','Goldsberry','Nickie','1986-04-23','300852502','225274127','36 Hermina Trail','604273','Mexico','Emiliano Zapata','Costa Rica','Nicoya','916 Lakeland Center','256262'),(4668,'Séverine','Menendes','Kristos','1985-02-20','256989582','966546697','05372 Cambridge Road','587918','China','Liaonan','China','Marelesu','0 Hoard Park','382652'),(4669,'Pénélope','Osorio','Anatole','1984-09-02','650036981','168536583','572 Eggendart Pass','35887','Indonesia','Grugul','Indonesia','Siding','599 Wayridge Drive','65831'),(4670,'Dà','Al Hirsi','Tommie','1977-02-27','778418890','837860373','3 Charing Cross Circle','901838','Canada','Parrsboro','France','Issy-les-Moulineaux','959 Hansons Road','182901'),(4671,'Liè','Krochmann','Tallie','1955-03-09','447012256','327997641','15 Knutson Pass','804015','United States','Pensacola','Portugal','São Pedro','574 Dovetail Point','701828'),(4672,'Maïlis','Portchmouth','Patin','1973-02-03','528692176','537743753','1150 Kennedy Place','255762','Thailand','Na Wa','Brazil','Abaetetuba','05530 Granby Plaza','938248'),(4673,'Médiamass','Petrosian','Jackson','1960-12-28','134743560','562133074','32252 Bluejay Drive','523562','China','Kangle','Thailand','Songkhla','055 Weeping Birch Plaza','771956'),(4674,'Gwenaëlle','Ertel','Thebault','1989-04-18','451399992','473046370','19 Marquette Drive','346771','China','Gongdao','Panama','Capira','59 Autumn Leaf Junction','927812'),(4675,'Cléa','Barajaz','Chip','1972-04-19','486224894','926765069','33 Northview Court','273800','United States','Paterson','Pakistan','Warburton','4 Jay Crossing','357001'),(4676,'Intéressant','Suttaby','Gualterio','1987-11-26','631569181','891876352','60 Meadow Valley Way','607269','China','Tanjiaqiao','Sweden','Stockholm','94723 Delladonna Crossing','183209'),(4677,'Maëlla','Matuszkiewicz','Marcos','1992-10-23','133917467','289094879','02115 Sullivan Hill','550469','Palestinian Territory','Az Zaytūnīyah','Bahamas','Marsh Harbour','87286 Elka Park','693347'),(4678,'Thérèse','de Broke','Marijn','1996-12-08','270535550','218257174','0 Amoth Lane','439800','Portugal','Tapado','Russia','Tomsk','542 Hollow Ridge Pass','711698'),(4679,'Ruò','Bonaire','Bernie','2005-09-07','942382264','238522220','0 Bashford Road','423480','Zambia','Choma','Mongolia','Dzel','8756 Randy Hill','989647'),(4680,'Mégane','Corro','Berkie','1996-04-03','145294878','708391562','6930 Farragut Street','904987','Indonesia','Witihama','Indonesia','Beoga','15 Shasta Lane','182418'),(4681,'Mélissandre','Cosyns','Say','2004-04-21','936810670','343271358','61511 Rowland Lane','269428','Armenia','Mayisyan','Indonesia','Sindangsari','08917 Vera Junction','93876'),(4682,'Kù','Gaynsford','Herbie','1982-09-01','487253341','783724361','0 Jackson Avenue','919854','Thailand','Nakhon Ratchasima','Japan','Mishima','66539 Susan Crossing','385458'),(4683,'Régine','Taylot','Nefen','1954-11-21','798146154','345201614','097 Gale Road','912867','Thailand','Si Racha','Russia','Novoshakhtinskiy','6 Maywood Alley','823063'),(4684,'Mélanie','Tregunnah','Quincy','1969-03-11','533986158','838384619','422 Butternut Junction','779316','China','Zouma','Honduras','Nuevo Chamelecón','24 Ronald Regan Avenue','727127'),(4685,'Anaëlle','Blondel','Ricard','1983-06-21','628461986','107469274','98830 Dexter Place','220569','Venezuela','Los Guayos','Peru','San Bernardino','812 Canary Plaza','836885'),(4686,'Marie-françoise','Inkpen','Jamil','1968-07-17','188439839','362162484','596 Forest Dale Center','426082','Indonesia','Watulumbung','Brazil','Iporá','23 Novick Point','810554'),(4687,'Athéna','Knightley','Othello','1960-09-18','688761291','983462776','8 Monica Circle','171505','China','Baoquanshan','Canada','Martensville','1 Oak Valley Way','712082'),(4688,'Vénus','McMickan','Alford','1964-02-12','939985147','410550479','4 Nelson Drive','173949','Peru','Limatambo','Kosovo','Lluka e Eperme','39926 Ludington Junction','599025'),(4689,'Béatrice','Comini','Holden','1962-03-24','762403116','878696363','00 Lakeland Terrace','793939','Laos','Ban Houakhoua','China','Yanghu','336 Mcguire Lane','193010'),(4690,'Mahélie','Tocknell','Marcello','1957-11-13','200628676','522298467','99 Service Trail','567321','Honduras','Oropéndolas','Bulgaria','Zlataritsa','07 Oxford Circle','101866'),(4691,'Célestine','Bagster','Adair','1981-11-17','326803542','741022343','7 Upham Way','388441','China','Nyagla','Poland','Przemków','8853 Daystar Trail','861632'),(4692,'Jú','Jacobsz','Sully','1979-06-30','467570703','180609857','56 Banding Circle','812530','Bulgaria','Lyaskovets','Poland','Włoszakowice','0497 Clove Park','641315'),(4693,'Thérèsa','Di Ruggiero','Clim','1983-09-06','270949052','572672658','07995 Carey Avenue','19832','Russia','Ostankinskiy','Poland','Suchedniów','6 Moland Pass','41412'),(4694,'Léana','Poundesford','Allard','1977-12-11','445473191','206172093','1 Holmberg Park','138693','China','Caofang','China','Hongshi','172 Springview Road','646664'),(4695,'Célia','Blazynski','Bernhard','1989-11-19','763292533','628355642','1911 Pepper Wood Drive','868104','Jamaica','Ulster Spring','Czech Republic','Havlíčkův Brod','20 Moulton Alley','87277'),(4696,'Josée','Renforth','Darrell','2000-11-16','127871878','675980849','21 Westport Hill','347289','Indonesia','Banjar Ambengan','Thailand','Chom Bueng','58 Cordelia Park','356998'),(4697,'Audréanne','Standrin','Duke','1986-01-24','858879552','533710023','48532 Briar Crest Pass','119452','United States','Richmond','Colombia','Granada','24 Saint Paul Point','255114'),(4698,'Laurène','Arnoldi','Ossie','1978-07-14','955689370','308717150','4 Bartelt Point','475931','Papua New Guinea','Angoram','Portugal','Abade de Vermoim','00412 Judy Alley','290699'),(4699,'Méthode','Antoons','Shalom','1978-03-29','898421935','156728408','31 Vermont Court','604899','China','Zhongzhou','China','Chengdong','99116 Cordelia Drive','205133'),(4700,'Dà','Pool','Stan','1976-12-04','766411435','219341939','51363 Orin Point','371152','Russia','Kolomyagi','China','Jiangnan','151 Stone Corner Circle','377783'),(4701,'Göran','Fassum','Bailie','1998-06-17','301101519','959204744','07 Manley Park','832074','Indonesia','Kemang','United States','Austin','7 Spenser Junction','97435'),(4702,'Lèi','Ledley','Farley','2004-11-14','765814318','716936136','51 Knutson Crossing','151452','Indonesia','Tegalgede Kulon','France','Saverne','04336 Gina Street','713017'),(4703,'Pò','Plewman','Maurice','1953-09-15','600910700','735439110','25 Dryden Point','711802','China','Tanggan','Japan','Miyoshi','82935 Melvin Hill','846723'),(4704,'Réservés','Westcot','Fremont','1973-06-27','157115207','689695088','5596 Sage Lane','227478','Sweden','Vårgårda','China','Zhongshanmen','46272 Homewood Way','212063'),(4705,'Néhémie','Emnoney','Pierce','1992-03-30','798517832','323852401','67306 Mariners Cove Trail','455028','Russia','Gusinoozyorsk','China','Xichangmen','1230 Rutledge Trail','903438'),(4706,'Josée','Davidovitch','Gunner','1996-08-12','611755349','255839670','924 Columbus Parkway','652175','Togo','Sokodé','Portugal','Vales','249 Lakeland Avenue','787709'),(4707,'Laurélie','Banbrigge','Joshuah','1969-08-29','158643634','364834947','0767 Hagan Circle','339318','United States','Fresno','Greece','Valsamáta','5 Pond Drive','99640'),(4708,'Angèle','Groll','Gannon','1984-04-12','668697451','793186568','792 Dwight Terrace','318112','Russia','Sosnovo-Ozerskoye','China','Huangzhu','4 Carberry Street','921136'),(4709,'Ruò','Bashford','Boyd','2003-12-31','962692417','412436147','7778 Lukken Drive','407638','China','Ankou','China','Yangkang','18 Loomis Court','393104'),(4710,'Lauréna','Gasking','Albrecht','1957-10-17','116050881','443880263','94357 Northridge Park','827597','Indonesia','Ketanggi','Bolivia','Quime','236 Crownhardt Lane','877427'),(4711,'Léana','Striker','Consalve','1979-12-03','391435880','927995523','5310 Farwell Street','993439','Philippines','Batarasa','Morocco','Ouijjane','785 Burrows Road','760384'),(4712,'Ráo','Tong','Farly','1972-07-18','129633873','361323803','658 Johnson Center','379652','Russia','Mortka','Mexico','San Antonio','06 Pine View Center','350874'),(4713,'Kù','Rowsel','Lionello','2005-07-13','849518895','982784211','5 Marcy Pass','979927','Czech Republic','Bochov','Brazil','Penápolis','8 Almo Center','266686'),(4714,'Ophélie','Blasiak','Tybalt','1993-10-16','403915017','649464328','896 Barnett Junction','771569','Philippines','Bantacan','China','Xiaocun','0225 Merry Plaza','330160'),(4715,'Marie-josée','Ivic','Husein','1960-12-16','628182145','367766812','4298 Elka Center','110336','Russia','Semibratovo','Indonesia','Bungalaleng','187 Morrow Junction','724846'),(4716,'Hélène','Lockner','Lindsay','1963-08-01','473181124','540281623','51285 Green Way','194242','France','Bourges','Indonesia','Pangtangis Dajah','526 Lotheville Trail','390140'),(4717,'Fèi','Truran','Shamus','1964-03-02','624089696','519388587','894 Loftsgordon Drive','431531','China','Guojiaba','Indonesia','Lueng Putu','0 Meadow Valley Way','198811'),(4718,'Bérangère','Smuth','Heindrick','1967-07-04','107260010','460585379','86 Lighthouse Bay Crossing','743667','Moldova','Bender','Peru','Ancahuasi','5 Manley Alley','22791'),(4719,'Sòng','Elstob','Iggie','1999-11-18','810588806','430456195','21 Old Shore Center','898092','United States','Pittsburgh','Kosovo','Lumbardhi','090 Sunfield Place','468764'),(4720,'Marie-thérèse','Porch','Dion','1975-08-05','359954928','180292079','49325 Nevada Avenue','604543','Syria','Şūrān','China','Qijiang','410 Manufacturers Way','844534'),(4721,'Maïwenn','Batham','Dare','2001-01-15','999669694','985433889','674 Fieldstone Way','923690','China','Mubo','Mongolia','Hüremt','361 Armistice Center','867085'),(4722,'Athéna','Lumsdaine','Bronson','1978-10-13','990988234','148417957','6263 Kropf Street','449154','China','Sanxi','Iraq','Kufa','948 Surrey Alley','298688'),(4723,'Styrbjörn','Aston','Gage','1985-07-18','159353024','517135460','00107 Spohn Center','711739','Japan','Mitaka-shi','Russia','Kizhinga','1781 Mendota Park','688494'),(4724,'Adèle','Penburton','Paddie','1965-03-23','235331667','738836160','756 Upham Drive','280415','Philippines','Caronoan West','Marshall Islands','Rongelap','0617 Menomonie Street','958311'),(4725,'Desirée','Crosskill','Geri','1963-03-16','485085131','912783180','52097 International Place','267168','Indonesia','Krajan Kidul Rojopolo','China','Lieyu','94 Fisk Crossing','285788'),(4726,'Bérengère','Towns','Mal','1961-05-26','992903634','301046006','782 Lillian Plaza','468004','Russia','Pyra','China','Xingcheng','501 Mosinee Plaza','82745'),(4727,'Maëline','Holme','Cleve','1972-03-02','569733704','509707866','6096 Badeau Court','968265','Russia','Mamonovo','Greece','Terpsithéa','9 Gale Parkway','766838'),(4728,'Maïlys','Aherne','Rickie','1976-01-18','768943662','447218878','04 Green Way','223282','Indonesia','Cijayana','Indonesia','Bata Tengah','32460 Sycamore Alley','884988'),(4729,'Marylène','Dunsmuir','Mauricio','1987-02-18','742025704','230947404','43 Heffernan Parkway','844993','China','Huaping','China','Caiyuan','4 Mesta Point','580482'),(4730,'Maëlyss','Matzel','Zachary','1991-01-31','182993407','296528481','96 Birchwood Hill','924357','Indonesia','Andekantor','Cameroon','Melong','32883 New Castle Hill','777548'),(4731,'Mén','Backen','Hogan','1994-04-24','646695383','774891497','308 Ridge Oak Place','523456','Indonesia','Jatimulyo','Russia','Zhemtala','689 Straubel Park','742299'),(4732,'Géraldine','Jeger','Victoir','1985-12-21','800491796','641606468','473 Holmberg Plaza','967891','Russia','Smolenka','Albania','Arrën','42 Laurel Street','421903'),(4733,'Léone','Risom','Reube','1992-03-27','365873067','299903052','57765 West Way','811710','Syria','Qārah','Poland','Czarna','1 Leroy Trail','444579'),(4734,'Maëline','Rash','Franny','1973-12-02','275181384','416126970','9792 Fordem Point','282918','Palestinian Territory','‘Ibwayn','France','Vallauris','07 Schurz Pass','650254'),(4735,'Gaétane','Mauvin','Gan','1986-02-10','604638799','463281393','5 Forest Run Street','27125','China','Damiku','Philippines','Janagdong','149 Pleasure Crossing','249692'),(4736,'Uò','Nornable','Morten','1955-11-27','877719600','587068560','1228 Old Gate Road','589460','China','Xianrendu','Indonesia','Rukunlima Bawah','98 Scott Avenue','895497'),(4737,'Nélie','Dunlop','Ferdie','1961-10-03','106584065','922939430','46846 Marquette Circle','940961','China','Yancheng','France','Nanterre','681 Brown Alley','860934'),(4738,'Intéressant','Eberlein','Ulrich','2001-01-07','691722271','761437893','3 Stephen Plaza','595528','Pakistan','Alīābad','Indonesia','Kapasan','7723 Hoepker Terrace','556525'),(4739,'Rébecca','Seamer','Linoel','2004-05-28','615265459','507602289','9 Golf View Street','471258','Gambia','Jakhaly','China','Chelu','370 Jana Center','794014'),(4740,'Liè','Wiffill','Lyell','1977-10-21','568014295','466518430','86 Grasskamp Road','886093','Indonesia','Dadapan','Ireland','Kildare','06 Summer Ridge Road','84904'),(4741,'Publicité','Lavalle','Gerri','1968-12-26','764431294','413708432','40 Muir Court','632578','Indonesia','Poteran','China','Dasuhe','7394 Nova Street','23937'),(4742,'Yáo','Styant','Henrik','1955-11-10','840002050','551770708','346 Kenwood Drive','160850','China','Yucheng','France','Hendaye','300 Bayside Parkway','447944'),(4743,'Uò','Volks','Humfried','1950-03-20','766486100','253062062','354 Hovde Road','748010','Philippines','Sabang','Zimbabwe','Headlands','3 Southridge Point','889945'),(4744,'Françoise','Spink','Augustin','2002-10-13','345747631','949555481','8314 Carey Street','443509','Dominican Republic','Santiago de los Caballeros','Philippines','Panacan','49 Springview Court','619369'),(4745,'Clélia','Coffee','Yankee','2005-06-25','507833434','649549187','4 Bellgrove Center','517992','Georgia','Lanchkhuti','Czech Republic','Borovany','6 Quincy Trail','395754'),(4746,'Athéna','Riddoch','Dagny','1977-01-24','483970412','890796172','0681 Chinook Terrace','277889','Philippines','Larap','Philippines','Salvacion','417 Brickson Park Parkway','401646'),(4747,'Judicaël','De Beauchamp','Emile','1977-07-04','679304995','562639665','2203 Toban Place','37352','Sweden','Storvreta','China','Yanjiang','3469 Oxford Parkway','371022'),(4748,'Eliès','Sperring','Mattias','1958-05-23','264421150','404692048','443 Mayer Lane','54280','Costa Rica','Matina','Philippines','Ternate','50058 Porter Center','793850'),(4749,'Céline','Kelle','Loren','1985-08-19','671060471','454755012','3 Longview Park','345403','China','Eshan','Portugal','Lordelo','2557 Scott Plaza','738472'),(4750,'Bérangère','McGibbon','Travus','1956-07-07','561974024','593361140','33 4th Terrace','614603','Portugal','Loureiro','Brazil','Santa Cruz Cabrália','3068 Mesta Junction','700764'),(4751,'Pélagie','Stoke','Martainn','2000-07-11','614001394','427242431','20000 Vermont Junction','469597','Latvia','Valka','Sweden','Nässjö','79660 Lakewood Hill','971725'),(4752,'Marie-noël','Leftwich','Kelwin','1968-07-26','463791880','472268892','4 Veith Point','157039','Brazil','Birigui','Indonesia','Barengkok','8 Corben Place','232215'),(4753,'Mélina','Gerred','Jaime','1984-09-01','402831368','682298624','5570 Gale Junction','178641','China','Guzhen','Poland','Sosnowiec','929 Lotheville Park','280335'),(4754,'Réjane','Enriquez','Burr','1995-03-06','199639254','594009972','812 Washington Street','141148','North Korea','Iwŏn-ŭp','Brazil','Parnaíba','553 Heath Alley','376658'),(4755,'Naëlle','Sebley','Freeland','1979-06-17','599002653','112352844','5 Charing Cross Avenue','739692','Indonesia','Jelat','Brazil','Buíque','7 Sutherland Pass','877147'),(4756,'Gwenaëlle','Paffley','Sutherlan','2000-12-30','460846118','640101387','8386 Hovde Circle','898432','Greece','Plagiári','Malaysia','Kuala Lumpur','7 Stephen Avenue','705937'),(4757,'Maëlys','Willshee','Jessie','1963-07-11','546503938','793449533','6867 Grasskamp Trail','244595','Thailand','Chai Badan','Ukraine','Pechenizhyn','42925 Petterle Park','678463'),(4758,'Athéna','Gagin','Bob','1965-02-01','355596580','667935378','007 Ryan Terrace','421137','Indonesia','Pakuncen','Saudi Arabia','Al Hufūf','9 Kenwood Pass','474097'),(4759,'Ruò','Overill','Yvor','1985-12-22','945081211','121084162','1917 Blaine Trail','742483','Ivory Coast','Yamoussoukro','Jamaica','Ulster Spring','666 Hudson Place','210472'),(4760,'Örjan','Lefeuvre','Hercule','1980-10-26','434419390','234992193','157 Anzinger Hill','268216','China','Mingshui','Vietnam','Thanh Khê','9 Coleman Park','338065'),(4761,'Magdalène','Haylands','Mikael','1976-03-01','111664949','470201690','2653 Killdeer Drive','876870','China','Heshi','Poland','Rzepiennik Strzyżewski','3 Rowland Avenue','585448'),(4762,'Réjane','Richens','Tristam','1980-08-21','520250402','286391878','03627 Hagan Circle','960135','China','Yongfeng','China','Bayan Qagan','1 Mandrake Circle','292007'),(4763,'Loïca','Grainger','Enoch','1960-03-24','829253315','407949501','02 Southridge Trail','68511','China','Lanling','China','Fushan','1 Hintze Trail','525346'),(4764,'Märta','McGlaud','Dunc','2004-12-07','257005788','626969164','766 Ridge Oak Avenue','629901','France','Orléans','Indonesia','Saseel','400 Ilene Street','199539'),(4765,'Marie-thérèse','Schachter','Tedie','1957-11-17','350796293','358434746','0376 Mifflin Road','16750','Brazil','Sumaré','Slovenia','Slovenske Konjice','0 Delladonna Pass','603956'),(4766,'Méline','Greystock','Barn','1965-10-01','684464312','129675965','45 Farragut Junction','402683','Indonesia','Cigintung','Philippines','Irahuan','63 Cardinal Park','551374'),(4767,'Noëlla','Hillock','Hamnet','1950-11-22','692742728','417892973','2955 Loomis Park','608924','China','Rendui','Brazil','Buri','9 Longview Junction','431058'),(4768,'Méryl','Mulqueeny','Siward','1950-10-22','668239968','679270910','99 Monterey Junction','573973','United Kingdom','London','Brazil','Marialva','29 Raven Circle','305384'),(4769,'Lucrèce','Abrahamsson','Matthew','1994-06-03','605726229','906337595','857 Roxbury Way','259628','Indonesia','Krajan','China','Yangxi','0 Towne Road','587307'),(4770,'Maëlann','Falkus','Johan','1960-11-29','127831124','445919234','881 Sutteridge Parkway','979889','China','Jindu','Indonesia','Sukadana Selatan','0144 Northview Drive','412894'),(4771,'Régine','Sellar','Inglebert','1977-05-24','817273200','141629531','09 Columbus Drive','981538','Japan','Uchimaru','France','Toulouse','9 Hansons Circle','348439'),(4772,'Valérie','Brogan','Jecho','1972-01-02','166479410','938366939','4035 Daystar Circle','818112','France','Montauban','China','Huji','953 Menomonie Plaza','966631'),(4773,'Geneviève','Roubay','Pietro','1998-11-04','458669462','926137093','69 Fallview Place','157463','United States','Seattle','Indonesia','Kadubetara','40 Gateway Parkway','850963'),(4774,'Kuí','Lindborg','Ezequiel','1990-05-13','944193276','845644078','7 Ohio Terrace','611496','Sweden','Stockholm','Brazil','Ceres','6 Mandrake Court','932636'),(4775,'Géraldine','Fisk','Moe','1965-01-07','983615130','790031151','5167 Stone Corner Hill','754558','United States','Alexandria','Georgia','Kelasuri','22 Carpenter Point','692830'),(4776,'Mahélie','Coombes','Alleyn','1993-09-06','914463399','807711106','833 Golf View Plaza','266235','Indonesia','Sarirejo Satu','Greece','Fotolívos','118 Leroy Terrace','913461'),(4777,'Méryl','Winder','Delmore','1962-08-01','561836056','886926331','9 Sloan Alley','635196','Brazil','Laranjal Paulista','Macedonia','Morani','33313 Bay Alley','283278'),(4778,'Yáo','Burrage','Robin','2000-01-24','498604812','606305160','33 Heffernan Terrace','651343','France','Bordeaux','China','Dali','0675 1st Road','653223'),(4779,'Sélène','Pindar','Galven','2002-03-23','929630234','257577985','791 Macpherson Junction','644920','Chile','Talcahuano','Portugal','Bairro de Santo António','447 Brickson Park Park','909128'),(4780,'Alizée','Amsden','Rowland','1956-07-28','869177006','595937884','2 Beilfuss Drive','955774','China','Huwei','Indonesia','Timbulsari','1861 Kropf Hill','148976'),(4781,'Marie-ève','Pollen','Goddard','1965-09-29','993926785','655765092','1 Rigney Alley','771122','Albania','Dushk','China','Lanxi','2 Roth Street','808762'),(4782,'Océanne','Farries','Randal','1959-07-17','151657043','484478360','4095 Bayside Terrace','117151','Russia','Bessonovka','Venezuela','Yaguaraparo','9358 Kennedy Parkway','23567'),(4783,'Zoé','Chopy','Gonzales','1989-06-08','254010707','743499470','0278 Talmadge Plaza','311322','Panama','Almirante','China','Canmang','7 Loeprich Circle','53179'),(4784,'Eliès','Crottagh','Birk','2005-08-12','966314897','688425096','8529 Cottonwood Trail','260906','Ecuador','Puerto Francisco de Orellana','China','Jian’ou','36 Cordelia Terrace','450224'),(4785,'Amélie','Betancourt','Mylo','1986-09-13','275742421','596038258','3 David Point','188697','United States','Atlanta','Philippines','Lemery','8168 Farwell Trail','415059'),(4786,'Régine','Parsley','Hogan','1975-05-03','172835240','849074452','1 Blackbird Circle','198788','Uruguay','Barra de Carrasco','Italy','Messina','89 Main Avenue','348597'),(4787,'Méng','Risebarer','Addy','1951-11-08','812061682','110283057','3 Alpine Park','970582','China','Beiwucha','China','Chengjiang','17841 Canary Circle','265411'),(4788,'Maëlla','Mearing','Stearn','1979-04-30','863490435','538103096','411 Crescent Oaks Court','513762','Japan','Isawa','South Korea','Uijeongbu-si','294 Waubesa Hill','959188'),(4789,'Marylène','Spir','Laird','1974-06-05','825501726','153332537','697 Transport Hill','787671','Russia','Kukoboy','Indonesia','Simo Satu','32 Carioca Terrace','831571'),(4790,'Märta','Mattiessen','Burch','1989-12-20','618682757','462157013','13 Bluejay Crossing','911606','Serbia','Veternik','China','Xingang','13 Glacier Hill Trail','215339'),(4791,'Maëlle','Klemz','Jamaal','1996-12-16','965582899','883640606','97 Charing Cross Way','656086','Indonesia','Teluksantong','Poland','Wolanów','80765 Goodland Center','681730'),(4792,'Anaëlle','Theml','Blake','1980-06-22','404158095','892400901','8529 Hanson Parkway','793359','Micronesia','Fais','Czech Republic','Opočno','5 Parkside Hill','595535'),(4793,'Pénélope','Couper','Rogers','1954-01-21','994556188','299449277','02906 Cody Park','171004','China','Cihe','United States','Minneapolis','5982 Farwell Crossing','422626'),(4794,'Laïla','Idale','Willie','1977-02-04','629019021','843911899','332 Anhalt Terrace','978145','Netherlands','Alkmaar','Mexico','Guadalupe Victoria','211 Messerschmidt Point','600288'),(4795,'Håkan','Brearty','Fransisco','1950-02-08','276634513','208577039','107 Butterfield Place','486225','Pakistan','Dokri','China','Fengqiao','4 Carberry Way','645540'),(4796,'Mårten','Bourgour','Quinton','1981-11-20','580240226','117159437','03886 6th Street','478667','China','Sanquan','Bulgaria','Velingrad','43555 Di Loreto Point','724629'),(4797,'Lorène','Bruck','Roderich','1968-05-08','278522495','601858464','0 Cardinal Trail','824704','Mexico','Ojo de Agua','China','Yingcui','5394 Weeping Birch Crossing','233997'),(4798,'Loïs','Dury','Leonidas','1953-07-05','624623798','396559158','91096 Hoepker Place','456475','China','Chengbei','Ireland','Kingscourt','96 Lakeland Place','853127'),(4799,'Måns','Sherrum','Pernell','1973-05-18','787216265','440657294','48142 Steensland Avenue','506794','Russia','Synya','Portugal','Melres','34 Haas Center','75417'),(4800,'Hélèna','Marder','Jimmie','1963-09-07','747242185','857561368','3 Lake View Pass','223265','Yemen','Ku‘aydinah','Canada','Baie-Saint-Paul','1004 Burning Wood Lane','780587'),(4801,'Gösta','Allsepp','Rory','1967-08-14','791638638','397185312','4983 Park Meadow Trail','709627','United States','Fort Wayne','China','Ningtang','6330 Crownhardt Street','93920'),(4802,'Lài','Jansa','Arin','1988-07-13','444494351','294389625','3 Quincy Plaza','697387','Philippines','San Rafael','Indonesia','Krajan Sumurtawang','21 Stephen Junction','554719'),(4803,'Maïlys','Trafford','Emlen','1956-07-08','767981817','126533072','1622 Raven Crossing','915127','United States','Hollywood','Nigeria','Okuta','8 Debs Plaza','842798'),(4804,'Séréna','Wales','Ludovico','1994-01-16','492305519','805158495','72314 Prentice Lane','719478','Russia','Glushkovo','Spain','Vigo','6 Onsgard Plaza','317849'),(4805,'Noëlla','Shevelin','Bronnie','1992-04-09','335814806','701759011','73370 International Way','250331','Philippines','Ualog','China','Xiangfu','8 Northridge Road','265038'),(4806,'Loïs','Tompion','Randolph','1999-04-29','805554744','514272360','650 Golden Leaf Junction','875291','Cameroon','Doumé','United States','Dallas','2295 Esker Parkway','557413'),(4807,'Pò','Langsdon','Caz','2004-08-28','176919577','875100534','502 3rd Way','822375','Japan','Kawasaki','Portugal','Canedo','904 Esch Way','820104'),(4808,'Maïlis','Ritchard','Clementius','1986-01-09','152795686','760322413','974 Thierer Crossing','960639','Netherlands','Etten-Leur','China','Xinzhou','4880 Macpherson Park','977677'),(4809,'Marie-josée','Hew','Vladamir','1953-12-31','340331010','638102875','459 Ruskin Road','679396','Philippines','Magalalag','Poland','Maszewo Duże','703 Trailsway Hill','82589'),(4810,'Intéressant','Bolland','Nate','1963-01-05','246002398','665257273','68576 Northport Hill','52163','Poland','Stary Sącz','Georgia','Tqibuli','63 Pennsylvania Court','654450'),(4811,'Eugénie','Jouen','Elliot','1964-11-24','601755316','781045152','09 Nobel Street','29428','China','Tatou','Czech Republic','Kvasice','2 Pleasure Way','883991'),(4812,'Aurélie','Marklow','Maxwell','1973-07-17','243562903','234861842','159 Colorado Park','108941','Poland','Słotowa','Sweden','Lidingö','033 Packers Point','30427'),(4813,'Inès','McFadin','Jeramie','1990-05-30','600299309','493868057','8349 Sunnyside Alley','986106','China','Luwan','France','Noisy-le-Grand','19937 Lakeland Lane','576942'),(4814,'Thérèse','McCahey','Dew','1956-05-01','661290194','947722357','70 Mallory Avenue','92238','Indonesia','Titab','France','Mérignac','8144 8th Lane','266613'),(4815,'Ruì','Tamburo','Frasquito','1961-06-26','667344952','988334334','05782 Old Gate Lane','882190','Poland','Radocza','Indonesia','Cibeusi','8484 Declaration Center','774271'),(4816,'Gérald','Bielfeld','Carver','1975-06-12','587923962','914955518','981 Macpherson Court','577014','Indonesia','Banaran','Russia','Mel’nikovo','52 Calypso Lane','42990'),(4817,'Simplifiés','Quin','Harland','1969-06-25','868350999','934399544','2507 Sherman Parkway','397771','Portugal','Negreiros','Sweden','Göteborg','8 Northwestern Drive','241920'),(4818,'Marie-josée','Jaye','Timofei','2004-03-19','485392765','733251125','70 Hanover Way','863806','Indonesia','Mnelalete','China','Guanyinge','470 Holy Cross Terrace','147297'),(4819,'Maëlla','Lassetter','Ollie','1959-11-23','500117449','483086217','124 Maple Wood Trail','31204','China','Jiaqu','Indonesia','Karang Tengah','109 Hanson Trail','670693'),(4820,'Wá','Readie','Jose','1992-01-14','532174022','985865042','7980 Fairview Lane','165602','Indonesia','Cigadog','United States','Jacksonville','32164 Spaight Way','477481'),(4821,'Måns','Danilyuk','Ellswerth','1970-06-24','542334879','778055395','385 Texas Circle','960502','Afghanistan','Rabāţ-e Sangī-ye Pā’īn','Tajikistan','Norak','8217 Dottie Junction','297038'),(4822,'Maëly','Jullian','Perceval','1982-06-21','497919160','681855465','90163 Eggendart Park','29101','Canada','Mont-Laurier','China','Tianqian','63 Westport Circle','644588'),(4823,'Liè','MacCole','Benyamin','1962-07-23','610813794','831227514','91 Center Circle','324965','Indonesia','Ampera','Russia','Rodionovo-Nesvetaiskoye','95342 Basil Plaza','305448'),(4824,'Måns','Gurnay','Sansone','1967-08-26','807149556','635155856','7 Lukken Alley','263671','Serbia','Radenković','Russia','Shkurinskaya','23 Mandrake Parkway','919983'),(4825,'Pål','Dymoke','Kory','1982-12-31','628627469','574715353','03 Westridge Way','486464','Colombia','Chitagá','Norway','Oslo','39 Lerdahl Street','558158'),(4826,'Naéva','Duthy','Thorstein','2004-03-11','928879620','955929638','5 Hanover Trail','355077','Mexico','Hidalgo','Indonesia','Besuk Selatan','3814 Granby Place','275212'),(4827,'Lyséa','Crammy','Hillery','2003-12-05','545065352','388324401','5059 Mccormick Point','442659','Russia','Kislyakovskaya','Canada','Gibbons','9 Autumn Leaf Road','508451'),(4828,'Léane','Heugle','Adamo','1964-07-22','738537934','256942837','409 Burning Wood Circle','654119','Indonesia','Batojaran','Japan','Ono','78390 Eastlawn Center','975267'),(4829,'Anaëlle','Levi','Gaile','1977-01-25','346341045','342371235','5350 Hintze Park','630355','Russia','Beloostrov','Afghanistan','Āsmār','0 Transport Park','843449'),(4830,'Erwéi','Leeke','Georgie','1961-02-16','275738993','442544236','69946 Roth Circle','928188','Philippines','Biao','Japan','Kanazawa-shi','014 Brentwood Plaza','262633'),(4831,'Desirée','Cosham','Moise','1982-04-21','489146434','586256909','3284 Dorton Point','414927','United States','New Brunswick','Canada','Prince Edward','694 Nova Street','618590'),(4832,'Cléa','Colliard','Jessee','1974-08-11','627812190','968382735','4536 Northport Court','250289','China','Xinxikou','China','Shangzhang','06171 Briar Crest Alley','314511'),(4833,'Amélie','Bocking','Tyler','1973-12-21','909801541','722259650','89801 Golf Plaza','892466','Bulgaria','Kozloduy','China','Zhouji','43042 Upham Drive','807442'),(4834,'Chloé','Maccrae','Farris','1987-02-25','331165188','953355069','360 Kinsman Place','182560','Indonesia','Pangkalan Kasai','China','Cihua','43 Kingsford Avenue','684395'),(4835,'Daphnée','Mundee','Edmon','1987-12-31','177993160','111273249','19 Darwin Trail','949214','China','Jinhai','Finland','Nakkila','37 Packers Court','163505'),(4836,'Vénus','Petts','Sanders','1988-12-21','583789616','745942865','3729 7th Place','395949','Afghanistan','Pas Pul','Mexico','Magdaleno Aguilar','0 Judy Drive','957516'),(4837,'Géraldine','Moreton','Yehudit','1999-01-19','804905395','533400818','0487 Columbus Place','501579','China','Tuanjie','Portugal','Castro Daire','5337 Bowman Court','845166'),(4838,'Mégane','Spivie','Allayne','1959-10-10','428938908','184684777','00256 Corben Crossing','744704','Indonesia','Gotputuk','Pakistan','Rustam jo Goth','76135 Spohn Hill','695944'),(4839,'Eléonore','Beardsley','Jon','1960-07-27','613932547','864694086','823 Merrick Parkway','225128','Indonesia','Tolitoli','China','Zhongxiang','3 Luster Road','580410'),(4840,'Bérangère','Leggin','Rodolfo','1993-08-25','157720662','612196844','2 Toban Parkway','572291','Belarus','Lahishyn','China','Qingjiangqiao','90 Carberry Junction','25876'),(4841,'Léandre','Prandoni','Geri','2003-04-07','331785077','914440058','28309 Evergreen Parkway','157056','Philippines','Santo Niño','Estonia','Viimsi','69 Toban Terrace','256241'),(4842,'Céline','Kattenhorn','Nigel','1989-04-28','671516984','506912426','0743 Morrow Point','741735','Czech Republic','Loučná nad Desnou','China','Yihe','17477 Monterey Park','595449'),(4843,'Mélia','Glossop','Wolfy','2004-04-23','924052106','504883749','2 Manitowish Alley','91287','Canada','Little Current','China','Yujia','5072 Warbler Trail','608480'),(4844,'Nadège','Avraham','Dmitri','1991-01-15','240874436','393615648','5859 Algoma Pass','146332','Netherlands','Zwolle','China','Yushang','67 Darwin Center','606477'),(4845,'Thérèse','De Lasci','Aguste','1977-07-24','514250130','894891997','50033 Novick Terrace','749470','Malaysia','Nusajaya','Venezuela','Santa María de Ipire','915 Shoshone Point','322157'),(4846,'Méthode','Haston','Westbrook','1976-12-17','458258068','412059809','60 Dennis Alley','170032','Indonesia','Seulimeum','Croatia','Kraljevica','9953 Commercial Center','124713'),(4847,'Noëlla','Halfhead','Erek','2005-07-02','257946075','618041579','45012 New Castle Avenue','688929','Brazil','Firminópolis','China','Jinghai','563 Forest Dale Alley','748648'),(4848,'Dorothée','Huskisson','Kincaid','1970-03-16','538208183','528186294','007 Rigney Court','380981','Russia','Uchkeken','Indonesia','Waiwejak','38 Independence Point','251981'),(4849,'Josée','Alders','Vachel','1971-11-22','637582895','317530199','55 Riverside Lane','764621','United States','New Haven','Brazil','Birigui','53545 Hooker Circle','968544'),(4850,'Judicaël','Rodden','Friedrick','1977-03-18','336396540','982568573','25393 Lillian Street','221456','Dominican Republic','La Romana','France','Libourne','7792 Caliangt Drive','518502'),(4851,'Örjan','Giovannoni','Biron','1956-07-14','816526941','743091430','9 Esker Circle','565015','China','Jingtou','China','Tianchi','26 Browning Way','88133'),(4852,'Gaëlle','Brandin','Norry','1960-05-09','804731353','561686842','6 Pennsylvania Drive','350138','China','Shuixi','Mexico','El Aguacate','97524 2nd Street','951010'),(4853,'Anaé','Cantu','Enoch','1951-11-25','916274727','890593945','2640 Fairview Way','300768','Portugal','Quintão','Madagascar','Antalaha','8082 Park Meadow Park','443467'),(4854,'Bécassine','Cowley','Barclay','2002-05-27','558758474','585721537','6 Morningstar Road','856098','Norway','Oslo','Latvia','Ludza','06 Sycamore Parkway','364255'),(4855,'Börje','Izard','Wilbert','1997-05-13','934748546','463983292','735 Orin Parkway','812077','Philippines','Lemery','Poland','Witkowo','14258 Melrose Way','341298'),(4856,'Publicité','Fadell','Rockie','1967-12-04','443153025','757848329','5 Lake View Way','244914','Lithuania','Eiguliai','China','Zhaocun','6 Corry Circle','895541'),(4857,'Lorène','Upston','Raddie','1978-06-14','404399576','438039592','01 Canary Hill','966329','China','Linfen','New Zealand','Ngaruawahia','56 Ramsey Court','780641'),(4858,'Dorothée','Windrass','Merv','1957-10-08','747368575','107528168','30348 Scott Parkway','870894','Colombia','Purificación','Poland','Solec-Zdrój','07310 Melrose Crossing','566477'),(4859,'Naëlle','Sandys','Ezechiel','1980-01-16','378849742','354100595','70 Kings Place','669761','Indonesia','Sokarame','Indonesia','Longka','902 Loeprich Hill','598969'),(4860,'Audréanne','Matyasik','Corrie','1992-04-17','774912335','584761671','8344 Welch Road','740607','Poland','Wisła','Bangladesh','Hājīganj','955 Cascade Court','396083'),(4861,'Esbjörn','Gorling','Mervin','1968-10-06','253245957','691848544','4 Southridge Alley','106279','Poland','Józefosław','Brazil','Mateus Leme','03 Sycamore Parkway','454583'),(4862,'Erwéi','Rispine','Innis','1959-11-01','309400492','404838121','0 Milwaukee Parkway','415459','Indonesia','Tilamuta','Philippines','General Santos','586 Kingsford Road','358142'),(4863,'Audréanne','Rames','Lamond','1987-02-22','120108202','771661788','9410 Mesta Way','32004','Germany','Dortmund','Peru','Canchaque','39946 Brickson Park Road','242053'),(4864,'Sòng','Dawby','Cozmo','1989-12-15','573501769','251168241','6 Division Hill','760052','France','Calais','Thailand','Phu Sang','2218 Monterey Parkway','33081'),(4865,'Pénélope','MacNamee','Hurlee','1997-01-08','547484000','251607566','5419 Nelson Center','164676','Mexico','San Antonio','Tunisia','Ksour Essaf','672 Southridge Lane','479957'),(4866,'Jú','Brymham','Patton','1958-09-17','850664380','165664740','9750 Hovde Trail','378015','Ukraine','Bolhrad','Togo','Atakpamé','6587 Porter Trail','381205'),(4867,'Geneviève','Macrow','Aldus','1994-11-16','189413490','692616749','6844 Fairview Street','328256','Indonesia','Pagedangan','Russia','Vostryakovo','4 3rd Crossing','854351'),(4868,'Intéressant','Clutheram','Kurt','1982-03-11','779303068','672551884','5735 Crest Line Court','61284','Estonia','Kiili','Libya','Mişrātah','32583 Del Mar Point','550027'),(4869,'Joséphine','Chellam','Dunstan','1973-03-29','363338850','733516982','1 Canary Street','414458','Ukraine','Dmytrivka','Senegal','Koungheul','2 Blue Bill Park Lane','904299'),(4870,'Anaëlle','Grimble','Ephrayim','1983-10-13','966020792','559270986','70812 Dennis Parkway','681953','Indonesia','Mernek','Indonesia','Barengkok','7 Fulton Plaza','934223'),(4871,'Yè','Gerrelts','Wyatan','1973-03-04','139320877','569901789','31 Di Loreto Point','174625','China','Wangqingtuo','China','Sancang','606 Mesta Drive','908933'),(4872,'Bérénice','Fussie','Eldridge','1980-11-23','383117848','217313701','74 Tony Plaza','604815','Philippines','Zaragoza','Russia','Kizhinga','41440 Cascade Trail','525695'),(4873,'Sòng','New','Janek','1962-03-07','379885408','326809971','755 Homewood Drive','507516','Argentina','Las Toscas','China','Jiuzhai','25992 Pankratz Lane','483821'),(4874,'Maëlyss','Caesar','Keenan','1994-11-01','181803774','646892575','166 Debs Crossing','897843','France','Niort','China','Longwantun','342 Dottie Hill','549484'),(4875,'Edmée','Wapple','Uri','1953-11-24','829732871','883034780','7 Goodland Court','982755','Russia','Timashëvsk','Uganda','Kalungu','486 Schiller Plaza','541245'),(4876,'Audréanne','Mathonnet','Duky','1977-01-24','672109874','625106005','79 Garrison Junction','373220','Tunisia','Douz','Russia','Podkamennaya Tunguska','69228 Springs Street','795335'),(4877,'Irène','Kock','Tad','1976-06-28','919482791','335632573','1 Pawling Street','749800','Ukraine','Nikita','China','Jianggang','34403 Grim Lane','77933'),(4878,'Kù','Bowes','Daren','1951-05-06','676306473','368789343','30 Green Ridge Park','982080','Brazil','São Mateus do Maranhão','Pakistan','Mehar','87077 Blue Bill Park Hill','755192'),(4879,'Daphnée','Babar','Codi','2000-11-20','976656195','866545812','62592 Muir Court','911372','Greece','Anaráchi','China','Julun','66 Eagle Crest Parkway','555754'),(4880,'Clémentine','Nealey','Christy','1999-08-25','706778288','819053788','6289 Lakewood Gardens Parkway','612501','Indonesia','Kadugede','Russia','Kurumkan','934 Crowley Court','714801'),(4881,'Yú','Prodrick','Garek','1965-10-31','888770475','127814834','68032 Arizona Avenue','182308','China','Rouyuan','Philippines','Puerto Bello','6924 Blackbird Lane','96579'),(4882,'Kallisté','Collingridge','Darbee','1957-03-11','121173987','500831300','36 Mayer Hill','905810','Luxembourg','Helmsange','Philippines','Salcedo','92 Cardinal Park','535045'),(4883,'Stéphanie','Renshall','Michale','1996-08-17','203272146','322928251','50403 Aberg Alley','669623','Russia','Rassvet','Tunisia','Dawwār Tīnjah','90 Lillian Point','408148'),(4884,'Josée','Fender','Andrea','1954-09-11','274141974','427221010','2 Lakewood Gardens Junction','850826','Thailand','Pran Buri','Tanzania','Ruangwa','2 Straubel Crossing','767449'),(4885,'Judicaël','Windaybank','Micheil','1960-12-25','975702502','728356159','44 Hazelcrest Court','289977','Malaysia','Pulau Pinang','Ecuador','Machala','213 Service Crossing','176388'),(4886,'Mélinda','Thirst','Maxie','2000-09-07','913813133','891304789','49 Moland Parkway','582724','Argentina','Aristóbulo del Valle','Greece','Petroúpolis','97766 Elka Trail','199760'),(4887,'Stévina','Connachan','Holt','1995-06-23','142813409','803097819','9172 Sherman Hill','516452','China','Zhongdong','Bulgaria','Botevgrad','668 Hanover Circle','788426'),(4888,'Pål','Tattoo','Chris','1961-07-16','493462610','732965790','16693 Pearson Drive','901853','Niger','Tessaoua','South Africa','Ceres','3354 Sunfield Park','114974'),(4889,'Gisèle','Barratt','Clint','2003-06-19','913612185','911162185','2 Boyd Crossing','927916','Cuba','Condado','Portugal','Seara','00877 8th Point','411691'),(4890,'Tú','Vicarey','Saunderson','1985-05-29','780983885','902786475','220 Orin Lane','350276','United States','New York City','Portugal','Tercena','836 Basil Circle','914193'),(4891,'Mélissandre','Rizzotto','Salomone','1951-04-20','532873230','629975261','180 Lake View Parkway','924845','South Africa','Claremont','Thailand','Wang Saphung','3376 Pine View Avenue','840241'),(4892,'Publicité','Cushworth','Sigfrid','1952-11-07','453527246','709160662','74897 Manitowish Avenue','323015','Mexico','Los Angeles','Poland','Leńcze','41 Warner Way','767403'),(4893,'Aloïs','Bovis','Kermit','1989-07-01','939923507','586511696','11 Gateway Parkway','918463','Greece','Periyiáli','China','Longping','17 Linden Junction','425558'),(4894,'Eléonore','Woofinden','Phillipp','1992-03-28','255475781','641795515','1417 Surrey Lane','66186','China','Hutou','Indonesia','Kawengan','86 Logan Park','940042'),(4895,'Valérie','Fiorentino','Doy','1998-02-07','186859118','331771460','65575 Florence Pass','624935','Croatia','Metković','Indonesia','Lohong','563 Glacier Hill Court','101672'),(4896,'Clémence','Jados','Gordie','1966-05-06','368538466','806036379','848 Becker Junction','390183','China','Zhaoguli','Democratic Republic of the Congo','Lodja','795 Namekagon Parkway','240456'),(4897,'Valérie','Eaddy','Edmund','1991-07-09','577198401','104015852','15634 Gina Avenue','985533','Ivory Coast','Guiglo','Portugal','Pereiro','182 Shopko Circle','529241'),(4898,'Alizée','Cubuzzi','Gabriello','1976-05-16','129139814','657511799','5 Artisan Lane','175290','China','Yonghe','China','Hezuoqiao','2 Bultman Road','142465'),(4899,'Kallisté','Fardy','Den','1957-06-04','756605553','651339812','5 Colorado Crossing','273613','Marshall Islands','Loen','Brazil','Bataiporã','09 Riverside Place','611490'),(4900,'Océane','Hugonneau','Say','1983-05-08','649994488','401054808','4 Walton Avenue','565459','China','Liuzikou','Peru','Aco','6721 8th Parkway','446611'),(4901,'Gisèle','McMurtyr','Tull','1967-08-26','404053284','491048509','284 Crownhardt Circle','310614','South Korea','Muan','Indonesia','Takokak','64243 Tennessee Place','118070'),(4902,'Marylène','Heskey','Ricky','1982-03-02','914550615','500160369','71561 Acker Avenue','968240','Poland','Trzciana','Indonesia','Serang','08680 Warrior Point','115316'),(4903,'Sòng','Loyley','Waylin','1970-12-12','719507111','783265478','7 Red Cloud Street','109947','Peru','Vitarte','Portugal','Ribeira das Taínhas','00 Village Trail','852651'),(4904,'Méline','Lytle','Cart','1953-05-17','777898395','440809348','962 Browning Road','638850','Nigeria','Badagry','Indonesia','Fatuhilik','2404 Eagle Crest Place','370682'),(4905,'Uò','Phillp','Diarmid','1993-03-15','982920580','104774967','55 Kinsman Crossing','250329','Thailand','Akat Amnuai','Portugal','Jardia','03833 Mesta Circle','433076'),(4906,'Clélia','Ingrey','Eadmund','1989-05-10','275324898','800917526','326 Raven Point','102907','Norway','Lillehammer','China','Baizhu','64 Miller Terrace','560924'),(4907,'Océane','Congreve','Adriano','1961-09-09','611704737','619541422','7046 Lotheville Circle','489476','Russia','Donskoy','Tunisia','Dar Chabanne','5 Summer Ridge Center','33463'),(4908,'Maéna','Betjes','Robert','1987-06-09','357664919','862198820','8742 Onsgard Circle','126116','Ukraine','Semenivka','Indonesia','Brak','3 Monument Center','696844'),(4909,'Anaël','Joye','Doug','2001-01-16','842008925','560013644','844 Forest Plaza','361336','Bolivia','Yacuiba','China','Dongshi','53240 Shoshone Drive','703732'),(4910,'Lèi','Lucey','Elsworth','1958-11-06','229082491','702427243','2 Graedel Alley','390554','Iran','Kermānshāh','China','Zhangzhishan','4343 Jenifer Plaza','335447'),(4911,'Ruò','Bahde','Brennan','1962-06-09','638595142','202682657','71 2nd Terrace','75207','Indonesia','Daja Lorong','Portugal','Além do Rio','30 Anthes Plaza','294881'),(4912,'Mélanie','Ubsdale','Elmer','1960-06-18','408320734','201338667','9199 Manley Crossing','845468','Japan','Akita Shi','Greece','Karditsomagoúla','4 Helena Parkway','442434'),(4913,'Eliès','Astbery','Frank','1957-06-25','353196310','615922639','88309 Shopko Center','810280','Mexico','San Antonio','Ukraine','Shepetivka','1 Charing Cross Circle','618715'),(4914,'Styrbjörn','Stovin','Krispin','1980-04-15','639885458','204902772','32 7th Terrace','908395','Guatemala','Comalapa','Syria','Ma‘lūlā','6 Mccormick Center','850883'),(4915,'Anaëlle','De Morena','Bayard','1968-06-25','353974294','832515899','0757 Westerfield Road','55101','Portugal','São Pedro de Muel','Sweden','Stockholm','50 Mcguire Park','449684'),(4916,'Maïté','Howler','Gunar','1981-01-20','224003188','451532424','61 Ilene Drive','93074','China','Biqiao','Czech Republic','Buštěhrad','14 Aberg Avenue','79145'),(4917,'Estée','Izakson','Wash','1986-07-12','193523367','287265473','284 Derek Park','595670','Albania','Gostimë','Nigeria','Onitsha','986 Old Shore Lane','284905'),(4918,'Lén','Klinck','Keith','1980-01-23','840121169','731854888','806 Montana Junction','540203','Albania','Zapod','Indonesia','Umbultanjung','05216 Mockingbird Hill','369186'),(4919,'Lucrèce','Mucklo','Gardner','1951-06-28','696232969','884449230','95353 Columbus Junction','127098','Croatia','Drenova','Czech Republic','Moravská Třebová','4036 Briar Crest Circle','788557'),(4920,'Mélina','Corradengo','Morey','2003-06-21','376718329','317346259','76601 Manley Circle','808612','China','Guanli','Russia','Luknovo','17757 Anzinger Hill','961808'),(4921,'Naéva','Guillford','Bart','1953-05-08','744270798','928503438','0 Quincy Court','730980','Sweden','Mariestad','Thailand','Bang Khon Thi','1324 Cambridge Hill','138090'),(4922,'Séréna','Kippen','Sol','1979-10-01','103882425','172316327','56694 Commercial Pass','455066','Poland','Koszarawa','Indonesia','Sedayu','00 Shasta Drive','20207'),(4923,'Ruì','Bottelstone','Bjorn','2004-01-12','994648532','374488462','82 Sachtjen Trail','14403','France','Cahors','China','Datuan','06 Saint Paul Point','608048'),(4924,'Bécassine','Stienton','Keith','1988-03-08','272024670','309856070','8 Nelson Place','213662','Indonesia','Rendeng','Philippines','Alcantara','1702 Dapin Place','653541'),(4925,'Adèle','Andreev','Nev','1955-01-17','107016503','602533329','2 Stephen Trail','58762','Kenya','Kisumu','Philippines','Legrada','22 Oriole Court','611443'),(4926,'Maëly','McKibbin','Hieronymus','1962-07-19','676537542','346042283','0 Kedzie Hill','635764','Costa Rica','Bagaces','Brazil','Assis','4 Thackeray Trail','518988'),(4927,'Andréanne','Goodlett','Delmar','1994-11-18','608324884','106204615','1 4th Avenue','349583','Uruguay','Nueva Helvecia','Spain','Cadiz','1250 Atwood Way','433811'),(4928,'Uò','Wimbush','Elvis','1974-01-01','578344581','404381733','533 Fisk Center','854817','Tajikistan','Konibodom','Colombia','Baraya','73 Di Loreto Point','562184'),(4929,'Simplifiés','Mowday','Bertie','1999-08-26','346007783','589300674','605 Delaware Place','81041','Hungary','Pécs','China','Fengjiang','1535 Manitowish Junction','612906'),(4930,'Marie-hélène','Mashro','Tudor','1962-04-10','622739922','793104222','7 Straubel Trail','720637','Poland','Orzech','China','Dashuipo','21 Brown Junction','45964'),(4931,'Béatrice','Nehl','Clayton','1959-01-05','302092034','253234736','041 Ronald Regan Pass','611634','Indonesia','Uiasa','Nigeria','Ilare','219 Esker Alley','86859'),(4932,'Camélia','Sitwell','Jed','1969-05-05','391123006','615894305','858 Florence Crossing','753002','Brazil','Dom Pedro','China','Chunhu','460 Melvin Crossing','148686'),(4933,'Anaëlle','Barttrum','Farley','1961-11-08','821945659','630309133','21 Harbort Street','528538','Philippines','Bansalan','Serbia','Bačka Topola','0 Cambridge Court','328637'),(4934,'Intéressant','Napoleon','Sebastien','1968-04-23','687328042','991218996','06838 Bobwhite Lane','742159','Sweden','Stockholm','China','Luoqiao','3144 Dovetail Circle','812855'),(4935,'Kévina','McMenamy','Far','1995-04-05','752155597','572858826','77 Delladonna Avenue','655809','Chile','Chile Chico','Indonesia','Sedatiagung','52 Manitowish Court','786287'),(4936,'Táng','Channon','Dolf','1978-08-05','363351266','321351105','4 6th Point','102584','France','Alfortville','Brazil','Aimorés','5166 Chinook Junction','214948'),(4937,'Pénélope','Harvison','Christiano','1979-12-10','262563307','647332754','094 Esker Court','261014','Iran','Bāfq','Palestinian Territory','Bayt Qād','3150 Eliot Street','947007'),(4938,'Gaétane','Rodolfi','Filberte','1951-10-12','481897687','563689739','124 Sachs Place','514907','Colombia','Nariño','China','Xiaojian','71215 Bartelt Point','849219'),(4939,'Kuí','Noice','Cornelius','1961-03-22','752816984','435281455','717 Mallard Way','518858','Pakistan','Shujāābād','Czech Republic','Větřní','26 Mariners Cove Place','863083'),(4940,'Renée','Franz','Lazare','1982-08-22','204369430','899295012','957 Jenna Circle','950670','Bolivia','Mairana','France','Colombes','55 Dixon Place','994431'),(4941,'Märta','Livingstone','Joe','2000-07-18','174638772','906190835','376 Northfield Center','366101','Russia','Dul’durga','Uganda','Maracha','144 Erie Trail','367178'),(4942,'Anaïs','Caro','Fremont','1983-01-02','360843747','540846313','2147 Jana Alley','37548','Indonesia','Guay','China','Bailu','22 Mesta Place','723416'),(4943,'Naëlle','Vockings','Kerry','2000-02-22','287064044','867718177','14 Sunfield Court','809345','Croatia','Martin','Portugal','São Bartolomeu','3358 Boyd Plaza','94676'),(4944,'Eliès','Petrashov','Ed','1953-01-26','191700521','827404338','60040 Eliot Park','704396','France','Paris 07','Indonesia','Parumasan','02 Fremont Terrace','972677'),(4945,'Uò','Dmitrovic','Jerri','1967-09-18','259322157','273509708','3120 Leroy Center','393516','Bulgaria','Blagoevgrad','Portugal','Marinhais','9592 Di Loreto Parkway','673220'),(4946,'Léana','Bahike','Axe','1979-03-30','865036791','574181808','2882 Loomis Alley','195711','Bulgaria','Blagoevgrad','Czech Republic','Brloh','40004 International Hill','29575'),(4947,'Géraldine','Raison','Benjy','1955-07-02','735657849','510444529','8764 Mallory Lane','106570','China','Nalinggou','Uganda','Kasese','823 Northport Circle','741545'),(4948,'Björn','Manueau','Riordan','1995-12-04','244715582','840592793','81 Messerschmidt Lane','259989','China','Chengnan','China','Kanbula','9781 Pawling Plaza','167429'),(4949,'Aloïs','Pittem','Gaspard','1985-07-05','917427452','822406508','5332 Scott Crossing','624388','Indonesia','Lela','Russia','Pevek','27 Magdeline Place','457268'),(4950,'Lén','Sixsmith','Vite','1975-07-19','884946533','941939686','53986 Stoughton Circle','651761','Lithuania','Birzai','China','Chaowai','046 Bobwhite Street','516205'),(4951,'Crééz','Lehrle','Pen','1951-11-24','958828571','354337345','2905 Ridge Oak Pass','951356','China','Erdaojiang','Guatemala','Melchor de Mencos','2860 Linden Way','455399'),(4952,'Eléonore','Crofts','Eliot','1985-11-01','829797591','291073296','6 Grayhawk Road','505112','Canada','Sainte-Sophie','Indonesia','Jepuro','6472 Hansons Way','737133'),(4953,'Eléonore','Cheshir','Dewey','1989-11-17','159361865','297489389','2 Northridge Center','460189','China','Zhanbei','Indonesia','Patalan','208 Nelson Court','257035'),(4954,'Marie-noël','Treves','Bradley','1951-11-02','756233293','356692353','74 Erie Park','843139','Philippines','San Andres','Russia','Turgenevo','78465 Summer Ridge Trail','107678'),(4955,'Ráo','Edden','Dominic','1963-09-07','870946850','264962767','669 Westridge Way','678379','Philippines','Tarlac City','Brazil','Vespasiano','62373 Lien Parkway','175958'),(4956,'Pénélope','Sibray','Rudd','1975-05-02','336892394','333568072','28889 Brown Circle','248597','Indonesia','Sinabang','Russia','Vostochnyy','2752 Grayhawk Park','676153'),(4957,'Aimée','Dumper','Ashley','1954-10-27','321245493','951398101','58 Eastwood Center','305848','France','Draguignan','China','Bianzhuang','018 Reinke Junction','247805'),(4958,'Marylène','Leschelle','Rockey','1957-08-25','599124235','818597591','20 Del Sol Lane','861131','Greece','Ágios Andréas','Philippines','Lopez Jaena','8 Swallow Avenue','907703'),(4959,'Kù','Borrowman','Gerome','1983-02-19','974688179','825204150','309 Katie Street','541921','Ukraine','Nova Kakhovka','France','Saint-Lô','214 Meadow Ridge Junction','448355'),(4960,'Eugénie','Drysdale','Schuyler','1995-10-10','147713234','890217612','518 Anhalt Drive','674902','Indonesia','Litibakul','Afghanistan','Mūsá Qal‘ah','5329 Forster Drive','953223'),(4961,'Clémentine','Clara','Howey','1983-11-06','359109815','511598143','9181 Butternut Crossing','702069','Brazil','Rio Branco do Sul','Hungary','Eger','95936 Tennessee Court','41920'),(4962,'Marylène','Iglesiaz','Syd','1974-08-23','373348990','109923439','456 Saint Paul Junction','112268','Albania','Kuçovë','Israel','Hod HaSharon','4717 Forster Way','519487'),(4963,'Personnalisée','Nielson','Wat','1968-10-31','727209176','765081856','76 Garrison Court','409902','Portugal','Vilar do Monte','Indonesia','Pelabuhan Dagang','54098 Sutherland Point','414756'),(4964,'Måns','Plaice','Omero','1964-05-29','538134030','480384201','481 Kim Crossing','216047','Sri Lanka','Kolonnawa','Czech Republic','Hněvotín','0685 Mallory Parkway','813313'),(4965,'Erwéi','Gamet','Lazar','1987-11-09','809700927','722122664','52049 Homewood Drive','933811','Russia','Toksovo','Portugal','Marteleira','42103 Sullivan Junction','318447'),(4966,'Gwenaëlle','Hounsham','Farr','2002-04-30','956829312','637100382','405 Clyde Gallagher Hill','945615','Japan','Tanuma','Poland','Olszanica','852 Anniversary Place','366486'),(4967,'Kù','Aime','Percival','1970-11-26','577525114','916689085','405 Eastlawn Hill','702516','China','Gouping','China','Huochang','251 Bonner Hill','336218'),(4968,'Ráo','Woodeson','Virgie','1952-03-23','774754920','751780160','28 Jay Street','112188','Brazil','Baturité','Slovenia','Grosuplje','8 Schurz Center','301353'),(4969,'Mélinda','Winks','Ewen','1955-06-04','430878087','310036517','00 Reinke Court','664254','Pakistan','Shahkot','Greece','Varybóbi','10 Darwin Avenue','217727'),(4970,'Renée','Chilton','Clive','1984-06-05','840678274','364657336','34493 Norway Maple Pass','719313','China','Meitang','China','Huangkeng','22345 Hoffman Parkway','299642'),(4971,'Géraldine','Commucci','Kirby','1997-01-15','329762880','593246642','6 Aberg Trail','13820','Mexico','Santa Maria','China','Muyuzi','9860 Hoepker Lane','133598'),(4972,'Géraldine','Hobben','Mohandis','1988-07-04','434518815','574356941','6740 Heath Crossing','279411','Guatemala','Acatenango','Belarus','Kamyanyets','23334 Everett Drive','662660'),(4973,'Åslög','Moreside','Quincey','2002-05-09','315730681','433146967','12 Village Green Junction','93005','Indonesia','Singgit','Poland','Łubniany','62 Linden Parkway','465870'),(4974,'Mahélie','Phethean','Orren','1964-09-06','879277578','879106637','10848 Donald Plaza','515213','China','Gonghe','Portugal','Almada','02990 Thompson Crossing','653529'),(4975,'Maëly','Bausmann','Hamish','1970-08-02','878332041','874209469','8 Colorado Street','45599','Indonesia','Pasarkolot','Costa Rica','Cañas','17190 Northport Pass','192889'),(4976,'Liè','Cradock','Torre','1987-06-28','282502000','956931456','26256 Hayes Way','521877','Peru','Pomacanchi','Russia','Volkhovskiy','2052 Jackson Center','502961'),(4977,'Irène','Huntriss','Duane','1982-06-22','995328339','129040819','67323 Northland Hill','623325','Brazil','Cacequi','China','Maoya','522 Schmedeman Plaza','270287'),(4978,'Adélaïde','Preto','Gerhardt','1987-03-29','286630509','178572436','66544 Bartillon Plaza','401514','Philippines','Prinza','Norway','Porsgrunn','1 John Wall Alley','180501'),(4979,'Lyséa','Aikin','Allin','1957-02-02','751344520','987304615','9 Monica Point','736929','Philippines','Lipa City','China','Shanghuang','3 Shasta Terrace','523184'),(4980,'Célestine','Pelling','Zaccaria','1964-06-20','257809421','849039204','8684 Hintze Avenue','590713','Indonesia','Ngantru','France','Châteauroux','5 Hooker Street','954193'),(4981,'Angélique','Farryan','Sayer','1983-10-30','532958518','122649105','03 Coolidge Point','648552','Mayotte','Koungou','Colombia','Puerto Berrío','6202 Clyde Gallagher Terrace','746110'),(4982,'Måns','Balharry','Faber','1971-12-11','491797895','129212571','196 Coolidge Terrace','568771','Indonesia','Pisangkemeng','Armenia','Hats’avan','1438 Stuart Alley','840963'),(4983,'Lài','Somner','Barr','1988-01-17','189215218','162705584','38245 Summit Crossing','983520','Russia','Kazanskoye','Russia','Kratovo','6 Independence Crossing','890498'),(4984,'Josée','Laweles','Shep','1963-02-28','689757072','449266542','61 Monument Park','395154','Nigeria','Isu','Poland','Nowe Miasto nad Pilicą','0 Mcbride Park','411181'),(4985,'Miléna','Barwis','Bartholomeus','2001-10-23','772677504','802146771','29 Twin Pines Point','683247','Ukraine','Ulanov','Poland','Wysoka Strzyżowska','627 Alpine Terrace','797767'),(4986,'Clélia','Baumler','Benedikt','1963-05-21','441242862','979042846','29073 2nd Center','848580','China','Xing’an','China','Xingfu','85 Cascade Place','862347'),(4987,'Gaétane','McCole','Orrin','1963-01-28','461333600','126312508','0103 Nancy Court','866915','France','Saumur','Indonesia','Saribudolok','9494 Victoria Road','93413'),(4988,'Mélina','Nelm','Ashby','2003-08-04','480591192','266491697','3 Pond Center','713867','Colombia','Arauquita','Belarus','Starobin','6 Dottie Pass','362095'),(4989,'Mégane','Clericoates','Kelsey','1983-09-15','996068032','429278862','26 Twin Pines Circle','638646','Chile','Penco','Poland','Śniadowo','73 Lakewood Gardens Point','820080'),(4990,'Loïca','Ruslen','Nicolais','1953-06-22','965104373','770826388','3 Ohio Alley','386041','China','Wenquan','Kosovo','Glogovac','384 Loomis Trail','737989'),(4991,'Maïwenn','Cristofvao','Ricky','2001-07-06','126139430','499796215','4 Schurz Road','232857','Syria','Wādī al ‘Uyūn','Poland','Osięciny','7 Pond Hill','291747'),(4992,'Néhémie','Paulich','Muhammad','1995-11-24','374346966','935898075','47423 Mayfield Circle','803272','Russia','Novouzensk','Bangladesh','Rāipur','47 Pierstorff Plaza','409298'),(4993,'Dà','Kitchenside','Torry','1994-01-13','365987511','663707761','05 Dovetail Way','794328','Thailand','Ban Mai','Indonesia','Kadubadak','98747 Granby Point','387995'),(4994,'Geneviève','Auchterlony','Jacob','1993-06-29','879730735','670435865','0979 Melody Circle','653003','Tanzania','Nganane','Indonesia','Ketapang','6 Boyd Park','912235'),(4995,'Nuó','Shirtcliffe','Brendin','1997-08-23','747450125','447780408','54 Hoffman Pass','581286','Indonesia','Cirangga Kidul','Czech Republic','Polešovice','5278 Gina Alley','766131'),(4996,'Léa','Doram','Melvin','2003-09-11','895114261','784519142','8 Boyd Plaza','658803','Indonesia','Muting','Brazil','Caçapava do Sul','0 Commercial Drive','326590'),(4997,'Rébecca','Dulson','Ignazio','1971-06-13','200319308','576457123','45476 Charing Cross Park','852499','Philippines','Kiamba','China','Qiaojia','0036 Kim Road','101728'),(4998,'Amélie','Scothern','Nevin','1965-03-01','328133682','766240892','02450 Golden Leaf Point','88493','Canada','Mercier','Japan','Izumo','473 Bunting Trail','697484'),(4999,'Mélys','Lesley','Urban','1963-11-20','862437086','486969093','86 Corry Circle','570898','Ireland','Bearna','China','Yandun','77 Hoepker Pass','926442'),(5000,'Angèle','Ballinger','Dolph','1966-01-03','183426393','344673884','9129 Dawn Road','797819','Sri Lanka','Kuliyapitiya','Macedonia','Чегране','25 Loftsgordon Place','874650'),(5001,'Yú','Dawby','Red','1989-07-12','495814067','828270582','1637 Raven Alley','442822','China','Dongfanghong','Vietnam','Gia Ray','4477 Florence Junction','620289'),(5002,'Dorothée','Sibbson','Benjamen','1976-10-23','190696116','474449958','051 American Crossing','584421','Russia','Sviblovo','Indonesia','Cileueur','0862 Hansons Trail','49953'),(5003,'Céline','Reford','Normy','1973-06-29','666302258','892576228','0897 Brown Pass','132230','China','Qingkou','Peru','Choropampa','847 Dorton Hill','712336');
/*!40000 ALTER TABLE `employee` ENABLE KEYS */;
UNLOCK TABLES;

--
-- Table structure for table `employee_telephone_numbers`
--

DROP TABLE IF EXISTS `employee_telephone_numbers`;
/*!40101 SET @saved_cs_client     = @@character_set_client */;
/*!50503 SET character_set_client = utf8mb4 */;
CREATE TABLE `employee_telephone_numbers` (
  `emptelnum_id` bigint NOT NULL AUTO_INCREMENT,
  `emptelnum_emp_id` bigint NOT NULL,
  `emptelnum_tel_num` bigint NOT NULL,
  PRIMARY KEY (`emptelnum_id`),
  KEY `FK1_idx` (`emptelnum_emp_id`),
  KEY `emptelnum_emp_id_idx` (`emptelnum_emp_id`),
  CONSTRAINT `emptelnum_emp_id` FOREIGN KEY (`emptelnum_emp_id`) REFERENCES `employee` (`emp_id`) ON DELETE RESTRICT ON UPDATE CASCADE
) ENGINE=InnoDB AUTO_INCREMENT=1001 DEFAULT CHARSET=utf8mb3;
/*!40101 SET character_set_client = @saved_cs_client */;

--
-- Dumping data for table `employee_telephone_numbers`
--

LOCK TABLES `employee_telephone_numbers` WRITE;
/*!40000 ALTER TABLE `employee_telephone_numbers` DISABLE KEYS */;
INSERT INTO `employee_telephone_numbers` VALUES (1,4203,9916584769),(2,4549,3537998781),(3,4143,7143857788),(4,4768,3534885658),(5,4428,5876914012),(6,4894,5094326061),(7,4166,8912335779),(8,4153,1671292720),(9,4480,8885093490),(10,4187,6142029516),(11,4472,9832657847),(12,4363,8442247622),(13,4808,2734428755),(14,4410,1813503015),(15,4868,9491898507),(16,4117,4435328844),(17,4021,8011676676),(18,4045,8255738067),(19,4186,7757531960),(20,4471,2477334324),(21,4512,1148722402),(22,4487,5522658580),(23,4029,7302781368),(24,4995,2714204635),(25,4278,7011700428),(26,4033,9155649580),(27,4591,3736008714),(28,4692,7809431454),(29,4938,2583037684),(30,4052,2566203497),(31,4144,3802287363),(32,4422,9346272839),(33,4380,4426185819),(34,4632,6505630196),(35,4895,5964119246),(36,4294,3136854937),(37,4589,1646921912),(38,4215,2977846233),(39,4644,7824335220),(40,4285,4853000435),(41,4671,3731767996),(42,4314,6144022052),(43,4507,3128297778),(44,4116,1636967309),(45,4729,7244753968),(46,4622,9777701774),(47,4547,8842103572),(48,4506,3226632708),(49,4460,5726763834),(50,4010,3622757899),(51,4437,1014929464),(52,4621,6143250343),(53,4558,5578306617),(54,4696,4331549105),(55,4118,3736853852),(56,4192,2683879184),(57,4232,3377649381),(58,4379,1822938744),(59,4699,8798500502),(60,4229,1213362257),(61,4202,7611116522),(62,4738,3487995806),(63,4972,9943520014),(64,4416,4722467858),(65,4119,4116700503),(66,4990,5964272366),(67,4575,9424037650),(68,4802,5984779081),(69,4560,6388259385),(70,4078,3427212051),(71,4254,8538659175),(72,4510,1228934395),(73,4935,7353950701),(74,4623,3421164581),(75,4965,2221523752),(76,4030,2382250067),(77,4153,7399841574),(78,4723,5848916000),(79,4564,1867597870),(80,4557,8694350286),(81,4505,1741232529),(82,4097,8791586041),(83,4211,1274044352),(84,4764,6404427394),(85,4141,6256156579),(86,4054,9811429684),(87,4227,6836533407),(88,4220,3488844652),(89,4792,7854248464),(90,4877,7322078035),(91,4136,2423888328),(92,4538,5401151844),(93,4579,7828239359),(94,4499,3672535070),(95,4911,9872839077),(96,4536,7691533861),(97,4297,2665437079),(98,4988,3031285148),(99,4341,9705915623),(100,4086,2991934463),(101,4520,3257735460),(102,4654,3816751353),(103,4861,3255481113),(104,4917,1771305442),(105,4393,5006560887),(106,4233,4503755933),(107,4676,1509397953),(108,4197,9039971718),(109,4377,3652974692),(110,4849,5847673585),(111,4985,4361232774),(112,4570,5689801870),(113,4756,4182296562),(114,4874,1881257225),(115,4659,9687616113),(116,4199,1751483264),(117,4542,6617552681),(118,4875,4153404571),(119,4721,1078796230),(120,4260,5937751536),(121,4181,4785655817),(122,4965,9852311791),(123,4257,8935598220),(124,4219,8798626486),(125,4833,4432237632),(126,4363,5439831011),(127,4763,7675039780),(128,4354,4031006133),(129,4628,9546703454),(130,4898,5914818820),(131,4039,2032817983),(132,4113,4419552128),(133,4557,9358158152),(134,4267,3834606755),(135,4710,9122771955),(136,4030,4484897310),(137,4325,4734554136),(138,4807,6697386961),(139,4116,9331876595),(140,4979,2679338144),(141,4901,3759931562),(142,4182,4285020213),(143,4627,4594267476),(144,4730,8977599626),(145,4017,7259206657),(146,4077,3135763707),(147,4253,1966056382),(148,4070,2569709473),(149,4710,8037788141),(150,4350,2591488635),(151,4231,8282721448),(152,4105,7236531418),(153,4729,8484261793),(154,4570,9007693311),(155,4999,7636233472),(156,4136,5975336530),(157,4286,3644872129),(158,4232,1271145899),(159,4930,7439893738),(160,4811,2222218489),(161,4726,5447015057),(162,4958,3916697336),(163,4172,1653386814),(164,4106,7599308083),(165,4363,8391331292),(166,4287,8577825859),(167,4524,9208861584),(168,4271,8652318681),(169,4832,5722823875),(170,4194,5677397347),(171,4139,3156407186),(172,4236,2705831174),(173,4654,1097066930),(174,4873,1839451882),(175,4419,4484585061),(176,4141,4997423104),(177,4187,5588759665),(178,4119,5168818585),(179,4244,6289923937),(180,4796,2771684209),(181,4588,7576813923),(182,4005,9561958119),(183,4402,9845219180),(184,4287,2554697420),(185,4329,4813760718),(186,4599,2769444587),(187,4014,7602659570),(188,4745,7462180326),(189,4995,1984316472),(190,4275,4477210303),(191,4288,1454764753),(192,4077,1861065885),(193,4712,5334235784),(194,4455,3689027513),(195,4884,8431801674),(196,4548,7969849918),(197,4863,8482142754),(198,4285,2924464620),(199,4483,1098292436),(200,4800,4769944119),(201,4570,6392081128),(202,4647,4633526327),(203,4084,6425489315),(204,4134,2565419119),(205,4344,7384968351),(206,4087,9268182756),(207,4581,9714049902),(208,4624,7148120932),(209,4770,7602840204),(210,4694,9874933340),(211,4830,7956866702),(212,4096,1809938037),(213,4510,1955001482),(214,4510,4977623338),(215,4556,2934996317),(216,4918,3184490221),(217,4438,1708524727),(218,4004,3187937615),(219,4300,7578059621),(220,4349,4684862002),(221,4421,3088267191),(222,4664,2368080464),(223,4259,7345309719),(224,4692,6728278835),(225,4525,3463291094),(226,4686,1091885141),(227,4605,5555228679),(228,4543,7462360864),(229,4283,2842312936),(230,4642,9598675442),(231,4030,8729167354),(232,4088,8629355130),(233,4737,4927149526),(234,4923,5963203594),(235,4415,9243749024),(236,4794,5497537856),(237,4456,8031123002),(238,4978,2707675656),(239,4906,4188901258),(240,4726,7672231650),(241,4931,8317287717),(242,4541,9626341609),(243,4836,4758332377),(244,4681,5808090571),(245,4790,3765975488),(246,4194,8114013751),(247,4407,3083860471),(248,4266,4132253904),(249,4225,4668454905),(250,4176,4049964153),(251,4168,7275372954),(252,4254,9676614648),(253,4872,7903432256),(254,4819,9668609548),(255,4922,6489270765),(256,4200,7217095067),(257,4560,9322939221),(258,4691,9633276906),(259,4890,3689796261),(260,4859,9455854871),(261,4998,8584065539),(262,4340,4771622673),(263,4289,5754158779),(264,5003,1901064764),(265,4216,1436445985),(266,4227,5495658147),(267,4474,1706594865),(268,4905,7916808448),(269,4676,3368127558),(270,4328,3181930117),(271,4316,1178417409),(272,4303,7947732593),(273,4301,3136116492),(274,4307,4827259168),(275,4683,3179533314),(276,4720,5059465605),(277,4451,4779443697),(278,4061,3234437868),(279,4488,4666766616),(280,4424,9153041478),(281,4823,7541155831),(282,4128,4426539705),(283,4080,9774568155),(284,4480,1901534063),(285,4872,9088731605),(286,4458,3145191509),(287,4055,7481579940),(288,4032,1646902184),(289,4375,6144116001),(290,4719,5332388227),(291,4680,3131791713),(292,4130,7498295628),(293,4820,6137566783),(294,4580,6054228411),(295,4118,1051528854),(296,4567,8932808012),(297,4259,6024680895),(298,4572,4455748225),(299,4310,5468218130),(300,4509,7913466462),(301,4600,2558844473),(302,4402,1336541490),(303,4868,4929991068),(304,4090,6111112210),(305,4797,5712360424),(306,4791,7439666285),(307,4598,2142957544),(308,4070,1314988694),(309,4420,8599463356),(310,4952,9642504130),(311,4716,6662054699),(312,4837,1179134171),(313,4868,7338629254),(314,4269,1966547865),(315,4935,4863064098),(316,4031,9939836325),(317,4415,4108452869),(318,4346,3889491817),(319,4753,8835371703),(320,4701,3202018238),(321,4201,5494596887),(322,4909,2376434789),(323,4448,4533586969),(324,4995,7519802641),(325,4129,5979709705),(326,4840,4455231540),(327,4238,2455514517),(328,4322,8277399827),(329,4272,7967175458),(330,4550,8987003455),(331,4989,4713199615),(332,4993,5236839831),(333,4839,1628260621),(334,4227,1973882174),(335,4602,4625528540),(336,4389,4651596508),(337,4570,9694369695),(338,4248,2862468679),(339,4354,2129653937),(340,4344,9011304467),(341,4911,1122409710),(342,4235,5595119594),(343,4189,3427832929),(344,4205,4963224664),(345,4953,5152328939),(346,4761,4108801090),(347,4038,6655468653),(348,4208,9961093673),(349,4525,7596136664),(350,4991,2615231435),(351,4999,9202523422),(352,4752,9605635724),(353,4200,9156749561),(354,4009,6639564559),(355,5002,6239289180),(356,4095,9305878412),(357,4025,8111593243),(358,4316,2594574539),(359,4774,7043959168),(360,4292,3698407903),(361,4204,4561225536),(362,4192,2155060662),(363,4141,1993695268),(364,4054,8219384685),(365,4833,5924172731),(366,4109,1819285496),(367,4296,2248174567),(368,4059,6054772520),(369,4465,9021429211),(370,4827,6897883541),(371,4146,8318763648),(372,4632,2664471574),(373,4135,3199979085),(374,4767,3615634721),(375,4739,7441457822),(376,4113,7723338549),(377,4860,1096541070),(378,4169,4247243552),(379,4240,7475054903),(380,4140,8469815424),(381,4344,4064007577),(382,4897,8915735062),(383,4514,2373439234),(384,4085,2885915946),(385,4004,3797411844),(386,4448,5587168608),(387,4186,2663226160),(388,4240,5184697277),(389,4826,6891817872),(390,4726,7432047093),(391,4861,6174520610),(392,4448,8358549428),(393,4828,4232190921),(394,4907,3294489541),(395,4773,2257400196),(396,4484,8063036624),(397,4227,1264042971),(398,4423,3151967789),(399,4870,8234454226),(400,4700,7634887619),(401,4799,7194517473),(402,4812,9392829379),(403,4465,1356719551),(404,4453,7351048189),(405,4467,1441268751),(406,4446,5997946624),(407,4282,8382498314),(408,4437,3643206592),(409,4448,4928879689),(410,4625,6568071188),(411,4806,4992325288),(412,4167,9043851345),(413,4922,2861700997),(414,4880,3488750970),(415,4301,8972023146),(416,4406,7896366012),(417,4388,6812416229),(418,4614,7024955945),(419,4699,2911426626),(420,4064,4079782911),(421,4342,1953655622),(422,4149,4468529808),(423,4389,3884899928),(424,4088,1543712854),(425,4924,5295937791),(426,4752,2033111463),(427,4121,5687058331),(428,4815,9628492339),(429,4091,1627125043),(430,4773,3565747456),(431,4807,2606420285),(432,4817,4047666653),(433,4727,8928207649),(434,4394,7142061313),(435,4913,9095731088),(436,4358,4142163460),(437,4433,7377757577),(438,4284,5397840985),(439,4728,3861539877),(440,4300,1018253187),(441,4705,9524558436),(442,4862,1896149519),(443,4336,9693464722),(444,4459,6348336854),(445,4591,9629499777),(446,4492,8205400648),(447,4975,4584779159),(448,4451,1628428298),(449,4896,6718673336),(450,4045,2126674699),(451,4696,4299134226),(452,4570,8387869151),(453,5002,3116043750),(454,4606,9916856647),(455,4769,4564230480),(456,4356,1836257227),(457,4551,8388701344),(458,4653,7059188285),(459,4582,3376203959),(460,4968,4966880379),(461,4301,3494180209),(462,4475,9629620184),(463,4998,9875971066),(464,4617,7611779484),(465,4080,9828903650),(466,4877,5511969026),(467,4816,6716989066),(468,4854,4025476404),(469,4308,9329968083),(470,4055,2185141939),(471,4097,6844887346),(472,4278,5483539047),(473,4332,7972558262),(474,4599,1066072210),(475,4863,2023000649),(476,4579,4794444969),(477,4576,1143298416),(478,4666,7984988806),(479,4351,3719884485),(480,4447,5834926024),(481,4082,9065079549),(482,4650,6815061276),(483,4456,4333046098),(484,4231,5338380435),(485,4353,9464666183),(486,4577,2891944975),(487,4227,6985130485),(488,4621,3487549079),(489,4730,3939656708),(490,4285,1743960123),(491,4118,6932089974),(492,4097,7593870307),(493,4513,9607364049),(494,4091,7672742738),(495,4156,7151506127),(496,4116,8598836167),(497,4662,4961011299),(498,4963,5333587011),(499,4023,8493141963),(500,4753,9266917098),(501,4791,1208134489),(502,4831,5758227446),(503,4124,2875084613),(504,4416,3741102874),(505,4825,4223180283),(506,4263,7392952911),(507,4984,2974335364),(508,4493,5163550224),(509,4426,3774928609),(510,4488,6586623063),(511,4165,3701363742),(512,4189,3286947315),(513,4157,6791999145),(514,4063,4914116514),(515,4912,5818817411),(516,4805,8573606897),(517,4674,3375046301),(518,4516,6235566150),(519,4819,3891409248),(520,4906,7647604115),(521,4999,8358881163),(522,4058,7518003456),(523,4390,7026164337),(524,4763,3124547235),(525,4833,5614674077),(526,4123,6122889131),(527,4312,1258203042),(528,4973,8035474535),(529,4118,7921454932),(530,4451,9896215869),(531,4089,2297571892),(532,4374,4875985697),(533,4277,7205281950),(534,4690,2008438055),(535,4635,2455173678),(536,4899,1861100570),(537,4407,9301976775),(538,4127,2439055485),(539,4292,8042509509),(540,4158,6476568859),(541,4366,3071370784),(542,4919,6467441110),(543,5001,7007511087),(544,4469,2514259649),(545,4963,4053298272),(546,4888,6335617183),(547,4933,5506936027),(548,4717,1706568056),(549,4545,2915237791),(550,4413,6427712141),(551,4889,5718526543),(552,4148,4323074863),(553,4407,8606370935),(554,4758,7338467344),(555,4008,1887304103),(556,4886,6638923298),(557,4685,2481354097),(558,4992,3461462750),(559,4917,1141476529),(560,4288,6455836167),(561,4269,9335982404),(562,4206,3437774822),(563,4640,2582352890),(564,4248,7912194100),(565,4414,9214404691),(566,4399,6471626219),(567,4950,7793601677),(568,4101,2126159612),(569,4113,7603997333),(570,4647,3748664156),(571,4878,7818122772),(572,4018,9586391934),(573,4205,8877057855),(574,4226,7886980545),(575,4025,4784064521),(576,4619,3511089069),(577,4379,5541804204),(578,4052,5434366116),(579,4435,3227197403),(580,4352,1979755791),(581,4293,6323085332),(582,4603,3671617657),(583,4603,7103039448),(584,4041,4248898698),(585,4874,1659835130),(586,4956,1243644751),(587,4899,1409231727),(588,4498,9008537697),(589,4450,3745746630),(590,4926,4445978821),(591,4803,4616235077),(592,4675,4536568459),(593,4653,9755031590),(594,4593,5418017176),(595,4473,4127150530),(596,4329,1189137872),(597,4499,9415298191),(598,4445,6756653552),(599,4288,1287596976),(600,4869,3853989431),(601,4233,6785224991),(602,4006,9167747761),(603,4502,9682928604),(604,4155,3641521560),(605,4810,1471093702),(606,4244,5752929797),(607,4516,7864966687),(608,4163,7238726598),(609,4973,9864703841),(610,4269,6288586948),(611,4186,6806045445),(612,4849,7881963054),(613,5001,5507619948),(614,4592,7107044798),(615,4289,5125657197),(616,4334,5226575345),(617,4905,8623442842),(618,4079,3509654397),(619,4738,3382967578),(620,4377,2282413954),(621,4892,1352050516),(622,4144,9263090525),(623,4581,4145486950),(624,4770,6637879098),(625,4554,8309698784),(626,4197,5532729344),(627,4218,9971620524),(628,4500,1498716727),(629,4965,6778029940),(630,4345,2314850018),(631,4392,2064801837),(632,4163,3971889967),(633,4246,2339378675),(634,4825,1306758504),(635,4175,1773832605),(636,4492,4846272453),(637,4283,4702863189),(638,4442,3785460386),(639,4571,9074283590),(640,4995,6991111601),(641,4071,2932883407),(642,4494,2709107700),(643,4943,2449722904),(644,4232,3556641944),(645,4663,9047268118),(646,4743,1792410038),(647,4312,4433294164),(648,4595,8834132534),(649,4938,2578119898),(650,4599,8352344887),(651,4293,5697074000),(652,4697,4575680233),(653,4039,3964053745),(654,4751,4221845732),(655,4886,2401784082),(656,4261,8897878552),(657,4134,5069768557),(658,4149,8704891531),(659,4766,7325135880),(660,4388,8268209627),(661,4114,2117538706),(662,4395,8008170989),(663,4255,6445064901),(664,4477,9577647795),(665,4093,3126956541),(666,4968,7905725051),(667,4386,7905333205),(668,4491,5609569700),(669,4247,8131635444),(670,4947,9382682065),(671,4756,6253335104),(672,4113,2133826715),(673,4841,1084376098),(674,4704,9623530976),(675,4030,4948689055),(676,4943,2269263548),(677,4489,3842294637),(678,4828,2734774856),(679,4695,3673163349),(680,4280,1874942897),(681,4128,7961416192),(682,4336,2302057301),(683,4492,4228379020),(684,4108,2158319567),(685,4844,4327235557),(686,4383,6075397362),(687,4424,5735907713),(688,4789,7968595258),(689,4975,6659388457),(690,4878,5414102022),(691,4921,2061010076),(692,4509,6546550352),(693,4428,4614123159),(694,4346,8417246395),(695,4091,9009980709),(696,4840,6911527257),(697,4975,4571806584),(698,4671,4316080792),(699,4320,9817227615),(700,4882,4552599398),(701,4290,3923455879),(702,4685,3004581143),(703,4930,2001987852),(704,4231,6962528625),(705,4332,2676933513),(706,4286,5689827430),(707,4853,1181956021),(708,4948,2918766073),(709,4832,1702572213),(710,4160,4072226833),(711,4382,7119709222),(712,4535,9355306684),(713,4706,6451765182),(714,4752,9738433937),(715,4435,5407849065),(716,4937,5381370817),(717,4898,8675652272),(718,4976,2107353748),(719,5001,2486151405),(720,4103,9442186406),(721,4376,9186484881),(722,4152,2537463293),(723,4705,2331624949),(724,4498,8776850963),(725,4123,3193211572),(726,4479,1292031444),(727,4742,7543804558),(728,4081,1531770981),(729,4755,1298433329),(730,4249,5072786510),(731,4134,6833247688),(732,4708,5713607384),(733,4722,6908188444),(734,4322,2515811233),(735,4534,5303894436),(736,4326,8873910798),(737,4112,4588069903),(738,4252,9789450301),(739,4086,4458875737),(740,4248,7172464895),(741,4520,6758968083),(742,4407,3562834044),(743,4274,7061415351),(744,4326,6985310319),(745,4866,8597739494),(746,4275,9793694416),(747,4273,6607718352),(748,4430,4955158165),(749,4478,9403210514),(750,4614,2477840083),(751,4840,6429199071),(752,4358,3664070202),(753,4876,8622719023),(754,4297,5871376822),(755,5003,3761443075),(756,4614,1634489947),(757,4805,7558394261),(758,4016,5553499421),(759,4775,1959917611),(760,4191,5102022177),(761,4671,7082096148),(762,4369,9382505880),(763,4540,1559397334),(764,4825,9376811923),(765,4871,1984767702),(766,4506,8364650487),(767,4360,9258721950),(768,4838,8809309744),(769,4858,6315519541),(770,4850,1509917048),(771,4318,2544246159),(772,4324,1527396563),(773,4393,5495190423),(774,4870,3013023691),(775,4792,1438415627),(776,4738,2469939382),(777,4852,6074863473),(778,4838,5528002355),(779,4183,1032963552),(780,4476,1325167213),(781,4211,8146371448),(782,4056,8982966532),(783,4377,8773781742),(784,4114,4646752041),(785,4272,9455401363),(786,4018,2089928108),(787,4603,4508908352),(788,4703,6315176235),(789,4399,3376073484),(790,4829,4805438511),(791,4644,9616710716),(792,4672,5836486011),(793,4780,2944219241),(794,4060,2898915942),(795,4285,4267371079),(796,4333,8876392956),(797,4449,1278948563),(798,4029,3328292605),(799,4692,5495776923),(800,4994,8009466475),(801,4950,5989212778),(802,4641,8251148557),(803,4717,1236595937),(804,4314,1305774142),(805,4529,2955677164),(806,4961,9139854611),(807,4598,2955253371),(808,4835,4121525129),(809,4793,9622802324),(810,4702,5941319259),(811,4255,9778452477),(812,4469,1544277413),(813,4821,1882964004),(814,4196,4707419776),(815,4047,5653146699),(816,4630,4127033266),(817,4931,2528100703),(818,4654,9023221387),(819,4235,4932951004),(820,4151,8671076739),(821,4254,1062863373),(822,4768,9704553279),(823,4024,7553843415),(824,4645,7145219813),(825,4928,9936728654),(826,4603,9781863987),(827,4154,1129423094),(828,4395,9776180118),(829,4757,2121558411),(830,4273,9849466975),(831,4598,2709552616),(832,4449,3038174701),(833,4184,6109844302),(834,4384,1793332755),(835,4236,7366770957),(836,4718,6777179485),(837,4019,1968632147),(838,4237,4492224290),(839,4194,9794542346),(840,4758,5784927446),(841,4029,6662696694),(842,4527,3227863294),(843,4241,4821375731),(844,4729,3594473119),(845,4968,6402164517),(846,4810,1175386465),(847,4428,6071290799),(848,4617,4064224198),(849,4598,3183475386),(850,4505,3517014102),(851,4998,1104461858),(852,4983,8532365015),(853,4921,5153573217),(854,4559,5521071454),(855,4392,1539154752),(856,4344,2189072023),(857,4583,3431402108),(858,4252,4125908505),(859,4475,4122411871),(860,4894,9824002824),(861,4133,7836151173),(862,4565,3895969597),(863,4101,8364766740),(864,4867,2782005577),(865,4276,2865102217),(866,4771,5292738947),(867,4383,9105048710),(868,4738,2739516986),(869,4108,8356366443),(870,4310,3217117910),(871,4233,6836019281),(872,4120,6003972941),(873,4892,4744195223),(874,4372,5817744472),(875,4425,2863205238),(876,4189,1106110197),(877,4503,3233018933),(878,4885,7474045925),(879,4054,3386704317),(880,4761,7992114397),(881,4262,6584196971),(882,4466,8444302103),(883,4300,8903660525),(884,4584,9953817171),(885,4224,5503572967),(886,4916,4153685546),(887,4428,6049745240),(888,4160,3418265335),(889,4896,1714564719),(890,4594,1846098729),(891,4865,1597240952),(892,4454,4341059567),(893,4678,4693563131),(894,4136,9091415707),(895,4222,8088012413),(896,4970,4053708688),(897,4644,3673255184),(898,4463,7875994569),(899,4364,3409074558),(900,4316,5596559737),(901,4668,6792023954),(902,4890,9064592060),(903,4744,3914273003),(904,4570,9288813915),(905,4189,1073736318),(906,4824,6717481626),(907,4515,2821246688),(908,4078,2085277982),(909,4225,1182520244),(910,4588,1139234725),(911,4773,2401284009),(912,4762,3456292748),(913,4721,7443374749),(914,4670,2389269797),(915,4647,2355965032),(916,4375,3569456619),(917,4514,6039556293),(918,4318,5296902907),(919,4994,4899577155),(920,4031,5042690970),(921,4020,1883549803),(922,4009,9378403260),(923,4806,4583875415),(924,4115,2697733011),(925,4618,8239265938),(926,4455,1649858023),(927,4487,3877552371),(928,4841,7736384282),(929,4930,3966750313),(930,4315,7021245847),(931,4913,9628954489),(932,4560,3751318909),(933,4466,2806462246),(934,4977,7883687266),(935,4798,9338256887),(936,4659,5983286603),(937,4722,5681296697),(938,4162,8233974475),(939,4973,2505718823),(940,4668,2845535940),(941,4926,2774744810),(942,4400,3185168526),(943,4079,6169903092),(944,4337,5729352345),(945,4888,5147102508),(946,4227,8561991447),(947,4989,1906466217),(948,4223,2412161499),(949,4820,3554826033),(950,4367,8753929273),(951,4671,6809015593),(952,4711,4399755601),(953,4933,2154626838),(954,4994,5178878571),(955,4658,3296335462),(956,4140,5426629320),(957,4352,1317782999),(958,4495,6769563356),(959,4548,8732466196),(960,4712,3758479083),(961,4206,1536762824),(962,4819,2591316905),(963,4171,1595627131),(964,4937,1165859659),(965,4720,4793151489),(966,4158,9689595540),(967,4335,9434420100),(968,4981,9098396813),(969,4295,1123760618),(970,4185,1373136251),(971,4584,1315209664),(972,4627,2245927833),(973,4432,8936187609),(974,4937,4995753538),(975,4615,3178731011),(976,4037,8992981881),(977,4849,4778140796),(978,4400,3427854584),(979,4214,1673557940),(980,4726,6526261914),(981,4152,4378963600),(982,4352,8202534151),(983,4061,7292984411),(984,4698,2324571125),(985,4207,7531213672),(986,4382,7171149785),(987,4723,2186172194),(988,4932,1458761662),(989,4030,8739412802),(990,4183,7098791817),(991,4711,2867307360),(992,4765,6532661379),(993,4141,8686240839),(994,4370,5754457553),(995,4764,7628037057),(996,4493,6996096157),(997,4170,2343047478),(998,4527,7549645678),(999,4807,9077143740),(1000,4090,6153903389);
/*!40000 ALTER TABLE `employee_telephone_numbers` ENABLE KEYS */;
UNLOCK TABLES;

--
-- Table structure for table `employment`
--

DROP TABLE IF EXISTS `employment`;
/*!40101 SET @saved_cs_client     = @@character_set_client */;
/*!50503 SET character_set_client = utf8mb4 */;
CREATE TABLE `employment` (
  `empl_id` bigint NOT NULL AUTO_INCREMENT,
  `empl_emp_id` bigint NOT NULL,
  `empl_dpt_id` bigint NOT NULL,
  `empl_start_date` date NOT NULL,
  `empl_end_date` date DEFAULT NULL,
  PRIMARY KEY (`empl_id`),
  KEY `empl_emp_id_idx` (`empl_emp_id`),
  KEY `empl_dpt_id_idx` (`empl_dpt_id`),
  CONSTRAINT `empl_dpt_id` FOREIGN KEY (`empl_dpt_id`) REFERENCES `department` (`dpt_id`) ON DELETE RESTRICT ON UPDATE CASCADE,
  CONSTRAINT `empl_emp_id` FOREIGN KEY (`empl_emp_id`) REFERENCES `employee` (`emp_id`) ON DELETE RESTRICT ON UPDATE CASCADE
) ENGINE=InnoDB AUTO_INCREMENT=1001 DEFAULT CHARSET=utf8mb3;
/*!40101 SET character_set_client = @saved_cs_client */;

--
-- Dumping data for table `employment`
--

LOCK TABLES `employment` WRITE;
/*!40000 ALTER TABLE `employment` DISABLE KEYS */;
INSERT INTO `employment` VALUES (1,4636,10,'2021-04-09','2023-06-16'),(2,4489,3,'2021-09-15','2023-04-27'),(3,4857,7,'2020-07-20','2023-09-12'),(4,4414,8,'2020-08-25','2022-04-18'),(5,4598,8,'2020-07-21','2023-12-07'),(6,4203,2,'2020-05-29','2022-08-02'),(7,4175,8,'2021-04-15','2022-01-07'),(8,4112,6,'2020-10-20','2023-01-18'),(9,4083,3,'2021-01-17','2023-02-14'),(10,4852,8,'2021-01-06','2023-09-02'),(11,4146,6,'2021-09-11','2022-01-13'),(12,4596,9,'2021-09-24','2023-06-12'),(13,4997,9,'2021-06-26','2023-08-19'),(14,4802,8,'2021-09-16','2022-03-12'),(15,4760,10,'2021-10-09','2022-09-09'),(16,4203,9,'2020-12-12','2023-01-31'),(17,4705,1,'2021-09-06','2022-10-10'),(18,4631,2,'2020-03-12','2023-07-18'),(19,4807,5,'2020-04-07','2023-12-22'),(20,4738,10,'2021-05-26','2022-06-17'),(21,4697,5,'2021-07-24','2022-07-05'),(22,4154,6,'2020-05-22','2022-05-16'),(23,4835,5,'2021-12-10','2023-11-18'),(24,4920,5,'2021-10-23','2023-07-27'),(25,4406,6,'2021-11-10','2022-08-25'),(26,4453,8,'2020-08-15','2022-06-01'),(27,4700,2,'2021-11-09','2023-08-20'),(28,4884,2,'2021-09-20','2023-11-05'),(29,4952,1,'2020-02-01','2022-09-03'),(30,4922,9,'2020-11-16','2023-09-18'),(31,4931,4,'2020-02-03','2022-08-27'),(32,4133,1,'2021-08-18','2023-03-22'),(33,4539,1,'2021-04-24','2022-06-27'),(34,4087,10,'2021-11-10','2023-07-15'),(35,4628,3,'2021-12-28','2022-07-18'),(36,4197,5,'2021-05-25','2022-06-16'),(37,4459,1,'2021-06-28','2023-08-09'),(38,4939,9,'2020-04-28','2023-10-23'),(39,4724,4,'2021-02-14','2023-08-17'),(40,4433,2,'2021-07-13','2023-10-07'),(41,4093,7,'2020-02-17','2023-09-19'),(42,4011,10,'2020-11-13','2023-11-01'),(43,4059,1,'2020-07-05','2023-04-19'),(44,4212,9,'2021-11-20','2022-10-05'),(45,4614,9,'2020-05-19','2022-08-16'),(46,4154,4,'2021-11-26','2023-02-14'),(47,4088,9,'2021-03-31','2023-10-28'),(48,4568,3,'2021-12-28','2022-01-26'),(49,4814,3,'2020-02-21','2023-09-22'),(50,4066,3,'2021-11-22','2023-06-12'),(51,4781,10,'2020-10-25','2023-06-27'),(52,4832,10,'2021-12-11','2023-08-22'),(53,4022,7,'2020-08-04','2022-03-13'),(54,4904,1,'2021-01-15','2022-12-18'),(55,4713,8,'2020-06-24','2023-09-28'),(56,4136,7,'2021-06-03','2022-02-19'),(57,4316,2,'2021-06-09','2023-01-24'),(58,4380,3,'2020-01-14','2023-04-03'),(59,4055,8,'2020-01-21','2022-06-25'),(60,4325,4,'2021-04-08','2023-11-21'),(61,4838,2,'2021-03-24','2023-06-11'),(62,4400,7,'2020-04-11','2023-05-01'),(63,4040,1,'2021-07-01','2023-02-18'),(64,4241,9,'2020-08-29','2023-09-05'),(65,4361,5,'2021-12-29','2022-06-10'),(66,4707,1,'2021-01-05','2023-04-23'),(67,4252,6,'2021-03-05',NULL),(68,4637,2,'2021-01-31','2023-06-08'),(69,4356,5,'2020-10-24','2023-07-25'),(70,4275,6,'2021-02-18','2022-09-19'),(71,4473,9,'2021-09-24','2023-12-10'),(72,4509,1,'2021-08-04','2023-08-15'),(73,4980,6,'2021-11-13','2023-06-18'),(74,4021,10,'2021-01-22','2023-09-22'),(75,4307,6,'2021-04-03','2022-10-07'),(76,4291,4,'2021-12-21','2022-08-20'),(77,4730,8,'2020-02-28','2023-12-01'),(78,4656,4,'2020-08-22','2022-04-28'),(79,4763,6,'2021-09-26','2023-07-12'),(80,4037,8,'2021-09-11','2023-04-05'),(81,4967,3,'2020-10-29','2023-09-14'),(82,4813,4,'2021-02-19','2022-01-01'),(83,4759,10,'2021-06-06','2023-02-16'),(84,4535,8,'2020-03-11','2022-09-17'),(85,4305,10,'2020-03-25','2023-03-21'),(86,4524,10,'2020-11-28','2022-06-02'),(87,4323,7,'2021-06-20','2022-10-01'),(88,4189,6,'2021-11-04','2022-10-23'),(89,4276,2,'2020-01-23','2022-06-28'),(90,4955,1,'2021-05-23','2023-12-24'),(91,4280,1,'2020-05-26','2023-07-29'),(92,4428,6,'2021-02-22','2023-01-26'),(93,4735,10,'2021-08-09','2023-04-13'),(94,4647,7,'2021-12-25','2023-09-21'),(95,4275,8,'2020-10-11','2022-07-24'),(96,4650,1,'2020-04-27','2023-10-10'),(97,4925,4,'2021-04-16','2023-09-04'),(98,4710,1,'2020-11-11','2022-09-10'),(99,4029,1,'2020-06-04','2022-02-26'),(100,4567,4,'2021-08-24','2023-07-16'),(101,4078,6,'2021-04-02','2022-10-20'),(102,4529,3,'2020-11-10','2023-01-15'),(103,4382,7,'2020-02-03','2022-03-24'),(104,4423,1,'2020-10-22','2023-08-28'),(105,4734,5,'2021-03-18','2022-06-15'),(106,4744,8,'2020-10-07','2022-06-13'),(107,4515,8,'2021-05-08','2023-07-16'),(108,4113,8,'2021-05-03','2023-05-10'),(109,4355,4,'2021-01-06','2022-03-09'),(110,4954,9,'2021-07-20','2023-03-16'),(111,4542,8,'2020-11-05','2022-07-24'),(112,4878,10,'2021-02-04','2023-06-29'),(113,4248,6,'2020-09-08','2022-08-23'),(114,4253,3,'2021-08-10','2023-09-21'),(115,4724,4,'2021-01-13','2022-07-29'),(116,4329,6,'2020-04-21','2022-10-01'),(117,4260,4,'2021-06-02','2022-01-26'),(118,4007,7,'2020-08-13','2023-06-03'),(119,4675,9,'2021-10-20','2022-10-13'),(120,4093,1,'2021-12-10','2022-11-18'),(121,4940,3,'2020-05-25','2022-06-04'),(122,4630,3,'2021-02-13','2022-01-30'),(123,4646,6,'2021-02-24','2022-08-31'),(124,4459,3,'2020-01-27','2023-12-15'),(125,4640,3,'2021-10-21','2023-12-21'),(126,4364,5,'2020-02-09','2023-08-30'),(127,4948,9,'2020-12-13','2022-11-28'),(128,4502,5,'2021-03-10','2023-11-17'),(129,4796,1,'2021-04-25','2023-11-01'),(130,4551,8,'2021-12-21','2022-07-20'),(131,4598,8,'2020-10-23','2022-06-28'),(132,4866,9,'2021-08-28','2022-05-15'),(133,4743,5,'2020-01-26','2023-06-08'),(134,4779,6,'2020-08-24','2023-05-05'),(135,4081,10,'2021-07-17','2022-10-06'),(136,4253,5,'2020-07-04','2023-12-24'),(137,4456,9,'2020-12-23','2022-03-18'),(138,4007,3,'2021-11-05','2022-12-15'),(139,4124,10,'2020-11-27','2023-03-19'),(140,4439,10,'2021-05-26','2023-08-08'),(141,4653,8,'2021-11-14','2022-02-27'),(142,4766,5,'2020-08-25','2022-07-21'),(143,4441,3,'2020-04-03','2023-06-20'),(144,4602,7,'2020-09-03','2022-02-21'),(145,5000,2,'2020-05-14','2022-11-18'),(146,4860,8,'2021-04-29','2023-10-29'),(147,4200,3,'2020-01-07','2023-11-25'),(148,4560,7,'2020-11-26','2023-05-08'),(149,4810,3,'2021-10-23','2023-01-31'),(150,4328,7,'2020-08-26','2022-09-10'),(151,4247,7,'2020-02-04','2023-07-03'),(152,4360,2,'2020-10-13','2023-07-02'),(153,4264,4,'2021-03-07','2022-03-05'),(154,4981,7,'2021-12-21','2023-02-25'),(155,4478,3,'2020-04-19','2023-04-10'),(156,4381,10,'2021-06-24','2022-07-30'),(157,4850,9,'2020-03-01','2023-11-27'),(158,4621,10,'2021-05-22','2023-06-05'),(159,4228,3,'2021-12-13','2022-09-06'),(160,4290,10,'2021-08-02','2023-09-16'),(161,4771,10,'2020-05-01','2022-10-18'),(162,4108,3,'2021-10-21','2022-01-16'),(163,4612,9,'2020-02-04','2023-11-26'),(164,4012,8,'2020-05-05','2022-08-08'),(165,4970,1,'2020-10-30','2023-09-10'),(166,4503,5,'2021-11-29','2022-01-05'),(167,4536,6,'2021-03-04','2022-01-02'),(168,4707,3,'2021-08-10','2022-07-24'),(169,4795,1,'2021-12-16','2022-10-05'),(170,4058,9,'2021-08-12','2023-12-06'),(171,4720,7,'2020-03-26','2023-06-01'),(172,4385,10,'2020-09-20','2022-08-09'),(173,4190,1,'2021-08-31','2023-03-25'),(174,4324,1,'2020-10-09','2023-03-24'),(175,4672,10,'2021-08-09','2022-12-30'),(176,4877,8,'2020-08-30','2023-06-27'),(177,4516,3,'2020-02-17','2022-02-22'),(178,4248,10,'2021-04-21','2023-06-06'),(179,4078,8,'2021-09-13','2022-10-25'),(180,4260,3,'2021-04-01','2022-03-05'),(181,4537,5,'2020-09-03','2022-07-13'),(182,4090,1,'2020-01-23','2023-05-07'),(183,4816,3,'2020-01-02','2022-08-04'),(184,4368,6,'2021-08-11','2023-12-02'),(185,4276,9,'2020-08-13','2023-02-03'),(186,4643,8,'2020-08-07','2023-01-25'),(187,4804,9,'2021-06-30','2022-03-23'),(188,4917,8,'2020-06-13','2022-12-15'),(189,4718,8,'2020-04-09','2022-08-02'),(190,4045,7,'2021-01-23','2023-12-26'),(191,4205,3,'2020-04-24','2022-02-05'),(192,4599,4,'2021-08-20','2022-02-03'),(193,4590,5,'2020-08-10','2022-09-20'),(194,4790,8,'2021-01-23','2023-07-07'),(195,4673,1,'2021-05-15','2022-06-02'),(196,4220,8,'2020-02-09','2023-01-12'),(197,4662,4,'2021-04-24','2023-12-07'),(198,4936,4,'2020-06-22','2022-02-25'),(199,4231,9,'2021-12-03','2023-10-20'),(200,4329,9,'2020-05-10','2022-08-29'),(201,4525,6,'2021-02-16','2022-02-08'),(202,4990,5,'2021-02-19','2023-04-21'),(203,4285,4,'2020-09-17','2023-03-29'),(204,4775,4,'2020-09-12','2023-01-21'),(205,4328,7,'2020-09-22','2022-06-21'),(206,4352,9,'2021-02-13','2023-02-01'),(207,4168,7,'2020-01-03','2023-10-30'),(208,4709,4,'2021-06-15','2022-05-30'),(209,4198,9,'2021-02-23','2023-01-22'),(210,4500,3,'2020-02-18','2023-03-25'),(211,4371,10,'2020-12-27','2022-05-29'),(212,4752,9,'2020-07-23','2023-02-28'),(213,4160,2,'2021-12-03','2023-03-02'),(214,4249,8,'2020-05-15','2022-02-03'),(215,4008,1,'2021-12-26','2023-12-04'),(216,4796,1,'2021-06-04','2022-09-29'),(217,4998,4,'2021-01-26','2023-01-26'),(218,4581,3,'2020-01-21','2022-10-18'),(219,4241,10,'2021-07-03','2023-04-15'),(220,4568,8,'2021-08-22','2022-12-23'),(221,4757,9,'2020-04-27','2022-06-11'),(222,4383,4,'2020-09-18','2022-09-12'),(223,4874,8,'2021-03-01','2022-08-11'),(224,4201,5,'2021-03-16','2022-03-16'),(225,4278,2,'2020-12-20','2023-01-06'),(226,4528,5,'2020-04-05','2023-11-17'),(227,4442,8,'2020-06-16','2023-02-13'),(228,4957,3,'2021-01-28','2022-08-07'),(229,4441,5,'2020-10-31','2023-07-26'),(230,4360,4,'2020-07-06','2022-09-30'),(231,4966,10,'2021-11-19','2022-05-06'),(232,4881,1,'2021-11-08','2023-09-04'),(233,4999,4,'2020-06-09','2022-07-06'),(234,4227,10,'2021-05-01','2022-08-13'),(235,4754,9,'2021-01-28','2023-03-17'),(236,4129,3,'2021-09-30','2022-07-25'),(237,4795,3,'2021-04-03','2022-03-08'),(238,4200,5,'2021-02-15','2022-02-23'),(239,4363,5,'2021-12-06','2023-03-08'),(240,4334,5,'2021-02-26','2022-02-27'),(241,4933,1,'2020-06-03','2023-10-17'),(242,4134,7,'2020-11-08','2023-05-09'),(243,4965,5,'2020-06-25','2023-02-08'),(244,4321,1,'2020-11-25','2022-08-28'),(245,4685,2,'2020-09-14','2023-04-13'),(246,4453,3,'2021-04-14','2023-04-30'),(247,4207,10,'2021-05-10','2022-05-05'),(248,4689,1,'2021-04-29','2023-01-13'),(249,4688,6,'2021-01-17','2023-06-13'),(250,4672,3,'2021-04-13','2022-03-30'),(251,4769,4,'2020-04-19','2022-06-25'),(252,4206,4,'2021-02-26','2022-06-14'),(253,4680,2,'2020-06-24','2022-04-28'),(254,4137,9,'2021-06-11','2022-09-08'),(255,4692,1,'2020-01-08','2022-01-31'),(256,4875,1,'2020-11-07','2023-08-10'),(257,4365,3,'2021-08-21','2022-08-07'),(258,4659,3,'2021-03-11','2023-05-27'),(259,4707,1,'2021-06-14','2022-03-20'),(260,4437,9,'2021-08-14','2023-10-22'),(261,4447,5,'2020-03-12','2022-09-28'),(262,4155,7,'2020-07-13',NULL),(263,4639,9,'2020-11-14','2023-11-17'),(264,4608,9,'2020-03-29','2023-01-12'),(265,4248,2,'2020-12-04','2023-04-03'),(266,4193,9,'2020-07-05',NULL),(267,4813,3,'2021-12-10','2022-10-15'),(268,4859,9,'2021-03-06','2023-08-07'),(269,4386,9,'2021-03-25','2022-05-27'),(270,4907,3,'2020-10-02','2023-02-22'),(271,4691,7,'2021-10-26','2023-04-19'),(272,4308,8,'2020-01-15','2023-11-11'),(273,4976,6,'2020-02-26','2022-06-07'),(274,4774,2,'2020-05-21','2023-06-06'),(275,4076,3,'2020-07-06','2023-08-27'),(276,4366,9,'2021-02-07','2023-08-02'),(277,4815,9,'2020-04-28','2022-05-17'),(278,4255,4,'2020-03-31','2022-01-04'),(279,4568,8,'2020-01-29','2022-06-24'),(280,4572,8,'2021-05-11','2023-12-11'),(281,4736,5,'2020-05-19','2022-01-08'),(282,4807,6,'2020-07-20','2022-03-03'),(283,4168,2,'2020-01-03','2023-05-21'),(284,4657,4,'2020-06-19','2022-02-17'),(285,4899,1,'2021-02-12','2023-08-25'),(286,4603,1,'2021-09-25','2023-08-12'),(287,4186,5,'2021-03-09','2022-01-29'),(288,4920,2,'2020-08-03','2023-03-13'),(289,4269,10,'2021-01-25','2023-04-06'),(290,4389,1,'2020-10-09','2022-11-22'),(291,4204,4,'2020-01-23','2023-08-11'),(292,4192,10,'2021-07-28','2022-05-30'),(293,4856,5,'2020-02-13','2023-05-15'),(294,4276,5,'2020-04-25','2023-03-28'),(295,4734,8,'2020-09-17','2023-07-12'),(296,4590,8,'2021-05-31','2023-12-14'),(297,4004,10,'2020-09-06','2023-08-03'),(298,4391,5,'2020-04-21','2022-07-03'),(299,4632,10,'2020-05-06','2022-06-05'),(300,4352,9,'2020-05-11','2023-02-13'),(301,4445,10,'2020-07-23','2022-07-13'),(302,4606,5,'2020-09-22','2023-03-11'),(303,4289,9,'2020-05-09','2022-03-09'),(304,4622,6,'2021-01-14','2022-09-12'),(305,4755,10,'2020-07-29','2023-10-25'),(306,4490,4,'2021-05-15','2022-02-20'),(307,4677,5,'2020-04-05','2022-01-08'),(308,4199,1,'2020-11-21','2022-09-15'),(309,4230,9,'2020-02-27','2022-08-04'),(310,4806,3,'2020-04-04','2022-04-16'),(311,4112,9,'2021-09-24','2023-07-19'),(312,4484,9,'2020-12-27','2022-07-20'),(313,4948,10,'2020-05-21','2022-09-02'),(314,4537,8,'2021-10-08','2023-04-23'),(315,4931,1,'2021-02-25','2023-06-08'),(316,4381,7,'2021-05-08','2022-11-17'),(317,4057,5,'2021-02-14','2022-01-12'),(318,4476,8,'2021-12-18','2022-06-08'),(319,4598,2,'2020-11-01','2022-05-16'),(320,4283,1,'2021-02-25','2022-06-25'),(321,4148,1,'2021-03-27','2022-09-04'),(322,4285,5,'2020-01-06','2022-01-17'),(323,4767,10,'2020-04-28','2023-05-11'),(324,4352,7,'2020-06-09','2023-11-09'),(325,4769,2,'2020-09-24','2023-01-18'),(326,4044,10,'2021-04-23','2022-07-03'),(327,4894,5,'2021-09-17','2022-05-13'),(328,4456,1,'2020-08-11','2022-07-28'),(329,4371,4,'2021-02-01','2022-05-12'),(330,4519,1,'2021-10-11','2022-11-01'),(331,4756,6,'2021-03-20','2023-07-30'),(332,4416,3,'2021-05-23','2022-10-31'),(333,4670,10,'2021-06-01','2023-07-05'),(334,4574,9,'2020-10-10','2023-03-09'),(335,4351,9,'2020-01-17','2022-12-28'),(336,4483,7,'2021-11-02','2022-01-28'),(337,4032,3,'2021-09-23','2022-10-24'),(338,4070,9,'2021-10-27','2022-04-04'),(339,4073,3,'2021-06-08','2022-09-18'),(340,4199,3,'2020-11-19','2022-06-01'),(341,4205,10,'2020-10-30','2023-01-16'),(342,4911,3,'2021-02-17','2023-03-23'),(343,4469,10,'2020-01-10','2023-08-30'),(344,4947,1,'2021-07-05','2023-08-03'),(345,4370,1,'2020-08-15','2022-12-12'),(346,4567,1,'2021-08-29','2022-12-30'),(347,4367,9,'2020-07-11','2022-08-20'),(348,4639,9,'2021-03-24','2023-10-13'),(349,4824,9,'2020-10-05','2023-09-11'),(350,4238,10,'2020-06-21','2022-07-07'),(351,4763,10,'2020-05-26','2022-03-19'),(352,4876,7,'2021-12-16','2022-06-05'),(353,4056,10,'2020-04-27','2023-10-11'),(354,4049,10,'2021-10-05','2023-05-30'),(355,4239,5,'2020-03-15','2023-08-08'),(356,4668,6,'2020-04-03','2022-12-27'),(357,4470,4,'2020-02-26','2022-06-18'),(358,4849,2,'2021-01-22','2022-12-25'),(359,4225,8,'2021-12-28','2022-03-02'),(360,4146,2,'2020-10-21','2022-09-13'),(361,4659,4,'2021-11-16','2023-08-02'),(362,4654,10,'2020-09-11','2022-05-23'),(363,4869,3,'2021-12-01','2022-04-12'),(364,4177,10,'2020-03-14',NULL),(365,4458,2,'2021-10-18','2022-10-21'),(366,4103,6,'2020-05-14','2022-07-23'),(367,4916,9,'2020-08-05','2023-05-29'),(368,4871,8,'2021-03-21','2023-02-26'),(369,4543,2,'2020-08-26','2022-06-08'),(370,4217,10,'2021-05-26','2022-08-09'),(371,4369,8,'2021-05-09','2022-06-21'),(372,4022,10,'2021-08-09','2023-04-06'),(373,4373,6,'2020-01-10','2023-06-09'),(374,4890,7,'2020-04-21','2023-05-28'),(375,4409,1,'2021-09-18','2023-09-04'),(376,4733,5,'2021-12-20','2022-12-27'),(377,4004,1,'2020-07-04','2022-04-26'),(378,4203,10,'2020-03-28','2022-03-28'),(379,4475,10,'2021-01-30','2023-05-06'),(380,4711,10,'2020-07-04','2023-05-11'),(381,4934,6,'2020-11-23','2022-10-16'),(382,4499,3,'2021-12-17','2022-04-13'),(383,4713,5,'2021-07-16','2023-09-01'),(384,4546,1,'2021-10-24','2023-07-27'),(385,4540,1,'2020-05-15','2023-03-14'),(386,4746,5,'2021-03-17','2022-08-07'),(387,4191,7,'2020-02-07','2022-02-09'),(388,4445,2,'2020-04-08','2023-12-15'),(389,4612,4,'2020-03-12','2023-02-05'),(390,4329,10,'2020-01-01','2023-08-06'),(391,4178,5,'2021-09-23','2022-05-27'),(392,4514,3,'2021-05-30','2022-12-11'),(393,4361,6,'2021-08-23','2023-08-03'),(394,4273,6,'2021-04-22','2022-02-03'),(395,4739,7,'2021-08-18','2023-06-11'),(396,4596,6,'2021-12-10','2023-12-12'),(397,4440,5,'2020-09-30','2022-11-06'),(398,4904,9,'2021-12-03','2022-01-07'),(399,4943,10,'2020-12-25','2023-07-06'),(400,4216,9,'2020-12-04','2023-03-24'),(401,4628,5,'2020-11-26','2023-02-17'),(402,4544,10,'2020-10-28','2022-03-20'),(403,4055,7,'2021-10-04','2022-07-28'),(404,4751,7,'2020-08-30','2023-05-03'),(405,4131,3,'2020-06-11','2023-01-20'),(406,4936,6,'2021-11-27','2022-06-04'),(407,4207,5,'2021-02-26','2023-12-24'),(408,4911,8,'2021-06-06','2022-11-20'),(409,4517,4,'2020-03-28','2023-03-13'),(410,4039,4,'2021-06-03','2023-05-01'),(411,4037,1,'2021-12-15','2023-01-11'),(412,4710,9,'2021-06-13','2023-04-04'),(413,4506,9,'2021-01-18','2023-02-12'),(414,4064,8,'2020-10-23',NULL),(415,4709,2,'2021-11-24','2023-12-22'),(416,4083,3,'2021-04-22','2022-05-12'),(417,4814,8,'2020-02-18','2022-01-11'),(418,4331,9,'2021-10-18','2022-05-20'),(419,4487,3,'2021-06-21','2023-07-24'),(420,4838,6,'2021-02-06','2023-01-30'),(421,4681,1,'2020-10-19','2023-12-05'),(422,4892,3,'2021-04-01','2023-09-16'),(423,4234,3,'2020-10-05','2023-12-11'),(424,4130,2,'2020-05-24','2023-12-21'),(425,4110,4,'2020-05-29','2023-01-24'),(426,4593,10,'2021-06-23','2022-11-01'),(427,4906,6,'2021-08-09','2023-06-27'),(428,4654,4,'2021-05-17','2022-07-30'),(429,4985,5,'2020-04-17','2022-04-27'),(430,4701,8,'2021-10-09','2022-05-15'),(431,4165,1,'2020-02-13','2022-05-09'),(432,4111,2,'2021-12-11','2023-06-26'),(433,4723,9,'2021-10-27','2023-07-11'),(434,4810,5,'2020-08-04','2023-04-18'),(435,4341,7,'2020-05-15','2023-03-09'),(436,4879,8,'2020-04-26','2023-05-09'),(437,4771,6,'2021-01-23','2023-04-14'),(438,4399,4,'2020-03-10','2023-03-30'),(439,4266,6,'2021-07-25','2023-04-28'),(440,4674,5,'2021-11-04','2022-01-07'),(441,4077,1,'2020-05-07','2022-09-14'),(442,4038,1,'2021-05-14','2023-04-28'),(443,4290,8,'2021-12-19','2022-08-13'),(444,4227,4,'2021-07-07','2022-10-12'),(445,4812,1,'2020-06-04','2023-12-28'),(446,4788,4,'2020-08-25','2023-02-21'),(447,4755,5,'2021-04-05','2022-12-26'),(448,4932,3,'2021-07-11','2023-09-22'),(449,4102,7,'2020-10-06','2022-06-15'),(450,4186,9,'2021-06-26','2022-04-22'),(451,4603,10,'2020-08-31','2023-07-27'),(452,4184,2,'2020-12-21','2022-11-17'),(453,4830,5,'2020-05-21','2022-08-22'),(454,4385,6,'2021-09-03','2023-08-05'),(455,4995,5,'2021-04-29','2023-06-10'),(456,4293,6,'2021-09-22','2022-07-16'),(457,4391,8,'2021-05-24','2022-08-15'),(458,4543,2,'2021-03-18','2022-07-06'),(459,4399,7,'2021-06-28','2022-01-12'),(460,4438,6,'2020-04-12','2023-12-16'),(461,4644,9,'2021-05-26','2022-03-28'),(462,4077,9,'2020-10-12','2023-10-29'),(463,4583,5,'2020-05-31','2023-09-27'),(464,4584,5,'2021-05-30','2022-10-29'),(465,4924,2,'2021-10-26','2022-12-04'),(466,4963,5,'2021-11-19','2023-11-01'),(467,4220,1,'2021-11-05','2023-08-24'),(468,4543,5,'2020-11-17','2022-12-14'),(469,4626,2,'2021-03-31','2022-12-31'),(470,4997,6,'2021-09-10','2023-07-18'),(471,4527,3,'2021-07-06','2023-07-08'),(472,4192,4,'2020-07-27','2023-06-14'),(473,4728,2,'2020-06-04','2023-03-30'),(474,4583,7,'2020-11-08','2023-09-09'),(475,4669,3,'2020-07-21','2023-12-21'),(476,4430,8,'2020-06-20','2023-07-13'),(477,4087,5,'2020-12-26','2023-10-10'),(478,4086,5,'2021-08-27','2022-03-28'),(479,4281,4,'2021-09-10','2023-07-16'),(480,4204,1,'2020-04-03','2022-01-21'),(481,4158,4,'2020-06-01','2022-10-26'),(482,4867,10,'2021-09-28','2023-04-15'),(483,4007,9,'2021-01-17','2023-02-14'),(484,4631,10,'2021-10-13','2023-06-16'),(485,4521,7,'2021-01-30','2023-04-05'),(486,4261,4,'2021-12-11','2022-01-15'),(487,4890,3,'2020-02-18','2023-12-19'),(488,4284,3,'2021-04-21','2023-10-04'),(489,4608,3,'2020-07-24','2023-06-24'),(490,4383,5,'2021-10-02','2023-09-15'),(491,4335,10,'2021-02-04','2023-03-10'),(492,4262,3,'2020-08-06','2022-03-08'),(493,4012,6,'2020-09-03','2023-11-03'),(494,4508,7,'2021-07-29','2023-11-16'),(495,4834,3,'2020-06-05','2023-08-07'),(496,4347,9,'2021-02-26','2022-08-23'),(497,4661,6,'2020-03-18','2023-06-05'),(498,4501,8,'2020-01-04','2022-03-03'),(499,4861,1,'2020-03-12','2023-09-03'),(500,4055,3,'2020-02-18','2023-05-24'),(501,4538,2,'2020-12-15','2023-01-07'),(502,4703,2,'2021-05-07','2023-07-18'),(503,4328,8,'2020-03-24','2022-11-23'),(504,4703,6,'2021-04-10','2022-11-10'),(505,4166,9,'2021-10-21','2023-11-09'),(506,4342,4,'2021-12-06','2023-11-04'),(507,4726,4,'2021-01-03','2023-07-23'),(508,4979,4,'2020-07-05','2022-06-30'),(509,4502,9,'2020-04-12','2022-04-14'),(510,4959,1,'2021-02-10','2023-12-25'),(511,4154,2,'2020-09-16','2022-12-25'),(512,4658,9,'2020-08-21','2023-01-09'),(513,4728,7,'2021-01-23','2023-03-23'),(514,4857,5,'2021-09-30','2023-07-10'),(515,4411,4,'2020-11-14','2023-01-28'),(516,4835,8,'2021-10-21','2023-05-10'),(517,4426,3,'2021-09-02','2023-10-14'),(518,4058,9,'2021-05-13','2023-12-01'),(519,4054,1,'2020-09-05','2022-06-01'),(520,4536,2,'2021-10-21','2022-06-24'),(521,4675,10,'2020-10-03','2022-12-28'),(522,4660,7,'2021-07-04','2023-02-09'),(523,4331,8,'2021-08-29','2023-11-28'),(524,4987,3,'2021-11-13','2022-09-29'),(525,4962,10,'2020-05-30','2023-12-15'),(526,4738,10,'2021-04-05','2022-03-13'),(527,4339,9,'2020-01-13','2023-07-27'),(528,4767,8,'2021-04-18','2022-01-31'),(529,4895,4,'2021-09-02','2022-12-16'),(530,4379,8,'2020-09-14','2022-10-18'),(531,4344,3,'2021-11-05','2023-08-13'),(532,4952,5,'2021-08-08','2022-01-04'),(533,4059,3,'2020-05-17','2023-02-09'),(534,4965,4,'2021-11-08','2022-02-19'),(535,4778,9,'2021-06-04','2022-05-24'),(536,4746,2,'2020-07-08','2022-01-24'),(537,4108,8,'2021-07-22','2023-07-04'),(538,4168,3,'2020-09-30','2023-06-18'),(539,4679,10,'2020-04-01','2023-10-15'),(540,4179,1,'2021-03-27',NULL),(541,4636,2,'2021-10-26','2022-08-01'),(542,4248,5,'2020-05-17','2023-11-07'),(543,4574,9,'2021-04-26','2022-10-13'),(544,4498,1,'2021-08-13','2023-09-03'),(545,4372,3,'2020-10-22','2023-11-27'),(546,4497,1,'2021-01-01','2023-09-05'),(547,4885,2,'2021-11-29','2023-11-08'),(548,4531,1,'2020-04-21','2022-07-19'),(549,4630,2,'2021-08-12','2023-02-11'),(550,4677,3,'2020-08-06','2023-04-26'),(551,4951,4,'2021-05-07','2022-01-28'),(552,4408,3,'2020-11-22','2022-02-05'),(553,4764,3,'2021-03-04','2023-06-25'),(554,4176,4,'2021-12-17','2023-11-24'),(555,4355,1,'2020-06-19','2022-07-19'),(556,4304,1,'2021-09-14','2022-02-21'),(557,4366,2,'2020-06-17','2023-02-05'),(558,4759,3,'2021-04-15','2022-03-22'),(559,4203,9,'2021-04-09','2022-03-10'),(560,4607,3,'2020-11-25','2022-10-16'),(561,4715,2,'2021-01-19','2023-07-21'),(562,4649,8,'2021-10-10','2023-12-02'),(563,4618,10,'2021-11-07','2022-03-14'),(564,4762,8,'2021-10-11','2023-08-03'),(565,4415,4,'2020-08-24','2022-01-20'),(566,4675,6,'2021-03-01','2023-10-28'),(567,4104,6,'2020-10-22','2023-12-26'),(568,4475,3,'2020-12-22','2022-11-18'),(569,4395,2,'2020-01-05','2023-05-28'),(570,4564,6,'2020-07-20','2022-12-03'),(571,4656,2,'2021-04-08','2023-12-08'),(572,4753,4,'2021-02-28','2023-08-02'),(573,4419,3,'2021-04-19','2022-10-16'),(574,4638,8,'2021-03-25','2023-08-13'),(575,4207,9,'2021-02-21','2022-01-29'),(576,4798,2,'2020-07-10','2022-12-28'),(577,4561,6,'2020-02-01','2022-05-28'),(578,4599,9,'2021-06-03','2023-02-15'),(579,4263,10,'2020-05-11','2022-12-26'),(580,4793,7,'2020-10-06','2023-06-30'),(581,4333,8,'2021-04-15','2023-05-09'),(582,4696,6,'2021-09-16','2023-01-23'),(583,4548,8,'2020-06-11','2023-06-08'),(584,4011,6,'2021-06-30','2023-04-04'),(585,4861,5,'2020-01-19','2022-08-18'),(586,4396,1,'2021-03-12','2023-01-09'),(587,4845,3,'2020-06-21','2022-12-17'),(588,4547,4,'2020-03-02','2022-11-20'),(589,4056,8,'2020-06-21','2023-05-16'),(590,4215,8,'2021-01-20','2022-07-04'),(591,4904,3,'2020-11-28','2023-10-27'),(592,4667,3,'2020-11-30','2022-12-16'),(593,4760,2,'2020-02-20','2022-01-25'),(594,4441,10,'2020-06-12','2023-12-04'),(595,4655,6,'2020-03-13','2023-05-01'),(596,4843,3,'2020-09-24','2023-12-12'),(597,4806,7,'2020-12-16','2023-12-05'),(598,4563,2,'2020-05-05','2023-10-09'),(599,4971,3,'2020-11-28','2023-11-14'),(600,4314,3,'2020-04-29','2023-06-26'),(601,4576,9,'2021-12-04','2023-07-28'),(602,4743,6,'2020-10-25','2022-07-13'),(603,4509,5,'2021-02-24','2022-10-31'),(604,4407,8,'2021-07-06','2023-08-10'),(605,4349,5,'2020-03-20','2022-08-14'),(606,4480,10,'2021-07-11','2022-11-20'),(607,4082,6,'2020-05-26','2022-05-11'),(608,4825,2,'2021-07-22','2022-02-28'),(609,4445,10,'2020-07-24','2023-03-23'),(610,4945,9,'2020-03-03','2022-05-17'),(611,4533,6,'2020-03-14','2023-07-08'),(612,4245,5,'2021-04-27','2022-12-05'),(613,4828,5,'2020-08-11','2022-11-18'),(614,4088,8,'2020-11-21','2022-02-14'),(615,4744,7,'2020-04-05','2023-06-23'),(616,4758,9,'2021-10-22','2023-01-26'),(617,4984,10,'2021-01-26','2022-09-21'),(618,4974,10,'2020-05-11','2022-12-23'),(619,4691,4,'2021-01-03','2023-07-24'),(620,4852,4,'2020-10-22','2022-02-21'),(621,4297,4,'2021-11-10','2022-03-10'),(622,4528,8,'2020-11-02','2022-11-06'),(623,4331,1,'2020-09-27','2022-02-04'),(624,4687,9,'2020-06-08','2022-04-30'),(625,4258,2,'2021-11-17','2022-05-18'),(626,4204,3,'2020-10-13','2023-09-23'),(627,4240,10,'2020-01-16','2023-07-12'),(628,4040,7,'2020-04-19','2022-10-13'),(629,4612,4,'2020-02-22','2022-03-11'),(630,4944,1,'2020-10-13','2022-04-22'),(631,4983,5,'2021-10-29','2022-08-25'),(632,4464,9,'2020-11-17','2022-12-26'),(633,4888,5,'2021-06-19','2022-03-31'),(634,4058,8,'2020-01-25','2023-11-30'),(635,4473,5,'2021-10-26','2022-12-19'),(636,4072,8,'2020-04-07','2023-08-11'),(637,4032,3,'2020-09-07','2022-07-22'),(638,4716,2,'2020-12-27','2023-10-28'),(639,4250,1,'2021-12-21','2022-02-13'),(640,4820,10,'2020-11-07','2022-07-10'),(641,4548,9,'2021-03-19','2023-04-23'),(642,4352,3,'2020-08-26','2023-04-26'),(643,4064,10,'2021-01-09',NULL),(644,4817,10,'2020-01-23','2023-07-28'),(645,4190,9,'2020-06-08',NULL),(646,4305,9,'2021-09-21','2022-11-18'),(647,4992,1,'2020-12-02','2023-03-06'),(648,5002,7,'2021-01-26','2022-08-22'),(649,4248,7,'2021-03-30','2023-09-13'),(650,4117,10,'2020-08-15','2022-03-27'),(651,4650,2,'2021-04-28','2022-10-23'),(652,4045,7,'2020-12-17','2022-03-14'),(653,4145,2,'2021-01-15','2022-09-24'),(654,4863,1,'2020-05-01','2022-09-13'),(655,4534,5,'2020-01-07','2022-10-19'),(656,4059,10,'2020-07-17','2022-02-19'),(657,4557,9,'2020-12-24','2023-03-07'),(658,4422,6,'2021-04-19','2022-11-01'),(659,4500,1,'2020-06-06','2022-07-08'),(660,4135,2,'2021-07-08',NULL),(661,4932,6,'2021-11-18','2023-10-13'),(662,4668,1,'2020-03-25','2023-06-13'),(663,4864,3,'2020-01-02','2023-08-18'),(664,4723,10,'2021-03-13','2022-07-09'),(665,4917,10,'2021-03-07','2023-06-14'),(666,4532,1,'2020-01-30','2023-08-25'),(667,4932,10,'2020-01-29','2022-11-11'),(668,4567,1,'2021-11-02','2022-03-15'),(669,4729,1,'2020-06-29','2023-11-08'),(670,4104,1,'2021-04-08','2023-05-22'),(671,4976,9,'2021-12-27','2023-05-12'),(672,4355,7,'2020-12-15','2022-04-09'),(673,5001,2,'2020-04-14','2023-03-07'),(674,4718,2,'2020-04-08','2022-04-22'),(675,4464,4,'2021-03-09','2022-05-21'),(676,4652,5,'2021-09-08','2023-02-05'),(677,4115,1,'2020-08-25','2023-01-29'),(678,4149,9,'2020-02-24','2023-12-22'),(679,4863,10,'2020-06-19','2023-10-02'),(680,4523,5,'2020-11-25','2022-11-29'),(681,4178,7,'2021-08-26','2022-09-21'),(682,4992,8,'2020-10-09','2022-01-12'),(683,4066,3,'2021-04-18','2023-12-13'),(684,4292,5,'2020-10-06','2022-10-13'),(685,4058,3,'2020-05-31','2022-01-17'),(686,4658,9,'2021-10-01','2022-12-28'),(687,4106,9,'2020-12-20','2023-11-02'),(688,4930,2,'2021-04-01','2022-07-02'),(689,4394,3,'2021-12-25','2023-01-08'),(690,4415,6,'2020-10-10','2023-02-28'),(691,4172,5,'2020-09-02','2022-12-05'),(692,4581,7,'2020-12-27','2023-09-07'),(693,4441,3,'2020-12-03','2023-06-06'),(694,4392,10,'2020-08-27','2023-03-18'),(695,4387,3,'2021-11-09','2023-12-25'),(696,4581,6,'2021-12-15','2023-03-16'),(697,4065,7,'2020-11-01','2022-05-22'),(698,4846,5,'2020-10-09','2023-11-23'),(699,4939,4,'2021-03-14','2023-11-02'),(700,4115,2,'2020-01-18','2022-11-17'),(701,4451,2,'2021-11-29','2023-11-25'),(702,4943,4,'2020-01-03','2023-10-04'),(703,4932,9,'2021-06-27','2023-01-31'),(704,4504,3,'2020-02-03','2023-07-17'),(705,4747,9,'2021-01-03','2023-11-11'),(706,4037,7,'2020-11-07','2022-03-15'),(707,4173,7,'2021-02-16','2022-09-01'),(708,4218,2,'2021-01-29','2023-02-24'),(709,4310,3,'2020-02-01','2023-06-17'),(710,4326,3,'2021-06-17','2022-06-10'),(711,4335,4,'2021-07-12','2023-03-26'),(712,4299,8,'2020-10-06','2023-11-12'),(713,4043,6,'2021-04-01','2022-07-29'),(714,4448,2,'2020-10-15','2022-10-24'),(715,4393,1,'2021-10-14','2022-03-26'),(716,4894,4,'2020-12-06','2023-05-24'),(717,4528,7,'2021-12-06','2023-03-28'),(718,4045,6,'2021-06-29','2022-06-28'),(719,4587,1,'2021-09-02','2022-11-12'),(720,4705,9,'2021-08-17','2022-07-19'),(721,4064,8,'2021-06-22',NULL),(722,4523,1,'2020-04-17','2022-05-25'),(723,4614,5,'2020-03-17','2023-05-30'),(724,4380,4,'2020-05-27','2022-08-15'),(725,4858,6,'2021-07-18','2023-10-27'),(726,4180,7,'2020-06-07',NULL),(727,4551,7,'2020-04-14','2022-08-10'),(728,4368,8,'2020-12-28','2022-03-04'),(729,4589,10,'2021-08-30','2022-10-08'),(730,4760,1,'2021-09-14','2022-10-25'),(731,4203,6,'2020-07-11','2023-10-25'),(732,4763,8,'2020-01-04','2022-09-05'),(733,4248,8,'2021-09-19','2022-11-21'),(734,4906,1,'2021-10-23','2023-09-07'),(735,4106,7,'2020-09-05','2023-03-26'),(736,4110,1,'2021-08-27','2023-09-12'),(737,4634,3,'2020-04-15','2023-12-02'),(738,4082,4,'2020-12-19','2023-08-02'),(739,4941,10,'2021-01-14','2023-12-02'),(740,4113,4,'2020-06-22','2022-10-17'),(741,4689,2,'2021-12-23','2023-01-03'),(742,4832,2,'2020-11-05','2023-05-30'),(743,4853,10,'2020-01-30','2023-04-15'),(744,4540,1,'2020-11-16','2023-06-19'),(745,4424,6,'2021-07-17','2023-01-30'),(746,4010,2,'2020-01-06','2023-09-29'),(747,4369,6,'2020-09-29','2023-06-19'),(748,4672,8,'2021-07-09','2023-04-18'),(749,4235,6,'2021-05-24','2022-02-04'),(750,4101,9,'2020-08-04','2022-01-05'),(751,4294,4,'2021-06-10','2022-10-11'),(752,4969,8,'2021-06-06','2022-08-30'),(753,4421,5,'2021-04-17','2023-12-24'),(754,4157,1,'2020-01-22',NULL),(755,4465,1,'2021-10-24','2022-05-12'),(756,4050,1,'2020-06-09','2023-10-05'),(757,4544,8,'2021-01-05','2023-10-24'),(758,4261,2,'2021-03-12','2023-03-11'),(759,4103,9,'2021-05-31','2023-06-13'),(760,4139,1,'2021-02-06','2023-03-10'),(761,4652,5,'2021-11-09','2023-03-04'),(762,4756,4,'2020-06-18','2022-10-13'),(763,4367,2,'2021-01-12','2023-03-30'),(764,4459,7,'2021-07-16','2023-12-11'),(765,4286,5,'2021-05-10','2022-02-28'),(766,4346,7,'2020-06-06','2023-04-07'),(767,4044,1,'2020-05-27','2023-10-07'),(768,4420,6,'2020-03-19','2022-01-20'),(769,4890,3,'2021-10-20','2023-10-19'),(770,4448,5,'2020-11-08','2022-07-13'),(771,4333,10,'2021-03-24','2022-02-19'),(772,4616,8,'2021-05-05','2023-11-24'),(773,4091,2,'2020-12-25','2023-08-27'),(774,4385,5,'2021-07-21','2023-06-26'),(775,4687,1,'2020-11-21','2022-10-14'),(776,4151,3,'2020-06-04','2023-01-28'),(777,4938,2,'2020-08-13','2022-12-04'),(778,4167,6,'2021-12-15',NULL),(779,4266,10,'2021-07-16','2023-09-13'),(780,4704,8,'2020-03-13','2022-04-08'),(781,4481,6,'2020-02-03','2022-10-18'),(782,4125,3,'2020-09-10','2022-06-19'),(783,4895,9,'2021-11-29','2023-10-31'),(784,4374,8,'2021-12-21','2023-08-12'),(785,4358,2,'2020-01-21','2023-05-05'),(786,4956,9,'2020-04-24','2023-09-13'),(787,4118,2,'2020-11-28','2022-10-29'),(788,4076,10,'2021-01-15','2023-08-19'),(789,4206,9,'2021-04-23','2023-05-23'),(790,4077,1,'2020-11-21','2023-06-09'),(791,4730,9,'2021-02-18','2022-08-23'),(792,4374,4,'2020-01-06','2022-09-08'),(793,4416,9,'2020-05-01','2022-04-27'),(794,4967,5,'2020-11-10','2022-02-09'),(795,4422,1,'2021-04-08','2022-10-04'),(796,4188,2,'2020-09-09','2023-11-24'),(797,4886,4,'2021-04-08','2022-12-30'),(798,4363,1,'2020-03-03','2022-07-01'),(799,4665,7,'2021-01-06','2022-12-16'),(800,4712,5,'2020-04-19','2022-06-01'),(801,4790,2,'2021-06-30','2022-05-15'),(802,4985,3,'2021-05-05','2022-10-05'),(803,4515,4,'2021-11-28','2023-03-16'),(804,4227,6,'2020-07-29','2022-10-03'),(805,4718,7,'2020-10-05','2023-12-13'),(806,4692,7,'2020-01-09','2023-09-08'),(807,4321,2,'2021-01-21','2023-08-12'),(808,4915,10,'2020-06-18','2022-04-26'),(809,4554,9,'2020-06-17','2022-10-26'),(810,4565,4,'2020-05-12','2022-10-26'),(811,4824,3,'2021-09-21','2022-01-09'),(812,4033,2,'2020-08-07','2022-04-06'),(813,4291,8,'2020-10-02','2023-09-20'),(814,4742,3,'2020-01-13','2023-07-25'),(815,4902,5,'2020-06-09','2023-02-21'),(816,4164,7,'2021-02-04',NULL),(817,4581,8,'2020-10-22','2022-11-08'),(818,4813,6,'2021-06-18','2023-05-30'),(819,4582,10,'2020-11-17','2023-03-23'),(820,4509,5,'2021-11-13','2022-09-06'),(821,4483,3,'2020-04-05','2023-03-21'),(822,4749,6,'2021-05-25','2023-01-17'),(823,4898,9,'2020-11-18','2022-09-11'),(824,4195,6,'2021-10-13','2022-11-08'),(825,4432,6,'2020-04-20','2022-07-06'),(826,4841,6,'2020-05-24','2023-05-14'),(827,4594,1,'2021-03-02','2022-05-31'),(828,4495,3,'2021-03-25','2022-09-21'),(829,4079,1,'2021-07-15','2022-04-24'),(830,4229,10,'2021-05-28',NULL),(831,4022,6,'2020-11-26','2023-11-15'),(832,4927,6,'2021-09-26','2023-08-02'),(833,4996,6,'2021-10-27','2023-01-24'),(834,4544,5,'2021-10-16','2023-06-15'),(835,4401,10,'2020-05-18','2022-09-28'),(836,4484,1,'2021-06-18','2022-04-11'),(837,4314,9,'2020-01-21','2022-03-10'),(838,4610,3,'2021-04-25','2022-09-10'),(839,4786,10,'2020-05-11','2022-12-18'),(840,4807,1,'2020-06-26','2022-09-29'),(841,4828,6,'2020-04-28','2023-03-27'),(842,4216,10,'2020-10-06','2023-07-11'),(843,4102,6,'2020-02-17','2022-09-10'),(844,4776,5,'2021-01-15','2022-12-04'),(845,4081,3,'2020-10-27','2023-09-05'),(846,4019,4,'2021-06-08','2023-06-22'),(847,4806,9,'2020-04-04','2023-07-04'),(848,4758,8,'2021-03-31','2022-08-24'),(849,4941,5,'2021-01-05','2023-12-07'),(850,4553,5,'2020-07-30','2022-07-12'),(851,4328,7,'2021-07-20','2022-04-24'),(852,4570,4,'2021-07-28','2023-02-03'),(853,4739,4,'2020-05-20','2023-10-19'),(854,4482,6,'2020-01-07','2023-06-27'),(855,4236,8,'2021-08-10','2023-07-08'),(856,4967,9,'2020-08-20','2022-12-08'),(857,4995,10,'2021-06-13','2022-02-02'),(858,4120,9,'2020-12-21','2022-09-30'),(859,4203,5,'2021-12-29','2023-04-07'),(860,4488,7,'2021-06-20','2023-08-22'),(861,4636,8,'2020-09-17','2022-01-21'),(862,4506,9,'2021-04-13','2022-08-17'),(863,4489,7,'2021-11-23','2022-06-11'),(864,4414,9,'2020-08-20','2022-04-04'),(865,4069,1,'2020-06-23','2023-06-22'),(866,4375,7,'2021-09-24','2023-01-21'),(867,4189,10,'2020-02-12','2022-02-22'),(868,4444,5,'2020-07-06','2022-02-07'),(869,4762,3,'2020-08-20','2023-11-16'),(870,4890,7,'2020-08-16','2023-02-13'),(871,4218,7,'2020-11-22','2022-05-30'),(872,4389,6,'2020-06-29','2023-10-22'),(873,4595,4,'2021-03-12','2022-07-16'),(874,4696,9,'2020-06-28','2023-03-01'),(875,4196,2,'2020-09-28','2023-03-29'),(876,4391,6,'2021-12-20','2022-08-06'),(877,4318,1,'2021-04-26',NULL),(878,4831,6,'2020-09-17','2023-01-14'),(879,4814,1,'2020-06-25','2022-06-18'),(880,4965,9,'2020-10-22','2022-11-28'),(881,4704,7,'2021-07-30','2023-11-12'),(882,4322,10,'2021-04-20','2022-12-28'),(883,4430,8,'2021-11-22','2023-10-25'),(884,4299,5,'2021-05-13','2022-03-05'),(885,4906,5,'2021-09-20','2022-09-13'),(886,4760,3,'2020-02-16','2023-09-17'),(887,4624,8,'2021-06-22','2023-03-25'),(888,4047,4,'2020-10-17','2023-07-06'),(889,4468,2,'2021-12-23','2023-10-22'),(890,4325,6,'2021-06-05','2023-08-12'),(891,4505,10,'2020-08-08','2022-06-10'),(892,4630,10,'2021-05-10','2022-04-06'),(893,4109,5,'2021-11-03','2023-12-03'),(894,4072,6,'2020-08-29','2023-06-08'),(895,4186,10,'2021-06-25','2023-07-16'),(896,4691,2,'2020-02-21','2022-06-10'),(897,4058,7,'2020-06-02','2023-04-17'),(898,4441,1,'2021-07-31','2022-05-10'),(899,4626,9,'2021-06-16','2023-11-13'),(900,4347,5,'2021-08-08','2023-06-05'),(901,4422,2,'2021-09-10','2023-07-28'),(902,4539,6,'2020-04-16','2022-05-09'),(903,4675,6,'2020-10-22','2022-05-18'),(904,4619,8,'2021-07-04','2022-09-04'),(905,4805,8,'2021-05-22','2023-08-24'),(906,4559,1,'2020-06-28','2023-10-31'),(907,4104,3,'2020-03-17','2022-07-30'),(908,4573,5,'2020-11-14','2023-06-16'),(909,4338,8,'2020-10-28','2022-03-17'),(910,4442,7,'2021-03-16','2023-01-04'),(911,4181,5,'2021-05-02','2022-08-28'),(912,4249,2,'2020-06-07','2022-01-02'),(913,4058,4,'2021-10-06','2022-10-13'),(914,4572,8,'2021-05-22','2023-03-21'),(915,4782,3,'2020-10-18','2023-08-23'),(916,4534,6,'2021-09-13','2022-08-07'),(917,4443,1,'2020-02-07','2023-05-20'),(918,4715,1,'2020-06-03','2022-07-07'),(919,4571,10,'2021-06-02','2022-11-29'),(920,4650,10,'2021-10-18','2023-06-01'),(921,4712,6,'2020-10-07','2022-01-19'),(922,4148,6,'2020-12-15','2022-11-10'),(923,4901,4,'2020-12-18','2022-06-15'),(924,4170,2,'2020-07-16','2022-09-25'),(925,4823,9,'2021-02-24','2023-07-04'),(926,4367,8,'2021-08-16','2022-01-09'),(927,4927,7,'2021-07-02','2022-01-14'),(928,4248,6,'2021-03-15','2023-12-10'),(929,4646,9,'2020-01-05','2023-09-28'),(930,4447,1,'2020-11-27','2023-07-06'),(931,4099,6,'2021-01-03','2022-06-11'),(932,4369,10,'2021-03-27','2022-06-20'),(933,4477,1,'2021-07-02','2023-09-06'),(934,4566,7,'2021-10-03','2023-09-05'),(935,4188,2,'2020-07-27','2023-06-28'),(936,4525,10,'2020-07-29','2023-02-25'),(937,4208,5,'2020-02-29','2022-07-09'),(938,4235,1,'2021-07-08','2023-02-01'),(939,4986,2,'2020-10-03','2022-08-19'),(940,4826,8,'2020-10-07','2023-08-02'),(941,4132,4,'2020-03-02',NULL),(942,4489,7,'2020-03-22','2023-02-20'),(943,4151,10,'2020-04-15','2023-05-11'),(944,4585,5,'2020-05-11','2023-09-17'),(945,4244,1,'2021-02-06','2022-01-13'),(946,4762,3,'2021-07-08','2022-06-04'),(947,4809,4,'2020-01-28','2022-06-02'),(948,4674,6,'2020-04-19','2022-10-15'),(949,4693,5,'2020-08-24','2022-10-24'),(950,4157,5,'2020-12-28',NULL),(951,4742,9,'2020-02-08','2023-04-30'),(952,4928,1,'2021-07-17','2023-05-30'),(953,4783,2,'2020-12-16','2022-11-14'),(954,4408,3,'2021-12-18','2023-12-25'),(955,4339,8,'2021-01-19','2022-11-26'),(956,4663,4,'2021-06-27','2023-04-11'),(957,4887,2,'2021-02-07','2023-12-04'),(958,4443,9,'2021-02-15','2022-04-07'),(959,4575,9,'2020-10-01','2022-09-25'),(960,4461,7,'2021-06-12','2023-02-07'),(961,4288,4,'2021-07-14','2023-07-08'),(962,4802,10,'2021-02-16','2022-08-22'),(963,4572,2,'2021-08-12','2022-12-24'),(964,4211,4,'2021-09-29','2023-01-31'),(965,4867,8,'2020-07-03','2023-06-13'),(966,4093,4,'2020-06-15','2023-05-17'),(967,4548,5,'2021-11-24','2023-04-30'),(968,4535,10,'2020-05-31','2023-02-21'),(969,4476,9,'2020-09-11','2022-07-03'),(970,4544,2,'2020-03-14','2022-07-22'),(971,4021,3,'2021-02-08','2023-03-27'),(972,4187,3,'2021-02-02','2023-09-18'),(973,4378,5,'2021-11-29','2022-05-04'),(974,4216,3,'2020-02-18','2022-08-09'),(975,4065,1,'2020-03-24','2022-12-09'),(976,4767,9,'2020-11-04','2023-11-06'),(977,4018,2,'2020-08-21','2022-12-01'),(978,4509,4,'2021-07-17','2022-10-27'),(979,4695,9,'2021-11-07','2023-12-05'),(980,4935,3,'2020-03-28','2022-05-22'),(981,4484,10,'2020-01-07','2023-02-01'),(982,4032,2,'2020-08-29','2023-05-04'),(983,4169,5,'2020-08-04','2023-05-09'),(984,4676,10,'2020-03-30','2022-09-12'),(985,4886,4,'2020-12-16','2023-07-27'),(986,4187,1,'2020-07-30','2023-10-21'),(987,4805,6,'2021-07-24','2022-08-21'),(988,4483,3,'2020-06-18','2022-08-03'),(989,4592,2,'2021-01-26','2023-07-27'),(990,4159,5,'2020-03-06','2022-10-19'),(991,4314,6,'2021-03-31','2023-10-01'),(992,4098,1,'2020-05-03','2023-09-17'),(993,4578,10,'2020-05-07','2022-06-25'),(994,4341,4,'2020-12-18','2023-04-06'),(995,4742,3,'2021-01-12','2022-04-16'),(996,4525,10,'2020-03-18','2022-11-16'),(997,4138,5,'2020-05-31','2022-09-02'),(998,4408,8,'2020-06-23','2022-07-14'),(999,4352,3,'2020-05-07','2023-04-21'),(1000,4651,7,'2020-11-26','2022-01-21');
/*!40000 ALTER TABLE `employment` ENABLE KEYS */;
UNLOCK TABLES;

--
-- Table structure for table `family_member`
--

DROP TABLE IF EXISTS `family_member`;
/*!40101 SET @saved_cs_client     = @@character_set_client */;
/*!50503 SET character_set_client = utf8mb4 */;
CREATE TABLE `family_member` (
  `fammember_id` bigint NOT NULL AUTO_INCREMENT,
  `fammember_emp_id` bigint NOT NULL,
  `fammember_fammembertype_id` int NOT NULL,
  `fammember_sex_id` int NOT NULL,
  `fammember_name` varchar(45) NOT NULL,
  `fammember_surname` varchar(45) NOT NULL,
  PRIMARY KEY (`fammember_id`),
  KEY `fammember_fammembertype_id_idx` (`fammember_fammembertype_id`),
  KEY `fammember_sex_id_idx` (`fammember_sex_id`),
  KEY `fammember_emp_id_idx` (`fammember_emp_id`),
  CONSTRAINT `fammember_emp_id` FOREIGN KEY (`fammember_emp_id`) REFERENCES `employee` (`emp_id`) ON DELETE RESTRICT ON UPDATE CASCADE,
  CONSTRAINT `fammember_fammembertype_id` FOREIGN KEY (`fammember_fammembertype_id`) REFERENCES `family_member_type` (`fammembertype_id`) ON DELETE RESTRICT ON UPDATE CASCADE,
  CONSTRAINT `fammember_sex_id` FOREIGN KEY (`fammember_sex_id`) REFERENCES `sex` (`sex_id`) ON DELETE RESTRICT ON UPDATE CASCADE
) ENGINE=InnoDB AUTO_INCREMENT=1001 DEFAULT CHARSET=utf8mb3;
/*!40101 SET character_set_client = @saved_cs_client */;

--
-- Dumping data for table `family_member`
--

LOCK TABLES `family_member` WRITE;
/*!40000 ALTER TABLE `family_member` DISABLE KEYS */;
INSERT INTO `family_member` VALUES (1,4280,1,1,'Teador','Shimmin'),(2,4480,2,1,'Rollo','Dyhouse'),(3,4804,1,1,'Hubie','Hallgarth'),(4,4311,1,1,'Irv','Bleazard'),(5,4498,2,1,'Cozmo','Wisson'),(6,4972,1,1,'Dud','Eouzan'),(7,4827,2,1,'Vito','Marchi'),(8,4868,1,1,'Gunner','Toffel'),(9,4006,2,1,'Grover','O\'Hollegan'),(10,4084,2,1,'Willy','Hanstock'),(11,4513,2,1,'Brandtr','Fawkes'),(12,4823,2,1,'Valdemar','McReynold'),(13,4160,2,1,'Torrence','Hasel'),(14,4396,2,1,'Nolan','Tigner'),(15,4929,2,1,'Erick','Beedom'),(16,4702,2,1,'Booth','Quarles'),(17,4519,1,1,'Graham','Fincher'),(18,4209,2,1,'Paddy','Bruyet'),(19,4725,2,1,'Rufe','Carbin'),(20,4884,2,1,'Hillard','Pohling'),(21,4985,2,1,'Dannie','Rignall'),(22,4177,1,1,'Bancroft','Birrel'),(23,4463,1,1,'Frazer','Harsnipe'),(24,4728,1,1,'Durward','Critzen'),(25,4921,2,1,'Gram','Cheasman'),(26,4332,2,1,'Wilburt','Manchett'),(27,4135,2,1,'Brigg','Panswick'),(28,4462,1,1,'Hayward','Scolland'),(29,4877,2,1,'Rees','Maunton'),(30,4493,2,1,'Marshal','O\'Scandall'),(31,4402,1,1,'Dickie','Reaman'),(32,4328,1,1,'Che','Domnick'),(33,4588,2,1,'Efren','Meakes'),(34,4326,2,1,'Wilfrid','Howlett'),(35,4957,2,1,'Norman','Lashmar'),(36,4628,1,1,'Burk','Jolley'),(37,4425,1,1,'Aksel','Linfield'),(38,4461,1,1,'Davidson','Dory'),(39,4174,2,1,'Wayne','Wickstead'),(40,4472,2,1,'Domenic','O\' Hern'),(41,4412,1,1,'Farlee','Golt'),(42,4425,2,1,'Zachary','Pipkin'),(43,4807,2,1,'Connie','Rudham'),(44,4524,2,1,'Sigismond','Schuster'),(45,4035,1,1,'Andie','Dance'),(46,4899,2,1,'Andrew','Bushaway'),(47,4194,2,1,'Martino','Backler'),(48,4522,2,1,'Aldis','Hardman'),(49,4550,2,1,'Milty','Laurenson'),(50,4078,1,1,'Casper','Sinnott'),(51,4057,2,1,'Gaspard','Eberdt'),(52,4639,2,1,'Duane','Ravenhills'),(53,4421,1,1,'Trenton','Batrick'),(54,4728,1,1,'Olivier','Playdon'),(55,4605,1,1,'Urbano','Donne'),(56,4654,1,1,'Thornie','Draycott'),(57,4946,1,1,'Kris','Dollman'),(58,4713,2,1,'Perry','Busse'),(59,4828,2,1,'Harman','Bazoche'),(60,4034,2,1,'Cob','Agerskow'),(61,4212,1,1,'Paxton','Wharrier'),(62,4086,2,1,'Keith','Luety'),(63,4701,2,1,'Timoteo','Asquith'),(64,4779,2,1,'Hernando','Diprose'),(65,4787,2,1,'Alaric','Domino'),(66,4432,2,1,'Garv','Godley'),(67,4977,2,1,'Lezley','Vaggs'),(68,4562,2,1,'Ferd','Boath'),(69,4750,2,1,'Bear','Laurie'),(70,4778,1,1,'Farr','Whisson'),(71,4748,1,1,'Whittaker','Downgate'),(72,4097,2,1,'Dewitt','Drust'),(73,4331,1,1,'Micky','Scopyn'),(74,4617,1,1,'Bjorn','Harman'),(75,4812,1,1,'Rickie','Kernell'),(76,4309,1,1,'Douglas','Dillaway'),(77,4183,2,1,'Prince','Libbis'),(78,4623,1,1,'Chaim','Erricker'),(79,4608,1,1,'Riordan','Siccombe'),(80,4416,2,1,'Giulio','Catterson'),(81,4786,2,1,'Alley','Wase'),(82,4298,2,1,'Kennan','Sunshine'),(83,4006,1,1,'Walt','Fletham'),(84,4286,1,1,'Boonie','Ettels'),(85,4988,1,1,'Delano','Cornelius'),(86,4535,1,1,'Jacob','Skelding'),(87,4092,2,1,'Trace','Storton'),(88,4957,1,1,'Alberto','Kyle'),(89,4696,1,1,'Lewes','Keher'),(90,4963,2,1,'Hashim','Bitcheno'),(91,4393,2,1,'Filberto','McIllroy'),(92,4919,1,1,'Lucas','Dopson'),(93,4697,1,1,'Natale','Ettels'),(94,4906,1,1,'Ali','Twede'),(95,4672,2,1,'Inglebert','Sokill'),(96,4943,2,1,'Costa','Gosnoll'),(97,4502,2,1,'Carver','Giorgi'),(98,4824,2,1,'Wait','Checci'),(99,4157,1,1,'Burton','Berntssen'),(100,4854,2,1,'Selig','Hitzschke'),(101,4080,1,1,'Salomo','Langan'),(102,4575,1,1,'Lewiss','Dillingham'),(103,4333,1,1,'Kenneth','Shakesby'),(104,4411,2,1,'Delano','Santori'),(105,4818,2,1,'Pate','Whittuck'),(106,4535,1,1,'Ambrosio','Lynch'),(107,4609,1,1,'Sawyere','Devonport'),(108,4116,1,1,'Gradeigh','Folley'),(109,4750,2,1,'Ricoriki','Gatfield'),(110,4364,2,1,'Charlton','Dowglass'),(111,4473,1,1,'Odey','Ales0'),(112,4852,2,1,'Ole','Lauridsen'),(113,4087,1,1,'Holden','Gisbey'),(114,4954,1,1,'Jedediah','Prothero'),(115,4074,1,1,'Eldridge','Lamps'),(116,4176,1,1,'Harbert','Orritt'),(117,4769,2,1,'Brody','Bright'),(118,4375,1,1,'Francois','Naile'),(119,4888,2,1,'Garrick','Lamblin'),(120,4979,1,1,'Daryle','Brinklow'),(121,4364,1,1,'Kile','Cardenosa'),(122,4971,1,1,'Terrence','Dudek'),(123,4399,1,1,'Allayne','Indruch'),(124,4250,2,1,'Pebrook','Kmietsch'),(125,4048,2,1,'Raymond','Cordingley'),(126,4580,2,1,'Mordecai','Lonsbrough'),(127,4026,2,1,'Shermie','Blackey'),(128,4263,1,1,'Ashlin','Pinckney'),(129,4309,1,1,'Innis','Churchman'),(130,4868,1,1,'Thaine','MacTrustram'),(131,4256,2,1,'Tyson','Towndrow'),(132,4461,2,1,'Nolly','Paulton'),(133,4788,2,1,'Rem','Jerrems'),(134,4874,1,1,'Barris','Kasher'),(135,4662,1,1,'Hastings','Cortese'),(136,4490,1,1,'Jone','Coysh'),(137,4633,2,1,'Ritchie','Wohler'),(138,4775,1,1,'Kellen','Garie'),(139,4699,1,1,'Nicolis','Worden'),(140,4623,2,1,'Sigfrid','Wayper'),(141,4576,2,1,'Dell','O\'Lyhane'),(142,4748,2,1,'Jonah','de Keep'),(143,4906,2,1,'Alec','MacTeague'),(144,4645,1,1,'Josiah','Matus'),(145,4299,2,1,'Flynn','Stood'),(146,4013,2,1,'Cos','MacManus'),(147,4710,2,1,'Jamaal','Siburn'),(148,4097,2,1,'Kinny','Plastow'),(149,4425,1,1,'Quinn','McKane'),(150,4849,2,1,'Jackie','Ferron'),(151,4099,2,1,'Nicolai','Lahrs'),(152,4367,1,1,'Rooney','Starsmore'),(153,4053,2,1,'Obidiah','Grimoldby'),(154,4968,1,1,'Jody','Portwain'),(155,4620,1,1,'Brock','Danslow'),(156,4892,1,1,'Chrisy','Foyston'),(157,4656,2,1,'Alain','Gentery'),(158,4775,1,1,'Ewell','Halkyard'),(159,4181,2,1,'Alisander','Harsnep'),(160,4095,2,1,'Nathanil','Morison'),(161,4219,2,1,'Leonardo','Arsnell'),(162,4764,1,1,'Torey','Draco'),(163,4565,1,1,'Elston','Jain'),(164,4959,1,1,'Royall','Matskevich'),(165,4014,1,1,'Teodor','Tidbald'),(166,4166,2,1,'Sigismondo','Skedgell'),(167,4556,1,1,'Niven','Drejer'),(168,4090,2,1,'Oberon','Tenby'),(169,4122,2,1,'Markos','Danniell'),(170,4105,1,1,'Tulley','Bissett'),(171,4436,1,1,'Aldin','Dawley'),(172,4620,1,1,'Dunc','Poulsum'),(173,4979,2,1,'Che','Jaine'),(174,4388,2,1,'Otis','Overington'),(175,4402,1,1,'Riordan','Humble'),(176,4730,2,1,'Markus','Holme'),(177,4968,2,1,'Xerxes','Spillane'),(178,4228,1,1,'Hobart','Belward'),(179,4101,2,1,'Fin','Mitcheson'),(180,4244,2,1,'Garrot','Nelthropp'),(181,4915,2,1,'Vale','Picheford'),(182,4945,1,1,'Darnell','Roscher'),(183,4377,2,1,'Mortie','Lakey'),(184,4132,1,1,'Tommie','Dulson'),(185,4420,2,1,'Ody','Feek'),(186,4882,1,1,'Alberto','Prynne'),(187,4528,2,1,'Justen','Lindsell'),(188,4229,1,1,'Wesley','Marritt'),(189,4812,2,1,'Hunfredo','Letterese'),(190,4521,2,1,'Gordy','Houldcroft'),(191,4145,2,1,'Herculie','Caze'),(192,4997,2,1,'Roddy','Yirrell'),(193,4116,1,1,'Gerik','Riedel'),(194,4674,2,1,'Cecilio','McKeaveney'),(195,4310,1,1,'Yardley','Isoldi'),(196,4372,2,1,'Gregg','Carmichael'),(197,4117,2,1,'Warner','Reisin'),(198,4675,2,1,'Kris','Churm'),(199,4095,1,1,'Mohandis','Langmaid'),(200,4148,1,1,'Marcos','Emblow'),(201,4885,2,1,'Guntar','Bonnesen'),(202,4813,2,1,'Andrey','Mabson'),(203,4062,2,1,'Ezechiel','Defries'),(204,4415,2,1,'Cirilo','Monan'),(205,4345,2,1,'Caryl','Severwright'),(206,4909,1,1,'Harbert','Cockshot'),(207,4171,1,1,'Fulton','Stoddard'),(208,4276,2,1,'Ky','Tynemouth'),(209,4262,1,1,'Gus','Bobasch'),(210,4964,2,1,'Tyrus','Willcox'),(211,4071,1,1,'Henrik','Canedo'),(212,4054,2,1,'Asa','Maskelyne'),(213,4313,1,1,'Boothe','Bothen'),(214,4203,1,1,'Papageno','Oki'),(215,4059,1,1,'Mill','Sheivels'),(216,4782,1,1,'Ignazio','Piesold'),(217,4696,2,1,'Dew','Gaynes'),(218,4424,2,1,'Artur','Kirrage'),(219,4723,2,1,'Sunny','Dunsire'),(220,4106,2,1,'Xymenes','Livesay'),(221,4449,2,1,'Lucio','Vallack'),(222,4197,2,1,'Thorin','Mantrip'),(223,4080,1,1,'Shelby','Cockitt'),(224,4434,1,1,'Linc','Ilewicz'),(225,4666,2,1,'Judd','Knightley'),(226,4391,1,1,'Everett','Elnough'),(227,4141,2,1,'Neill','Woosnam'),(228,4713,1,1,'Virgilio','Leguay'),(229,4197,1,1,'Leif','O\'Grada'),(230,4851,2,1,'Hanan','Tubbles'),(231,4554,2,1,'Mace','Shepton'),(232,4359,1,1,'Flory','Deesly'),(233,4948,1,1,'Lev','Ruste'),(234,4943,2,1,'Vassily','Barkworth'),(235,4085,2,1,'Antons','Sute'),(236,4695,2,1,'Guy','Rigglesford'),(237,4540,1,1,'Bone','Ferrotti'),(238,4063,2,1,'Wiatt','Nodes'),(239,4505,2,1,'Rutter','Guiel'),(240,5001,2,1,'Giusto','Izachik'),(241,4878,1,1,'Kane','Carlozzi'),(242,4941,1,1,'Malvin','McCluskey'),(243,4523,2,1,'Hilly','Rivard'),(244,4655,1,1,'Berny','Divine'),(245,4087,1,1,'Hardy','Widdowes'),(246,4622,1,1,'Claiborn','Laughrey'),(247,4882,2,1,'Sascha','Akenhead'),(248,4362,2,1,'Norris','Kulver'),(249,4265,2,1,'Karlens','Salkild'),(250,4737,2,1,'Leland','Farrall'),(251,4227,2,1,'Davie','Lenglet'),(252,4608,1,1,'Dannie','Penberthy'),(253,4824,2,1,'Lanie','Embling'),(254,4816,2,1,'Jarred','Flint'),(255,4852,1,1,'Marchall','Chopin'),(256,4393,1,1,'Nickolaus','Fouch'),(257,4205,2,1,'Hilly','Abarough'),(258,4530,1,1,'Aldric','Granville'),(259,4304,1,1,'Lisle','De Micoli'),(260,4301,2,1,'Hillyer','Bruna'),(261,4133,1,1,'Cooper','Abramovic'),(262,4116,1,1,'Ruttger','Jess'),(263,4697,2,1,'Mahmud','McFfaden'),(264,4566,2,1,'Carleton','Van der Veldt'),(265,4615,2,1,'Dirk','Brackley'),(266,4539,1,1,'Verge','Manifould'),(267,4961,2,1,'Carver','Heak'),(268,4843,2,1,'Brandyn','Mynard'),(269,4877,2,1,'Salim','Monday'),(270,4372,2,1,'Kerwinn','Drummond'),(271,4751,1,1,'Hervey','Siddeley'),(272,4575,2,1,'Nickolas','Beniesh'),(273,4144,2,1,'Zacharia','Baumer'),(274,4780,2,1,'Frederic','Cousens'),(275,4010,1,1,'Nev','Breese'),(276,4422,1,1,'Poul','Comer'),(277,4102,2,1,'Marietta','Carnegie'),(278,4106,2,1,'Iorgo','Sone'),(279,4064,2,1,'Dexter','Lark'),(280,4652,1,1,'Augustus','Haines'),(281,4441,1,1,'Haroun','Tampin'),(282,4023,2,1,'Miles','Roston'),(283,4630,2,1,'Tirrell','Selwin'),(284,4121,2,1,'Somerset','Bertrand'),(285,4412,1,1,'Jarred','Silvester'),(286,4737,1,1,'Yehudit','Dowdeswell'),(287,4369,2,1,'Fred','Mashro'),(288,4111,2,1,'Kinny','Josefer'),(289,4703,2,1,'Nehemiah','Booton'),(290,4576,2,1,'Lynn','Mascall'),(291,4147,2,1,'Robby','Law'),(292,4882,1,1,'Abbie','Shimmin'),(293,4973,2,1,'Haleigh','Markwelley'),(294,4595,2,1,'Kimble','Guihen'),(295,4979,2,1,'See','Sebastian'),(296,4998,1,1,'Aurthur','Shields'),(297,4176,2,1,'Basilio','Edwinson'),(298,4038,1,1,'Edvard','Brogi'),(299,4205,1,1,'Wildon','Shurmore'),(300,4470,2,1,'Robbie','Avison'),(301,4154,2,1,'Timofei','Boat'),(302,4353,1,1,'Max','Backman'),(303,4141,1,1,'Reg','Burhouse'),(304,4383,2,1,'Angel','Moreside'),(305,4769,1,1,'Francklyn','Jedras'),(306,4086,1,1,'Kendall','Gayton'),(307,4276,1,1,'Cole','Bault'),(308,4922,2,1,'Edik','Covey'),(309,4860,2,1,'Shurlocke','Trowell'),(310,4512,2,1,'Dalis','Hakewell'),(311,4372,1,1,'Weylin','Quinane'),(312,4602,1,1,'Vidovik','Hurdedge'),(313,4461,2,1,'Chaddie','Tremathack'),(314,4131,1,1,'Fax','Boick'),(315,4722,1,1,'Addy','O\'Corrigane'),(316,4069,1,1,'Devlen','Hotson'),(317,4376,1,1,'Jaimie','Marriage'),(318,5003,2,1,'Humbert','Jarrette'),(319,4353,2,1,'Bronny','Beatens'),(320,4192,1,1,'Wallace','Matson'),(321,4248,1,1,'Burtie','Boodell'),(322,4915,1,1,'Herrick','Howle'),(323,4459,2,1,'Andrus','Escofier'),(324,4811,2,1,'Jameson','Kilian'),(325,4430,1,1,'Elton','Franklyn'),(326,4766,2,1,'Oliviero','McMillam'),(327,4112,1,1,'Julian','Wilber'),(328,4599,2,1,'Arlen','Dyers'),(329,4254,2,1,'Sayers','Schurcke'),(330,4716,2,1,'Maurits','Withur'),(331,4313,1,1,'Kasper','Swiers'),(332,4982,2,1,'Frank','Kloser'),(333,4037,1,1,'Augustine','Bottini'),(334,4789,2,1,'Roger','Duchateau'),(335,4248,2,1,'Ricard','Kinder'),(336,4021,2,1,'Tyson','Suter'),(337,4947,1,1,'Burk','Kunisch'),(338,4407,1,1,'Thorny','Gallaccio'),(339,4387,2,1,'Ario','Brasse'),(340,4507,1,1,'Demetre','Yaxley'),(341,4092,1,1,'Marve','Chatto'),(342,4920,2,1,'Tiebold','Wittering'),(343,4757,1,1,'Jamesy','Swyre'),(344,4390,1,1,'Ferris','Thrush'),(345,4216,2,1,'Caleb','Jewitt'),(346,4243,1,1,'Slade','Chorlton'),(347,4581,2,1,'Kelby','Gutherson'),(348,4014,1,1,'Bendick','Cheatle'),(349,4442,2,1,'Bernie','Collman'),(350,4493,2,1,'Gustave','Corker'),(351,4416,2,1,'Hans','Harland'),(352,4857,1,1,'Orren','Corrison'),(353,4655,1,1,'Del','Sonnenschein'),(354,4281,1,1,'Walden','Dmitrienko'),(355,4845,2,1,'Nikita','Rosander'),(356,4571,2,1,'Dell','Rist'),(357,4004,2,1,'Teodoor','Camus'),(358,4477,2,1,'Bernarr','Rollingson'),(359,4075,1,1,'Packston','Fosten'),(360,4431,2,1,'Hagan','Occleshaw'),(361,4544,1,1,'Whitman','Shawel'),(362,4309,1,1,'Patric','Foukx'),(363,4078,1,1,'August','Bazylets'),(364,4948,2,1,'Nikolos','Ledgley'),(365,4918,2,1,'Lombard','Constance'),(366,4764,2,1,'Ringo','Perrett'),(367,4861,1,1,'Thaine','Praten'),(368,4712,1,1,'Ben','Biddle'),(369,4564,2,1,'Caddric','Fowley'),(370,4786,2,1,'Quill','Frankum'),(371,4858,1,1,'Clarke','Davern'),(372,4970,1,1,'Rudd','Kittow'),(373,4611,1,1,'Ezra','Cardoso'),(374,4740,2,1,'Mar','Kiezler'),(375,4118,1,1,'Kipp','Sherratt'),(376,4605,1,1,'Prentice','Lange'),(377,4397,2,1,'Bruno','Klausewitz'),(378,4031,2,1,'Trstram','Goody'),(379,4879,2,1,'Winnie','Cagan'),(380,4505,2,1,'Scotti','Cloy'),(381,4463,2,1,'Kelsey','Fosten'),(382,4673,1,1,'Selig','Quinnette'),(383,4833,2,1,'Merwin','Roddam'),(384,4413,1,1,'Rudyard','Franzewitch'),(385,4489,1,1,'Aylmer','Warrington'),(386,4773,1,1,'Kele','Rubinov'),(387,4833,2,1,'Levin','Drydale'),(388,4324,2,1,'Griffy','Villaron'),(389,4346,2,1,'Taber','Wrightham'),(390,4423,2,1,'Clemmy','Bewsy'),(391,4271,1,1,'Yehudi','Argyle'),(392,4160,1,1,'Bartlet','MacAree'),(393,4123,1,1,'Allister','Antcliffe'),(394,4306,2,1,'Vail','Tellenbach'),(395,4901,2,1,'Yancey','Hindes'),(396,4538,2,1,'Aylmar','Bertholin'),(397,4702,2,1,'Chick','Doelle'),(398,4052,2,1,'Bowie','Gathwaite'),(399,4840,2,1,'Taddeo','MacClay'),(400,4218,1,1,'Nigel','McGray'),(401,4367,1,1,'Wilfrid','Syphas'),(402,4107,1,1,'Giuseppe','Sellner'),(403,4314,2,1,'Griswold','Enever'),(404,4227,1,1,'Homere','Wurz'),(405,4126,2,1,'Tripp','Haydney'),(406,4959,1,1,'Llewellyn','Aikett'),(407,4501,2,1,'Sollie','MacNamee'),(408,4118,1,1,'Padget','Mellonby'),(409,4523,1,1,'Thurston','Hollingdale'),(410,4103,1,1,'Cyrill','Scotchmore'),(411,4483,1,1,'Konstantine','Tibols'),(412,4922,2,1,'Nels','Hannum'),(413,4899,1,1,'Lucais','Erbain'),(414,4940,1,1,'Grannie','Eveling'),(415,4661,1,1,'Stillmann','Falconer'),(416,4735,2,1,'Stephanus','Haffard'),(417,4831,2,1,'Carrol','Gordon'),(418,4395,2,1,'Engelbert','McClarence'),(419,4761,2,1,'Cello','Backshell'),(420,4697,1,1,'Shelley','Crack'),(421,4835,1,1,'Osgood','Sheraton'),(422,4913,2,1,'Jess','Waberer'),(423,4495,1,1,'Gunner','Dubock'),(424,4220,2,1,'Franz','Norsister'),(425,4657,1,1,'William','Hofler'),(426,4701,1,1,'Daryle','Couves'),(427,4750,1,1,'Brenden','Bleything'),(428,4983,1,1,'Davey','Nurny'),(429,4386,1,1,'Berkie','Hawtry'),(430,4939,1,1,'Sherwin','Doding'),(431,4439,1,1,'Lorenzo','Sponton'),(432,4717,1,1,'Dermot','Le Provost'),(433,4459,2,1,'Derek','Kinnach'),(434,4140,2,1,'Hillery','Darrel'),(435,4721,2,1,'Jesus','McSporon'),(436,4128,1,1,'Tann','Holbie'),(437,4271,2,1,'Constantine','McCoughan'),(438,4490,1,1,'Hagan','Blackader'),(439,4152,2,1,'Bryn','Banting'),(440,4236,1,1,'Byram','Winchester'),(441,4920,1,1,'Paulo','Keggin'),(442,4079,1,1,'Dalli','Haythorn'),(443,4095,2,1,'Willem','Roark'),(444,4829,2,1,'Hillyer','Sebrens'),(445,4749,1,1,'Reece','Braffington'),(446,4213,1,1,'Christophe','Skermer'),(447,4790,1,1,'Fremont','Brindley'),(448,4968,1,1,'Al','Rossey'),(449,4374,1,1,'Rory','Kingscote'),(450,4366,1,1,'Gib','Cowlas'),(451,4456,1,1,'Packston','Stainsby'),(452,4138,2,1,'Filbert','Sach'),(453,4788,1,1,'Bailie','Moughtin'),(454,4244,1,1,'Hobey','Prin'),(455,4634,1,1,'Lannie','Heinrich'),(456,4955,1,1,'Conrado','Artist'),(457,4830,1,1,'Torrance','Varah'),(458,4181,1,1,'Chrissy','Grouer'),(459,4177,1,1,'Pavel','Metzke'),(460,4222,1,1,'Carl','Jacobs'),(461,4268,1,1,'Carlos','Broek'),(462,4759,2,1,'Brion','Klageman'),(463,4447,1,1,'Reggy','Hartley'),(464,4397,1,1,'Locke','Dailey'),(465,4832,1,1,'Kermy','Vittore'),(466,4329,2,1,'Llewellyn','Doppler'),(467,4764,1,1,'Mateo','Thacker'),(468,4138,1,1,'Sergeant','Ostrich'),(469,4581,2,1,'Otto','Songhurst'),(470,4944,2,1,'Tabb','Bellis'),(471,4203,2,1,'Osmond','Sumshon'),(472,4834,2,1,'Coleman','Bandiera'),(473,4266,1,1,'Worthington','Heathcote'),(474,4524,2,1,'Schuyler','Giamelli'),(475,4581,2,1,'Menard','Tibb'),(476,4653,2,1,'Mattheus','Castana'),(477,4741,2,1,'Poul','Learmond'),(478,4443,2,1,'Burr','Stainbridge'),(479,4914,1,1,'Emmerich','Beney'),(480,4571,2,1,'Rich','Fannon'),(481,4831,2,1,'Carleton','Siddens'),(482,4816,2,1,'Osbourne','Givens'),(483,4046,2,1,'Bax','Atcock'),(484,5003,2,1,'Norton','Sawford'),(485,4675,2,1,'Remington','Gooday'),(486,4768,1,1,'Hillier','Kryszka'),(487,4238,2,1,'Karney','Borg-Bartolo'),(488,4888,2,1,'Luce','Brauns'),(489,4177,1,1,'Eldon','Cuddy'),(490,4894,1,1,'Feodor','Gumme'),(491,4203,1,1,'Adrien','Hattam'),(492,4409,1,1,'Burgess','Dentith'),(493,4497,2,1,'Marshal','O\'Connor'),(494,4717,2,1,'Renard','Walisiak'),(495,4574,2,1,'Roarke','Exton'),(496,4238,2,1,'Dionysus','Behneke'),(497,4906,1,1,'Hastings','Germann'),(498,4985,1,1,'Sayers','Vamplew'),(499,4127,2,1,'Vassily','Gartell'),(500,4328,2,1,'Nico','Zannelli'),(501,4386,4,2,'Jackie','Keoghan'),(502,4308,4,2,'Irene','Durrant'),(503,4812,3,2,'Dorette','Verdy'),(504,4378,4,2,'Ros','Thamelt'),(505,4924,3,2,'Mathilda','Koppeck'),(506,4080,4,2,'Gayel','Roly'),(507,4091,3,2,'Demeter','Ibeson'),(508,4055,3,2,'Marnia','Ruusa'),(509,4549,3,2,'Fredi','Dunbobin'),(510,4575,4,2,'Hendrika','Swaysland'),(511,4772,4,2,'Roseline','Vause'),(512,4213,4,2,'Fiona','Bouette'),(513,4034,3,2,'Lauretta','Kidd'),(514,4573,4,2,'Fredi','Brasher'),(515,4877,4,2,'Carmina','Burnyate'),(516,4403,3,2,'Gloriane','Bollis'),(517,4111,4,2,'Marianne','Farge'),(518,4167,3,2,'Arabele','Cockerham'),(519,4986,3,2,'Evaleen','Kirvin'),(520,4895,3,2,'Denise','Coates'),(521,4287,4,2,'Jade','Hover'),(522,4536,3,2,'Audry','Townsend'),(523,4341,3,2,'Federica','Lindfors'),(524,4162,4,2,'Aime','Consterdine'),(525,4108,3,2,'Camellia','Torn'),(526,4240,3,2,'Leonelle','Tarbert'),(527,4102,3,2,'Malia','Harteley'),(528,4571,3,2,'Maurine','Dell Casa'),(529,4093,3,2,'Faina','Treen'),(530,4895,3,2,'Nicole','Goody'),(531,4153,4,2,'Karalynn','O\'Gorman'),(532,4655,4,2,'Vida','Rupert'),(533,4720,4,2,'Daryn','Tellesson'),(534,4765,4,2,'Cassondra','Hemphrey'),(535,4606,4,2,'Guglielma','Crisp'),(536,4004,4,2,'Joellen','Brissard'),(537,4018,4,2,'Allyce','Beswetherick'),(538,4565,4,2,'Serene','Bonafacino'),(539,4588,4,2,'Madalyn','Reggio'),(540,4766,4,2,'Claudine','O\' Hogan'),(541,4793,3,2,'Rozanna','Oolahan'),(542,4740,4,2,'Ruthe','McFeat'),(543,4220,3,2,'Lavinie','Meatcher'),(544,4068,4,2,'Marcille','Naper'),(545,4190,3,2,'Carley','Garber'),(546,4193,3,2,'Malvina','Tilbury'),(547,4988,4,2,'Becki','Denty'),(548,4689,3,2,'Hertha','Glabach'),(549,4665,3,2,'Farrand','Boolsen'),(550,4947,4,2,'Klarrisa','Price'),(551,4171,4,2,'Randene','Biddle'),(552,4454,4,2,'Cele','Kersey'),(553,4529,3,2,'Amie','Diggles'),(554,4449,3,2,'Anthea','Florio'),(555,4256,3,2,'Cathrine','Mascall'),(556,4851,3,2,'Christabella','Grishechkin'),(557,4635,4,2,'Toinette','Shout'),(558,4243,4,2,'Melba','Ellerman'),(559,4224,4,2,'Tony','Choudhury'),(560,4999,4,2,'Evangeline','Creane'),(561,4697,4,2,'Barbie','Dootson'),(562,4880,3,2,'Dayle','Duckett'),(563,4153,4,2,'Jenna','Tschirschky'),(564,4783,4,2,'Kerry','Klaessen'),(565,4613,4,2,'Ainsley','Howe'),(566,4684,3,2,'Carlota','Southwell'),(567,4372,4,2,'Brinn','Knapper'),(568,4571,4,2,'Stacee','Rickerby'),(569,4079,4,2,'Lisa','Bleasdale'),(570,4229,4,2,'Annnora','Imlaw'),(571,4811,4,2,'Marietta','Bourgeois'),(572,4329,4,2,'Catha','Pendreigh'),(573,4932,3,2,'Elaina','Manvelle'),(574,4482,4,2,'Aleece','Eberle'),(575,4227,4,2,'Junette','Banbrigge'),(576,4163,4,2,'Zorina','Disbrey'),(577,4190,4,2,'Nertie','Glyde'),(578,4433,3,2,'Teresa','Oldam'),(579,4078,3,2,'Ricca','Wink'),(580,4739,4,2,'Lola','Dawton'),(581,4311,3,2,'Kylen','McGeachie'),(582,4568,3,2,'Philly','Doogue'),(583,4914,4,2,'Jandy','Carcas'),(584,4810,3,2,'Portia','Santoro'),(585,4161,3,2,'Melamie','Ewins'),(586,4632,4,2,'Juliann','Tryme'),(587,4313,3,2,'Eleonora','Ledgeway'),(588,4611,3,2,'Keriann','Giddons'),(589,4405,4,2,'Vivi','Size'),(590,4153,4,2,'Nita','Hinchshaw'),(591,4693,3,2,'Antonina','Seagar'),(592,4963,4,2,'Nadeen','Andrus'),(593,4892,4,2,'Verile','Leggatt'),(594,4321,4,2,'Alvera','Labuschagne'),(595,4126,4,2,'Shoshanna','Radeliffe'),(596,4284,3,2,'Mia','Oxbie'),(597,4653,4,2,'Cleopatra','Ulster'),(598,4895,3,2,'Mabel','Egdale'),(599,4060,4,2,'Adan','Crass'),(600,4062,3,2,'Otha','Paddick'),(601,4504,4,2,'Janice','Hughes'),(602,4149,4,2,'Zita','Klimowicz'),(603,4975,4,2,'Rosalyn','Mucci'),(604,4428,3,2,'Ardenia','Doohey'),(605,4734,4,2,'Gwendolyn','Cady'),(606,4201,4,2,'Leann','Cranage'),(607,4837,3,2,'Wynnie','Fagan'),(608,4948,4,2,'Christan','Westfield'),(609,4296,3,2,'Muire','Lewsam'),(610,4397,4,2,'Nalani','Himpson'),(611,4870,3,2,'Colleen','Keppe'),(612,4595,3,2,'Clemence','Trengrove'),(613,4435,4,2,'Opal','Lindenfeld'),(614,4158,3,2,'Sascha','Redihough'),(615,4577,3,2,'Toby','Javes'),(616,4687,3,2,'Angel','Ogan'),(617,4082,3,2,'Marlie','Roadknight'),(618,4249,4,2,'Chickie','Vaughton'),(619,4672,4,2,'Valery','Seven'),(620,4894,3,2,'Adoree','Straw'),(621,4966,4,2,'Sapphire','Grantham'),(622,4089,3,2,'Opaline','Matyashev'),(623,4073,3,2,'Barbara','Ghelerdini'),(624,4462,3,2,'Dianemarie','Bennet'),(625,4400,3,2,'Veronica','Zanussii'),(626,4379,4,2,'Philly','Glasspool'),(627,4840,4,2,'Linea','Blenkhorn'),(628,4867,4,2,'Harmonia','Dudbridge'),(629,4527,4,2,'Gretal','Chopping'),(630,4106,4,2,'Bernita','Perot'),(631,4568,3,2,'Deanna','Getley'),(632,4063,3,2,'Alene','Lyngsted'),(633,4911,3,2,'Jorie','Beedon'),(634,4906,4,2,'Zulema','Wandrach'),(635,4429,4,2,'Candra','Todman'),(636,4898,3,2,'Angelle','Eustice'),(637,4371,3,2,'Othilia','Boggs'),(638,4163,3,2,'Annabell','Ebbotts'),(639,4361,3,2,'Florri','Rosenfarb'),(640,5001,4,2,'Winona','Such'),(641,4285,3,2,'Natty','Nannizzi'),(642,4538,3,2,'Debor','Plumbridge'),(643,4954,4,2,'Noellyn','Della Scala'),(644,4137,4,2,'Deni','Alster'),(645,4732,3,2,'Rosalinda','Golde'),(646,4150,4,2,'Audi','Filippello'),(647,4503,3,2,'Fina','Gierek'),(648,4956,4,2,'Cass','Karppi'),(649,4247,4,2,'Doralyn','Flanner'),(650,4300,4,2,'Valeda','McDermid'),(651,4253,3,2,'Cacilie','Franklen'),(652,4987,4,2,'Jo-anne','Van Driel'),(653,4860,3,2,'Randie','Lacky'),(654,4304,4,2,'Valenka','Rhymes'),(655,4809,4,2,'Viola','Peniello'),(656,4313,4,2,'Melinde','Peoples'),(657,4650,3,2,'Nicolina','Garnham'),(658,4818,4,2,'Mattie','Haysham'),(659,4039,4,2,'Claresta','Santorini'),(660,4557,3,2,'Petra','Zealander'),(661,4443,4,2,'Georgeanna','Thunders'),(662,4154,4,2,'Roxie','Laughlan'),(663,4066,4,2,'Mora','Allot'),(664,4066,4,2,'Arlyn','Presnall'),(665,4885,4,2,'Erina','Bright'),(666,4979,4,2,'Benita','Hurdwell'),(667,4340,3,2,'Bellina','Hessay'),(668,4752,3,2,'Enid','Kenny'),(669,4886,4,2,'Goldi','Pacht'),(670,4931,3,2,'Abra','Fike'),(671,4158,4,2,'Portia','Ferson'),(672,4408,4,2,'Magdalena','Carp'),(673,4910,3,2,'Chicky','Banbrook'),(674,4225,3,2,'Inge','Copeman'),(675,4274,3,2,'Agnesse','Canada'),(676,4489,3,2,'Loella','Czapla'),(677,4252,3,2,'Malissia','Petrina'),(678,4375,3,2,'Brandie','Adamthwaite'),(679,4256,3,2,'Vikky','Eliasen'),(680,4420,3,2,'Alika','Camplejohn'),(681,4611,3,2,'Elsa','McClune'),(682,4670,4,2,'Alanna','Gibbie'),(683,4090,4,2,'Rozanne','Blencoe'),(684,4724,4,2,'Helena','Cooney'),(685,4264,3,2,'Toinette','Hughes'),(686,4714,3,2,'Ketti','Waldie'),(687,4076,3,2,'Babita','Barrick'),(688,4290,3,2,'Adina','Landsberg'),(689,4909,4,2,'Abigale','Jimmes'),(690,4272,3,2,'Kessia','Rosenstein'),(691,4490,3,2,'Melony','Malafe'),(692,4009,4,2,'Cecelia','Balsdone'),(693,4065,3,2,'Charmaine','Lewtey'),(694,4035,3,2,'Sybilla','Risbridge'),(695,4137,4,2,'Leticia','Collete'),(696,4966,4,2,'Alysa','Simko'),(697,4443,4,2,'Muriel','Chasle'),(698,4854,3,2,'Liliane','Renahan'),(699,4660,3,2,'Zorine','Syms'),(700,4520,4,2,'Alia','Masseo'),(701,4608,4,2,'Nat','Darth'),(702,4584,3,2,'Noelle','Leckenby'),(703,4073,3,2,'Marne','Curd'),(704,4365,3,2,'Cathlene','Grinnikov'),(705,4531,4,2,'Madelyn','Robey'),(706,4104,3,2,'Andrei','Lupton'),(707,4733,4,2,'Phebe','Sprowle'),(708,4770,3,2,'Colette','Jacson'),(709,4373,4,2,'Conny','Justice'),(710,4657,4,2,'Rosabel','Lattey'),(711,4985,4,2,'Henriette','Wippermann'),(712,4967,4,2,'Moina','Mosen'),(713,4410,4,2,'Carlin','Iveans'),(714,4415,4,2,'Heddie','Lampke'),(715,4763,3,2,'Maryanna','Kramer'),(716,4390,3,2,'Mala','Steptow'),(717,4331,4,2,'Brande','Pedwell'),(718,4289,4,2,'Brooks','Nibley'),(719,4717,4,2,'Doretta','Larver'),(720,4857,3,2,'Thomasina','Webster'),(721,4581,4,2,'Germain','Brotherhood'),(722,4808,3,2,'Jacinda','Blazejewski'),(723,4389,4,2,'Dedra','Bellows'),(724,4937,3,2,'Peri','Nevill'),(725,4596,4,2,'Collete','Innot'),(726,4042,3,2,'Agna','Ravenscroftt'),(727,4437,3,2,'Marsiella','Steanson'),(728,4098,4,2,'Julita','Eckersall'),(729,4524,3,2,'Gwendolen','Corbally'),(730,4422,4,2,'Libbi','Stainburn'),(731,4594,4,2,'Livia','Tomasian'),(732,4943,4,2,'Genny','Kruschov'),(733,4761,4,2,'Marielle','Christensen'),(734,4290,3,2,'Ranice','Saggs'),(735,4633,3,2,'Vevay','Bridgestock'),(736,4079,4,2,'Edi','Noller'),(737,4934,4,2,'Zea','Batey'),(738,4480,4,2,'Donny','Wem'),(739,4247,4,2,'Rhiamon','Wyke'),(740,4671,4,2,'Esther','Lampbrecht'),(741,4967,4,2,'Ailee','Bytheway'),(742,4073,4,2,'Michaelina','Bontein'),(743,4254,4,2,'Paule','Westmarland'),(744,4676,3,2,'Barbi','Kershow'),(745,4533,4,2,'Rianon','Scamal'),(746,4527,4,2,'Verena','Oag'),(747,4988,4,2,'Emogene','Blessed'),(748,4899,3,2,'Cristy','Beauly'),(749,4514,4,2,'Nadia','Cowderoy'),(750,4011,3,2,'Ingeborg','Thonason'),(751,4723,3,2,'Frances','Cheley'),(752,4131,3,2,'Randie','Vickarman'),(753,4713,3,2,'Marylee','Speirs'),(754,4714,3,2,'Harriette','McHarry'),(755,4413,3,2,'Marlo','Osselton'),(756,4930,3,2,'Stephani','Pietrzyk'),(757,4993,3,2,'Eloise','Hatter'),(758,4363,3,2,'Natasha','Fryman'),(759,4064,4,2,'Rozelle','Emson'),(760,4429,4,2,'Sibelle','Beacom'),(761,4462,4,2,'Mavra','Moret'),(762,4402,3,2,'Cassie','Entwhistle'),(763,4592,3,2,'Frannie','Holtham'),(764,4783,4,2,'Emmie','Di Domenico'),(765,4077,3,2,'Meris','Inchcomb'),(766,4946,4,2,'Eolande','Attard'),(767,4333,4,2,'Ricki','Pohlke'),(768,4051,3,2,'Hanna','Brellin'),(769,4300,4,2,'Cindie','Lythgoe'),(770,4209,3,2,'Isadora','Van Arsdall'),(771,4536,4,2,'Elberta','Colleton'),(772,4597,3,2,'Daffy','Padfield'),(773,4628,4,2,'Jocelyne','Iddins'),(774,4444,4,2,'Alissa','Grut'),(775,4061,3,2,'Lisette','Vaughton'),(776,4826,4,2,'Gill','Cheves'),(777,4790,4,2,'Gwenette','Davidwitz'),(778,4867,4,2,'Shellie','Murdie'),(779,4528,4,2,'Antonetta','Potts'),(780,4663,3,2,'Orel','Statefield'),(781,4150,3,2,'Phoebe','Blazewicz'),(782,4354,4,2,'Ianthe','Eaden'),(783,4056,4,2,'Patsy','Eichmann'),(784,4473,3,2,'Linn','Osgodby'),(785,4453,4,2,'Chastity','Basindale'),(786,4523,4,2,'Karlotte','Dalglish'),(787,4472,4,2,'Mirabella','Dudley'),(788,4401,4,2,'Jacklin','Benner'),(789,4739,4,2,'Tedra','Conlaund'),(790,4568,3,2,'Jordan','Penquet'),(791,4677,4,2,'Candida','Vickress'),(792,4464,3,2,'Florinda','Brockie'),(793,4990,4,2,'Jacinthe','China'),(794,4622,3,2,'Candra','Westberg'),(795,4964,3,2,'Chandra','Caldicot'),(796,4660,4,2,'Emma','Leachman'),(797,4114,4,2,'Inger','Gimber'),(798,4902,4,2,'Morna','Aberkirder'),(799,4366,3,2,'Angelique','Cabrera'),(800,4965,4,2,'Dania','Helks'),(801,4926,4,2,'Ranique','Clemence'),(802,4120,4,2,'Fred','Kubasiewicz'),(803,4495,4,2,'Cherey','Binfield'),(804,4836,3,2,'Kial','Tullot'),(805,4895,4,2,'Roby','Jakucewicz'),(806,4924,4,2,'Randy','Flintiff'),(807,4090,3,2,'Calypso','Johnys'),(808,4188,4,2,'Candie','Seligson'),(809,4794,3,2,'Loleta','Swaysland'),(810,4727,4,2,'Danny','Gorce'),(811,4742,3,2,'Rasla','Hubbold'),(812,4867,3,2,'Georgeta','Castellucci'),(813,4727,3,2,'Trudy','Mathers'),(814,4609,3,2,'Velvet','Hinge'),(815,4194,3,2,'Joella','Stihl'),(816,4654,4,2,'Fern','Withull'),(817,4979,4,2,'Nadiya','McGeady'),(818,4059,3,2,'Rori','Purkiss'),(819,4711,3,2,'Miran','Durnell'),(820,4813,3,2,'Philippe','Berryann'),(821,4223,3,2,'Celine','Dillow'),(822,4511,3,2,'Inna','Rudd'),(823,4383,4,2,'Joellyn','Rennicks'),(824,4347,4,2,'Marabel','McEnteggart'),(825,4237,3,2,'Dorolisa','Kareman'),(826,4096,4,2,'Gusti','Greenleaf'),(827,4287,4,2,'Bekki','Yakebowitch'),(828,4020,3,2,'Dora','Dubose'),(829,4077,4,2,'Nannie','Cuerda'),(830,4862,3,2,'Chelsea','Skittle'),(831,4246,4,2,'Maryanne','Skinley'),(832,4262,4,2,'Margalo','Aldis'),(833,4058,3,2,'Grete','MacRitchie'),(834,4363,4,2,'Jacquenetta','Jago'),(835,4054,4,2,'Sada','Burrel'),(836,4275,3,2,'Magdaia','Waddington'),(837,4015,3,2,'Lenee','McNeilly'),(838,4578,3,2,'Alexandra','Trazzi'),(839,4997,4,2,'Valli','Simo'),(840,4339,3,2,'Charleen','Kunkler'),(841,4017,4,2,'Nettie','Petrolli'),(842,4963,4,2,'Ardella','Limmer'),(843,4080,3,2,'Cilka','Eades'),(844,4663,3,2,'Ameline','Szymanzyk'),(845,4704,3,2,'Estelle','Wrankling'),(846,4764,4,2,'Koralle','Milleton'),(847,4944,3,2,'Salaidh','Baxill'),(848,4057,3,2,'Xylina','Baudinelli'),(849,4040,3,2,'Sidonnie','Bene'),(850,4773,3,2,'Sandye','Parrin'),(851,4969,3,2,'Jerrilee','Vane'),(852,4841,4,2,'Kelcey','McTaggart'),(853,4058,4,2,'Benedetta','Clouter'),(854,4674,4,2,'Waneta','Denman'),(855,4769,4,2,'Alyda','De Caroli'),(856,4272,3,2,'Geraldine','Grice'),(857,4372,3,2,'Rianon','Issacoff'),(858,4547,4,2,'Kimmi','Abethell'),(859,4008,3,2,'Perry','Andrejevic'),(860,4009,4,2,'Sayre','Studeart'),(861,4811,4,2,'Corey','Andriulis'),(862,4624,3,2,'Conchita','Rudledge'),(863,4453,4,2,'Siana','Knivett'),(864,4205,4,2,'Ronnie','Swett'),(865,4006,4,2,'Blondell','Povah'),(866,4356,3,2,'Kylie','Sanson'),(867,4349,3,2,'Emelda','Benettelli'),(868,4217,3,2,'Florri','Partridge'),(869,4201,4,2,'Adelle','Gerrietz'),(870,4224,3,2,'Cosetta','Le-Good'),(871,4456,3,2,'Lona','Thorlby'),(872,4608,3,2,'Jaynell','Kinworthy'),(873,4411,4,2,'Sosanna','Ellar'),(874,4864,4,2,'Vivi','Liddyard'),(875,4814,3,2,'Keelia','Giraudoux'),(876,4462,3,2,'Alexandrina','Campos'),(877,4575,4,2,'Rachael','Rosenauer'),(878,4886,4,2,'Caprice','Nesbit'),(879,4713,3,2,'Emmalynn','Banfill'),(880,4962,4,2,'Flo','Buckett'),(881,4138,4,2,'Gerta','Muttock'),(882,4384,4,2,'Fanechka','Andrzejczak'),(883,4834,4,2,'Jorey','Bridden'),(884,4891,4,2,'Benedicta','Ledwith'),(885,4298,3,2,'Arabella','O\'Crevan'),(886,4365,4,2,'Deloria','McDonagh'),(887,4143,3,2,'Karol','Faircley'),(888,4693,4,2,'Ray','Assinder'),(889,4121,3,2,'Kathye','Peel'),(890,4283,3,2,'Missy','Finnick'),(891,4480,4,2,'Robbie','Harryman'),(892,4155,3,2,'Margareta','Kewley'),(893,4692,4,2,'Charmaine','Fines'),(894,4459,3,2,'Calla','Normanville'),(895,4714,4,2,'Karoly','Stilling'),(896,4561,3,2,'Valerye','Daburn'),(897,4686,4,2,'Sibbie','Orringe'),(898,4655,3,2,'Ardine','Woodger'),(899,4540,4,2,'Minnaminnie','Ebi'),(900,4582,4,2,'Maxi','Simko'),(901,4407,4,2,'Odele','Breckin'),(902,4610,3,2,'Camel','Fitzsimmons'),(903,4090,3,2,'Eudora','Dale'),(904,4991,4,2,'Mirelle','McGourty'),(905,4315,4,2,'Scarlett','Wormald'),(906,4330,4,2,'Kiley','Sodory'),(907,4515,4,2,'Meryl','Bagster'),(908,4166,3,2,'Marie-ann','Blitzer'),(909,4118,3,2,'Caralie','Perri'),(910,4920,4,2,'Gretna','Tommasi'),(911,4101,4,2,'Sharia','Todaro'),(912,4438,4,2,'Kala','Geyton'),(913,4977,3,2,'Alta','Chiplen'),(914,4976,4,2,'Vickie','Galpin'),(915,4050,3,2,'Kassandra','Crellin'),(916,4825,3,2,'Hillary','Thonason'),(917,4831,4,2,'Thomasina','Gress'),(918,4557,3,2,'Cristal','Tyas'),(919,4559,3,2,'Karin','Bullin'),(920,4494,3,2,'Betteanne','Cardiff'),(921,4290,4,2,'Jennilee','Crofthwaite'),(922,4996,3,2,'Colleen','Maghull'),(923,4435,3,2,'Mallissa','McDiarmid'),(924,4385,4,2,'Flore','Behrens'),(925,4708,4,2,'Sharia','Hedney'),(926,4403,4,2,'Livvie','Casarino'),(927,4529,3,2,'Karalee','Crudgington'),(928,4253,3,2,'Elfreda','McKeating'),(929,4774,4,2,'Lena','Arnoud'),(930,4608,4,2,'Sybille','Jobbins'),(931,4271,3,2,'Carree','Kingsbury'),(932,4751,4,2,'Collen','Terney'),(933,4956,4,2,'Edna','Conrad'),(934,4764,4,2,'Debor','Yates'),(935,4951,4,2,'Cilka','Heape'),(936,4171,4,2,'Irita','Grishechkin'),(937,4296,3,2,'Odille','Coldbath'),(938,4043,4,2,'Mommy','Ramet'),(939,4234,4,2,'Edith','Westmacott'),(940,4207,4,2,'Modesty','Wotherspoon'),(941,4488,4,2,'Celinda','Covil'),(942,4914,4,2,'Henriette','Dumberell'),(943,4021,3,2,'Allyce','Brotherheed'),(944,4890,3,2,'Auroora','Northcote'),(945,4216,4,2,'Myrle','Adshede'),(946,4771,3,2,'Joana','Hewes'),(947,4932,3,2,'Toma','Commuzzo'),(948,4012,4,2,'Trixy','Lyburn'),(949,4524,4,2,'Tandi','Fullerton'),(950,4738,3,2,'Dionis','Niset'),(951,4738,3,2,'Joete','Bernardy'),(952,4254,3,2,'Babs','Sharples'),(953,4625,3,2,'Rae','Bethune'),(954,4907,3,2,'Joscelin','Kinze'),(955,4369,3,2,'Agneta','Mauger'),(956,4935,4,2,'Ynez','Loan'),(957,4346,4,2,'Renie','Wrack'),(958,4351,4,2,'Jackquelin','Zucker'),(959,4255,4,2,'Andy','Shelbourne'),(960,4398,3,2,'Emilie','Denkel'),(961,4730,4,2,'Penni','Greenhow'),(962,4449,3,2,'Leyla','Ascraft'),(963,4957,4,2,'Jeralee','Kores'),(964,4662,3,2,'Odelinda','Hamblin'),(965,4024,4,2,'Flossy','Simenel'),(966,4269,4,2,'Viviyan','Cufflin'),(967,4485,3,2,'Marlena','Ondrak'),(968,4697,3,2,'Chris','Amthor'),(969,4240,4,2,'Genevieve','Rushforth'),(970,4654,4,2,'Jacquetta','Abel'),(971,4862,4,2,'Wanids','Cumes'),(972,4862,3,2,'Enid','Cockland'),(973,4107,4,2,'Nathalie','Wrinch'),(974,4676,4,2,'Alexi','Kantor'),(975,4237,3,2,'Phyllida','Kimblin'),(976,4654,3,2,'Kali','Coom'),(977,4792,3,2,'Natala','Fisk'),(978,4755,3,2,'Sherie','Molyneaux'),(979,4867,4,2,'Felice','Minci'),(980,4122,3,2,'Sasha','Blackman'),(981,4604,4,2,'Natty','Shayes'),(982,4251,3,2,'Mable','Fassbender'),(983,4642,4,2,'Glyn','Abrahmer'),(984,4217,3,2,'Mireille','Shepperd'),(985,4200,4,2,'Leanna','Smithend'),(986,4590,4,2,'Harmonia','Huffy'),(987,4067,4,2,'Ruthann','Diggin'),(988,4515,3,2,'Kessia','Signorelli'),(989,4462,3,2,'Penni','Schuster'),(990,4301,3,2,'Gertrude','de Tocqueville'),(991,4981,4,2,'Dinny','Ginley'),(992,4100,3,2,'Kial','Gentzsch'),(993,4095,4,2,'Caresse','Di Bernardo'),(994,4982,3,2,'Carole','Stackbridge'),(995,4843,3,2,'Corine','George'),(996,4152,4,2,'Demetria','Bodimeade'),(997,4722,4,2,'Kirsti','Blazewicz'),(998,4193,4,2,'Codi','Glendining'),(999,4151,4,2,'Harli','Blodgett'),(1000,4637,3,2,'Eryn','Flecknell');
/*!40000 ALTER TABLE `family_member` ENABLE KEYS */;
UNLOCK TABLES;

--
-- Table structure for table `family_member_type`
--

DROP TABLE IF EXISTS `family_member_type`;
/*!40101 SET @saved_cs_client     = @@character_set_client */;
/*!50503 SET character_set_client = utf8mb4 */;
CREATE TABLE `family_member_type` (
  `fammembertype_id` int NOT NULL AUTO_INCREMENT,
  `fammembertype_desc` longtext NOT NULL,
  PRIMARY KEY (`fammembertype_id`)
) ENGINE=InnoDB AUTO_INCREMENT=5 DEFAULT CHARSET=utf8mb3;
/*!40101 SET character_set_client = @saved_cs_client */;

--
-- Dumping data for table `family_member_type`
--

LOCK TABLES `family_member_type` WRITE;
/*!40000 ALTER TABLE `family_member_type` DISABLE KEYS */;
INSERT INTO `family_member_type` VALUES (1,'Son'),(2,'Husband'),(3,'Daughter'),(4,'Wife');
/*!40000 ALTER TABLE `family_member_type` ENABLE KEYS */;
UNLOCK TABLES;

--
-- Table structure for table `sex`
--

DROP TABLE IF EXISTS `sex`;
/*!40101 SET @saved_cs_client     = @@character_set_client */;
/*!50503 SET character_set_client = utf8mb4 */;
CREATE TABLE `sex` (
  `sex_id` int NOT NULL AUTO_INCREMENT,
  `sex_desc` varchar(45) NOT NULL,
  PRIMARY KEY (`sex_id`)
) ENGINE=InnoDB AUTO_INCREMENT=3 DEFAULT CHARSET=utf8mb3;
/*!40101 SET character_set_client = @saved_cs_client */;

--
-- Dumping data for table `sex`
--

LOCK TABLES `sex` WRITE;
/*!40000 ALTER TABLE `sex` DISABLE KEYS */;
INSERT INTO `sex` VALUES (1,'Male'),(2,'Female');
/*!40000 ALTER TABLE `sex` ENABLE KEYS */;
UNLOCK TABLES;

--
-- Table structure for table `ship`
--

DROP TABLE IF EXISTS `ship`;
/*!40101 SET @saved_cs_client     = @@character_set_client */;
/*!50503 SET character_set_client = utf8mb4 */;
CREATE TABLE `ship` (
  `ship_imo` bigint NOT NULL,
  `ship_name` varchar(45) NOT NULL,
  `ship_type` varchar(45) NOT NULL,
  `ship_const_date` date DEFAULT NULL,
  PRIMARY KEY (`ship_imo`)
) ENGINE=InnoDB DEFAULT CHARSET=utf8mb3;
/*!40101 SET character_set_client = @saved_cs_client */;

--
-- Dumping data for table `ship`
--

LOCK TABLES `ship` WRITE;
/*!40000 ALTER TABLE `ship` DISABLE KEYS */;
INSERT INTO `ship` VALUES (1247086,'Majestic Horizon','Feeder ship','2019-06-22'),(1262704,'Thunderous Tides','Reefer ships','2007-04-19'),(1281166,'Silver Starlight','General cargo vessel','2021-03-18'),(1290441,'Mystic Meridian','Dry bulk carrier','2020-04-01'),(1314906,'Celestial Serenade','Reefer ships','2017-06-21'),(1353819,'Aurora Australis','Container ship','2021-11-10'),(1355463,'Aurora Australis','Feeder ship','2012-03-16'),(1364203,'Eternal Voyager','Roll-on/roll-off vessel','2022-08-22'),(1381121,'Starlight Sonata','Multi-purpose vessel','2013-10-05'),(1427474,'Infinity Quest','Tanker','2011-10-12'),(1428604,'Twilight Tranquility','Reefer ships','2020-02-11'),(1430482,'Solar Flare','Tanker','2007-03-02'),(1441419,'Crimson Cascade','Tanker','2019-07-23'),(1455306,'Whispering Winds','Reefer ships','2014-09-19'),(1475557,'Nebula Navigator','Feeder ship','2016-02-16'),(1484717,'Eternal Voyager','Reefer ships','2019-08-18'),(1493804,'Cosmic Cascade','Feeder ship','2012-05-05'),(1520337,'Nebula Navigator','Roll-on/roll-off vessel','2010-09-18'),(1540351,'Galactic Explorer','Tanker','2013-10-25'),(1546688,'Oceanic Dream','Tanker','2017-05-10'),(1588200,'Thunderous Tides','Reefer ships','2019-06-27'),(1617699,'Stardust Symphony','Container ship','2008-09-21'),(1618881,'Sapphire Skies','Multi-purpose vessel','2006-01-20'),(1639792,'Oceanic Dream','Reefer ships','2017-02-16'),(1654619,'Nautical Nomad','Multi-purpose vessel','2012-06-18'),(1660734,'Star Voyager','Container ship','2010-02-18'),(1682029,'Sea Serpent','Multi-purpose vessel','2021-05-05'),(1736165,'Star Voyager','Multi-purpose vessel','2013-08-25'),(1738584,'Siren\'s Song','Tanker','2009-09-12'),(1756584,'Crimson Cascade','Feeder ship','2006-11-11'),(1757774,'Moonlight Serenade','Reefer ships','2005-11-14'),(1774930,'Cosmic Cascade','Reefer ships','2011-01-25'),(1791073,'Oceanic Dream','Container ship','2020-02-11'),(1840893,'Solar Flare','Reefer ships','2013-08-19'),(1872646,'Aurora Borealis','Feeder ship','2014-07-23'),(1878416,'Mystic Mirage','Reefer ships','2010-06-18'),(1907337,'Crimson Tide','Feeder ship','2015-12-24'),(1941916,'Majestic Horizon','Dry bulk carrier','2021-03-30'),(1992608,'Polaris Passage','Dry bulk carrier','2006-01-10'),(2056277,'Sapphire Serenade','Multi-purpose vessel','2013-10-10'),(2100327,'Silver Serenity','Tanker','2012-06-21'),(2128288,'Golden Galaxy','Roll-on/roll-off vessel','2018-08-12'),(2131999,'Stellar Phoenix','Reefer ships','2016-02-04'),(2138099,'Aurora Borealis','Roll-on/roll-off vessel','2015-04-21'),(2141678,'Twilight Tranquility','Tanker','2017-05-16'),(2202079,'Solar Wind','Dry bulk carrier','2010-06-17'),(2220994,'Thunderous Tides','Dry bulk carrier','2009-05-09'),(2223112,'Aurora Australis','Dry bulk carrier','2018-02-28'),(2301094,'Cosmic Odyssey','Multi-purpose vessel','2008-01-30'),(2368954,'Sapphire Skies','Container ship','2005-10-16'),(2380280,'Majestic Horizon','Tanker','2017-10-10'),(2414713,'Thunderous Tides','Roll-on/roll-off vessel','2005-12-25'),(2541144,'Cosmic Odyssey','Roll-on/roll-off vessel','2016-05-24'),(2547412,'Crimson Cascade','Multi-purpose vessel','2006-08-22'),(2614389,'Silver Serenity','Roll-on/roll-off vessel','2016-06-19'),(2645417,'Radiant Reflection','Container ship','2020-07-19'),(2653893,'Oceanic Odyssey','Roll-on/roll-off vessel','2011-05-26'),(2677836,'Solar Flare','Tanker','2017-03-19'),(2719967,'Silver Serenity','General cargo vessel','2008-12-13'),(2736433,'Whispering Winds','General cargo vessel','2010-07-20'),(2744432,'Galactic Explorer','Tanker','2017-12-28'),(2751415,'Oceanic Odyssey','Dry bulk carrier','2022-03-11'),(2816016,'Midnight Melody','Container ship','2014-12-31'),(2843597,'Eternal Echoes','Container ship','2012-01-28'),(2846211,'Midnight Melody','Reefer ships','2017-11-22'),(2883806,'Crimson Cascade','Container ship','2011-05-19'),(2887051,'Thunderous Tides','Roll-on/roll-off vessel','2022-01-05'),(2889411,'Aurora Borealis','Dry bulk carrier','2010-11-26'),(2935326,'Sea Serpent','Feeder ship','2014-09-24'),(2944384,'Solar Wind','Dry bulk carrier','2007-03-27'),(2972626,'Whispering Waters','Container ship','2012-09-25'),(3001202,'Celestial Serenade','Reefer ships','2021-05-09'),(3008164,'Silver Starlight','Reefer ships','2013-11-07'),(3016800,'Stardust Symphony','Roll-on/roll-off vessel','2015-12-29'),(3066664,'Nebula Navigator','Roll-on/roll-off vessel','2005-02-07'),(3070588,'Solar Wind','Tanker','2021-01-06'),(3077773,'Midnight Mirage','Container ship','2012-01-22'),(3082725,'Aurora Borealis','Reefer ships','2014-11-10'),(3172550,'Whispering Winds','Roll-on/roll-off vessel','2020-02-14'),(3183416,'Cosmic Odyssey','Dry bulk carrier','2012-08-26'),(3223526,'Star Voyager','Multi-purpose vessel','2017-07-24'),(3232199,'Stardust Symphony','Container ship','2020-05-08'),(3234730,'Siren\'s Song','Container ship','2008-05-28'),(3274679,'Siren\'s Song','Dry bulk carrier','2019-02-25'),(3282738,'Cosmic Cascade','Feeder ship','2015-02-24'),(3298231,'Oceanic Odyssey','Container ship','2005-03-03'),(3306724,'Voyager\'s Venture','General cargo vessel','2021-06-05'),(3370643,'Cosmic Cascade','Reefer ships','2018-05-21'),(3384451,'Midnight Mirage','Container ship','2006-05-30'),(3395777,'Nautical Nomad','Tanker','2014-06-10'),(3424423,'Nebula Quest','Container ship','2008-10-13'),(3453907,'Golden Galaxy','Dry bulk carrier','2022-11-27'),(3457659,'Voyager\'s Venture','Reefer ships','2009-09-04'),(3461461,'Stardust Symphony','Multi-purpose vessel','2013-07-24'),(3463775,'Mystic Meridian','Reefer ships','2015-08-25'),(3483813,'Nautical Nomad','Multi-purpose vessel','2006-10-05'),(3521053,'Star Voyager','Container ship','2005-04-15'),(3538475,'Siren\'s Symphony','General cargo vessel','2008-10-14'),(3598403,'Starlight Sonata','General cargo vessel','2016-11-18'),(3619560,'Radiant Dawn','Multi-purpose vessel','2007-10-31'),(3619564,'Twilight Tranquility','General cargo vessel','2021-10-10'),(3644983,'Cosmic Odyssey','Reefer ships','2011-10-22'),(3699792,'Silver Serenity','General cargo vessel','2019-08-07'),(3746905,'Silver Serenity','Multi-purpose vessel','2013-06-01'),(3750324,'Oceanic Odyssey','Dry bulk carrier','2009-09-03'),(3792475,'Siren\'s Song','Reefer ships','2005-04-26'),(3853400,'Nebula Navigator','Multi-purpose vessel','2017-12-21'),(3863180,'Polaris Passage','Feeder ship','2009-02-22'),(3867336,'Golden Horizon','Reefer ships','2020-11-17'),(3878347,'Solar Wind','Tanker','2012-04-16'),(3940486,'Aurora Borealis','Multi-purpose vessel','2012-11-09'),(3965494,'Mystic Meridian','Multi-purpose vessel','2013-08-08'),(3970936,'Celestial Destiny','Multi-purpose vessel','2014-12-15'),(3994929,'Stardust Symphony','Feeder ship','2008-05-30'),(4026847,'Infinity Quest','Container ship','2007-11-15'),(4034758,'Oceanic Odyssey','Reefer ships','2011-09-29'),(4041964,'Stardust Symphony','Multi-purpose vessel','2012-09-03'),(4059590,'Stellar Phoenix','Dry bulk carrier','2007-05-06'),(4084805,'Mystic Mirage','Reefer ships','2006-05-29'),(4095123,'Solar Flare','Feeder ship','2021-01-15'),(4095859,'Stardust Symphony','Reefer ships','2020-09-19'),(4135515,'Stellar Symphony','General cargo vessel','2005-09-16'),(4138701,'Nautical Nomad','Dry bulk carrier','2006-05-09'),(4165947,'Midnight Melody','Container ship','2019-04-26'),(4198102,'Stardust Symphony','Multi-purpose vessel','2012-11-22'),(4201465,'Twilight Horizon','Roll-on/roll-off vessel','2006-12-14'),(4203841,'Silver Starlight','Reefer ships','2013-05-06'),(4203869,'Lunar Eclipse','Tanker','2021-08-02'),(4240574,'Oceanic Odyssey','Roll-on/roll-off vessel','2010-12-23'),(4276868,'Lunar Eclipse','Multi-purpose vessel','2011-10-10'),(4293008,'Moonlight Serenade','Roll-on/roll-off vessel','2017-08-17'),(4298808,'Radiant Dawn','Multi-purpose vessel','2014-05-14'),(4299746,'Abyssal Abyss','Multi-purpose vessel','2005-02-19'),(4340244,'Silver Starlight','Tanker','2020-03-09'),(4388537,'Celestial Serenade','Multi-purpose vessel','2008-12-15'),(4448341,'Solar Flare','Feeder ship','2018-05-15'),(4492601,'Stellar Symphony','Dry bulk carrier','2017-09-25'),(4581652,'Twilight Tranquility','Multi-purpose vessel','2005-09-30'),(4584587,'Nebula Navigator','Tanker','2013-07-23'),(4684986,'Radiant Reflection','General cargo vessel','2017-07-01'),(4720932,'Eternal Echoes','Roll-on/roll-off vessel','2008-03-12'),(4752552,'Lunar Lullaby','General cargo vessel','2020-12-09'),(4783190,'Polaris Starship','General cargo vessel','2007-11-04'),(4821049,'Midnight Mirage','Roll-on/roll-off vessel','2014-12-02'),(4822423,'Cosmic Odyssey','Roll-on/roll-off vessel','2011-02-20'),(4872077,'Solar Symphony','Multi-purpose vessel','2017-08-10'),(4879057,'Celestial Destiny','Roll-on/roll-off vessel','2007-10-08'),(4885797,'Radiant Dawn','Reefer ships','2009-11-14'),(4973491,'Siren\'s Symphony','Multi-purpose vessel','2019-02-22'),(4993234,'Stellar Phoenix','Multi-purpose vessel','2022-06-03'),(4994676,'Radiant Reflection','Feeder ship','2012-12-28'),(4998743,'Starlight Sonata','Feeder ship','2017-10-26'),(5027020,'Whispering Winds','General cargo vessel','2017-05-28'),(5080017,'Abyssal Abyss','General cargo vessel','2011-06-29'),(5176718,'Golden Horizon','Container ship','2010-01-27'),(5200801,'Oceanic Dream','Multi-purpose vessel','2016-10-08'),(5201994,'Midnight Melody','Multi-purpose vessel','2010-09-25'),(5287439,'Crimson Tide','Tanker','2016-07-28'),(5295920,'Sea Serpent','Roll-on/roll-off vessel','2008-10-18'),(5304113,'Stardust Symphony','Dry bulk carrier','2010-04-12'),(5308870,'Celestial Serenade','Tanker','2014-04-05'),(5356939,'Celestial Serenade','Dry bulk carrier','2005-02-28'),(5374465,'Celestial Serenade','General cargo vessel','2018-11-29'),(5408566,'Oceanic Dream','Tanker','2017-07-21'),(5431086,'Radiant Dawn','Dry bulk carrier','2017-09-04'),(5529207,'Infinity Quest','Container ship','2022-02-06'),(5567395,'Galaxy Guardian','Container ship','2018-09-05'),(5590745,'Majestic Meridian','Dry bulk carrier','2011-07-25'),(5622438,'Oceanic Dream','Roll-on/roll-off vessel','2016-01-09'),(5637263,'Lunar Eclipse','Multi-purpose vessel','2015-10-30'),(5642829,'Whispering Waters','Container ship','2021-02-09'),(5655765,'Celestial Destiny','Feeder ship','2020-05-13'),(5667386,'Twilight Horizon','Reefer ships','2013-07-22'),(5764587,'Solar Wind','Dry bulk carrier','2011-03-01'),(5776744,'Emerald Echoes','Tanker','2017-04-30'),(5785066,'Twilight Tranquility','General cargo vessel','2010-12-05'),(5840018,'Emerald Enigma','Roll-on/roll-off vessel','2005-05-22'),(5854272,'Stardust Symphony','Feeder ship','2019-09-09'),(5856194,'Star Voyager','Reefer ships','2018-11-23'),(5869721,'Lunar Lullaby','General cargo vessel','2008-08-31'),(5892274,'Mystic Meridian','Reefer ships','2008-04-03'),(5894060,'Moonlight Serenade','Container ship','2016-06-28'),(5904274,'Radiant Reflection','Multi-purpose vessel','2019-06-24'),(5904686,'Siren\'s Song','Reefer ships','2019-03-31'),(5922269,'Thunderous Tides','Feeder ship','2006-04-04'),(5942537,'Nebula Quest','Container ship','2005-10-25'),(6012844,'Polaris Starship','Multi-purpose vessel','2014-08-18'),(6045564,'Aurora Australis','General cargo vessel','2006-07-02'),(6075540,'Moonlight Serenade','Reefer ships','2011-01-24'),(6143843,'Polaris Passage','Multi-purpose vessel','2014-09-25'),(6156914,'Solar Wind','Container ship','2014-03-05'),(6161763,'Star Voyager','Dry bulk carrier','2017-10-16'),(6213431,'Solar Symphony','Multi-purpose vessel','2015-07-20'),(6229130,'Majestic Horizon','Tanker','2017-08-17'),(6233788,'Emerald Enigma','Feeder ship','2006-08-09'),(6258038,'Nebula Navigator','Multi-purpose vessel','2010-02-06'),(6261311,'Emerald Enigma','General cargo vessel','2018-03-04'),(6298877,'Radiant Dawn','General cargo vessel','2012-10-31'),(6311064,'Silver Serenity','Multi-purpose vessel','2017-05-13'),(6336773,'Starlight Sonata','Feeder ship','2010-09-07'),(6354963,'Lunar Eclipse','Roll-on/roll-off vessel','2016-01-08'),(6401596,'Midnight Mirage','Dry bulk carrier','2008-05-01'),(6460490,'Galaxy Guardian','Dry bulk carrier','2015-01-09'),(6471644,'Golden Horizon','Tanker','2012-03-28'),(6486315,'Infinity Quest','Tanker','2005-08-26'),(6493276,'Emerald Enigma','Container ship','2015-03-15'),(6518259,'Twilight Horizon','Feeder ship','2012-01-06'),(6566342,'Golden Galaxy','Multi-purpose vessel','2006-07-28'),(6635663,'Sapphire Skies','Feeder ship','2015-03-11'),(6652436,'Cosmic Odyssey','Tanker','2017-02-23'),(6668821,'Starlight Sonata','Reefer ships','2014-02-02'),(6739820,'Sapphire Skies','Reefer ships','2008-12-07'),(6745842,'Star Voyager','Dry bulk carrier','2011-06-20'),(6876249,'Galaxy Guardian','Feeder ship','2011-03-06'),(6880625,'Radiant Reflection','Tanker','2006-01-18'),(6926422,'Silver Serenity','Container ship','2017-07-09'),(6946041,'Celestial Serenade','Dry bulk carrier','2016-02-16'),(7033847,'Golden Galaxy','Roll-on/roll-off vessel','2018-07-04'),(7047311,'Eternal Voyager','Roll-on/roll-off vessel','2006-12-26'),(7051344,'Celestial Serenade','Container ship','2013-01-16'),(7080139,'Siren\'s Song','General cargo vessel','2015-10-15'),(7088065,'Emerald Enigma','Roll-on/roll-off vessel','2011-04-08'),(7152802,'Aurora Australis','Dry bulk carrier','2014-11-05'),(7188862,'Polaris Starship','Dry bulk carrier','2012-03-02'),(7201378,'Galaxy Guardian','Reefer ships','2006-09-27'),(7216427,'Cosmic Cascade','Reefer ships','2018-11-12'),(7233117,'Moonlit Melody','Dry bulk carrier','2014-04-25'),(7274488,'Emerald Enigma','General cargo vessel','2005-05-07'),(7453067,'Oceanic Dream','Container ship','2021-04-17'),(7492934,'Voyager\'s Venture','Reefer ships','2018-10-31'),(7570156,'Moonlit Melody','Container ship','2011-11-08'),(7590299,'Galaxy Guardian','Tanker','2022-11-19'),(7637071,'Midnight Melody','Reefer ships','2013-02-07'),(7670703,'Mystic Meridian','Tanker','2007-02-03'),(7702607,'Silver Serenity','Reefer ships','2007-01-24'),(7719421,'Infinity Quest','Container ship','2014-11-16'),(7727112,'Polaris Starship','Container ship','2016-06-01'),(7751683,'Celestial Destiny','Roll-on/roll-off vessel','2008-04-05'),(7757065,'Eternal Voyager','Feeder ship','2015-11-18'),(7801402,'Celestial Destiny','Roll-on/roll-off vessel','2017-10-22'),(7849264,'Whispering Waters','Feeder ship','2014-04-20'),(7856030,'Radiant Reflection','Roll-on/roll-off vessel','2010-01-02'),(7870639,'Aurora Aether','Container ship','2014-01-03'),(7882971,'Midnight Mirage','Container ship','2020-07-29'),(7891476,'Silver Starlight','Roll-on/roll-off vessel','2017-04-30'),(7941254,'Sapphire Skies','Dry bulk carrier','2014-12-31'),(7969204,'Midnight Melody','Reefer ships','2006-06-02'),(7970702,'Nebula Quest','Tanker','2009-12-17'),(8004894,'Sapphire Serenade','Multi-purpose vessel','2020-10-21'),(8021871,'Lunar Eclipse','Multi-purpose vessel','2021-12-06'),(8038703,'Crimson Cascade','Reefer ships','2021-07-19'),(8057652,'Lunar Eclipse','Feeder ship','2006-07-30'),(8060977,'Sapphire Serenade','Container ship','2005-05-13'),(8088009,'Starlight Sonata','Reefer ships','2021-09-16'),(8097154,'Stellar Symphony','Multi-purpose vessel','2013-03-28'),(8148170,'Sea Serpent','Dry bulk carrier','2012-10-01'),(8185196,'Radiant Dawn','Tanker','2009-09-13'),(8190702,'Solar Flare','Multi-purpose vessel','2011-02-09'),(8217351,'Crimson Tide','Dry bulk carrier','2006-11-27'),(8252695,'Crimson Cascade','Container ship','2016-06-13'),(8275412,'Stellar Phoenix','General cargo vessel','2016-02-04'),(8345360,'Stellar Phoenix','Reefer ships','2014-01-16'),(8454530,'Nebula Navigator','Multi-purpose vessel','2013-03-13'),(8481570,'Aurora Aether','Dry bulk carrier','2009-10-27'),(8541473,'Solar Symphony','Reefer ships','2010-03-29'),(8581162,'Solar Symphony','Reefer ships','2015-12-31'),(8645306,'Solar Symphony','Tanker','2008-10-26'),(8651874,'Cosmic Odyssey','Tanker','2008-10-22'),(8725053,'Twilight Horizon','Reefer ships','2017-02-18'),(8767227,'Solar Wind','Dry bulk carrier','2014-08-02'),(8787198,'Twilight Horizon','Container ship','2005-09-09'),(8855148,'Voyager\'s Dream','Roll-on/roll-off vessel','2016-11-07'),(8876847,'Midnight Melody','Dry bulk carrier','2019-10-02'),(8931085,'Galaxy Guardian','Roll-on/roll-off vessel','2014-09-02'),(8982556,'Radiant Dawn','General cargo vessel','2009-03-10'),(9012829,'Cosmic Cascade','General cargo vessel','2009-05-19'),(9020269,'Siren\'s Song','Tanker','2014-02-22'),(9097252,'Nebula Quest','Roll-on/roll-off vessel','2016-09-25'),(9111012,'Oceanic Dream','General cargo vessel','2022-02-10'),(9123199,'Polaris Passage','Tanker','2018-03-14'),(9126581,'Celestial Serenade','Multi-purpose vessel','2018-10-28'),(9137983,'Solar Wind','Dry bulk carrier','2012-04-24'),(9143588,'Stardust Symphony','General cargo vessel','2013-05-23'),(9146158,'Celestial Destiny','General cargo vessel','2021-02-21'),(9147278,'Majestic Horizon','Tanker','2008-04-20'),(9224503,'Infinity Quest','Roll-on/roll-off vessel','2015-08-09'),(9272431,'Infinity Quest','Container ship','2008-11-11'),(9290460,'Infinity Quest','Feeder ship','2022-10-15'),(9391637,'Emerald Enigma','Container ship','2005-03-04'),(9404300,'Silver Serenity','Feeder ship','2007-08-02'),(9443385,'Stellar Phoenix','General cargo vessel','2010-08-28'),(9535334,'Voyager\'s Dream','Roll-on/roll-off vessel','2011-05-27'),(9606183,'Eternal Echoes','Container ship','2022-06-23'),(9659542,'Lunar Eclipse','Reefer ships','2020-01-01'),(9663327,'Siren\'s Symphony','General cargo vessel','2010-04-17'),(9672691,'Galactic Explorer','Tanker','2005-04-07'),(9679157,'Abyssal Abyss','Feeder ship','2019-09-13'),(9731295,'Twilight Horizon','Roll-on/roll-off vessel','2018-08-23'),(9737161,'Moonlight Serenade','Container ship','2022-10-10'),(9845788,'Eternal Echoes','Feeder ship','2008-11-28');
/*!40000 ALTER TABLE `ship` ENABLE KEYS */;
UNLOCK TABLES;

--
-- Table structure for table `ship_crew`
--

DROP TABLE IF EXISTS `ship_crew`;
/*!40101 SET @saved_cs_client     = @@character_set_client */;
/*!50503 SET character_set_client = utf8mb4 */;
CREATE TABLE `ship_crew` (
  `crew_id` bigint NOT NULL AUTO_INCREMENT,
  `crew_emp_id` bigint NOT NULL,
  `crew_duty_duty_id` bigint NOT NULL,
  `crew_passport_no` varchar(10) NOT NULL,
  `crew_passpoort_exp_date` date NOT NULL,
  PRIMARY KEY (`crew_id`),
  KEY `crew_duty_duty_id_idx` (`crew_duty_duty_id`),
  KEY `crew_emp_id_idx` (`crew_emp_id`),
  CONSTRAINT `crew_duty_duty_id` FOREIGN KEY (`crew_duty_duty_id`) REFERENCES `duty` (`duty_id`) ON DELETE RESTRICT ON UPDATE CASCADE,
  CONSTRAINT `crew_emp_id` FOREIGN KEY (`crew_emp_id`) REFERENCES `employee` (`emp_id`)
) ENGINE=InnoDB AUTO_INCREMENT=501 DEFAULT CHARSET=utf8mb3;
/*!40101 SET character_set_client = @saved_cs_client */;

--
-- Dumping data for table `ship_crew`
--

LOCK TABLES `ship_crew` WRITE;
/*!40000 ALTER TABLE `ship_crew` DISABLE KEYS */;
INSERT INTO `ship_crew` VALUES (1,4331,5,'ST-7552770','2026-09-19'),(2,4033,5,'GJ-7891253','2025-06-17'),(3,4081,2,'DP-5860980','2024-11-18'),(4,4097,6,'CR-7373017','2026-10-06'),(5,4356,4,'EM-9081328','2025-09-30'),(6,4539,5,'AY-0757195','2025-06-20'),(7,4681,5,'OK-6270967','2025-02-02'),(8,4386,2,'GA-0080289','2025-04-15'),(9,4223,4,'CQ-6322304','2026-12-06'),(10,4230,6,'ZY-6965386','2025-02-01'),(11,4028,6,'FF-9986594','2026-11-14'),(12,4501,6,'BS-6136520','2026-06-22'),(13,4431,3,'TH-8791767','2025-10-05'),(14,4615,1,'GG-2899318','2024-06-26'),(15,4379,3,'HF-4166805','2025-09-06'),(16,4784,4,'DA-2060409','2026-01-12'),(17,4938,6,'GY-0335467','2027-03-03'),(18,4735,5,'AT-2109315','2024-08-02'),(19,4349,3,'GV-3736177','2026-12-10'),(20,4367,6,'HK-1353471','2027-01-18'),(21,4771,6,'TJ-9832191','2025-11-24'),(22,4592,5,'NB-4217468','2027-10-12'),(23,4170,7,'IK-9415450','2026-04-05'),(24,4122,5,'QZ-9704086','2026-03-19'),(25,4183,4,'JN-0199869','2027-11-30'),(26,4167,3,'ZZ-5140386','2027-04-07'),(27,4212,3,'ZK-3720231','2027-07-01'),(28,4744,5,'FU-0491651','2027-04-12'),(29,4025,5,'EF-6983904','2027-01-12'),(30,4761,3,'QE-2572316','2026-11-24'),(31,4702,3,'YM-4833890','2026-07-17'),(32,4919,4,'LQ-1083208','2024-07-03'),(33,4268,2,'XE-9245217','2027-12-07'),(34,4086,4,'EO-9347660','2026-07-17'),(35,4165,2,'NP-7538536','2024-06-23'),(36,4389,5,'KW-6013901','2026-11-27'),(37,4878,5,'BD-3811826','2025-11-26'),(38,4489,5,'LM-3948732','2027-12-16'),(39,4075,5,'ZR-4306082','2027-07-28'),(40,4157,1,'GE-5803191','2026-08-11'),(41,4264,7,'DM-5573131','2025-01-19'),(42,4279,6,'NS-1933844','2027-10-21'),(43,4063,2,'OY-3330776','2027-09-07'),(44,4952,4,'NY-2267374','2027-12-20'),(45,4438,3,'NK-4625986','2026-03-09'),(46,4584,7,'DO-8885631','2026-10-17'),(47,4993,3,'GN-9013032','2027-06-26'),(48,4129,7,'UN-8102724','2026-11-09'),(49,4229,7,'BZ-0850161','2027-05-27'),(50,4995,3,'VG-4314768','2025-02-09'),(51,4566,6,'PU-1158704','2026-03-22'),(52,4169,1,'PB-9073340','2026-06-26'),(53,4295,4,'PH-4116171','2027-05-29'),(54,4768,1,'IG-7075600','2027-04-06'),(55,4708,5,'KZ-1487548','2026-09-18'),(56,4889,3,'XO-8113497','2024-11-09'),(57,4990,5,'PD-1013617','2025-08-03'),(58,4202,3,'ND-1467007','2025-11-25'),(59,4756,3,'RG-8891050','2025-06-20'),(60,4123,6,'PW-7464660','2025-03-03'),(61,4768,1,'AV-2221664','2027-03-11'),(62,4999,1,'QA-1955038','2026-10-20'),(63,4727,6,'YN-5786571','2025-05-14'),(64,4480,3,'HG-2178961','2026-12-05'),(65,4357,7,'VO-6457838','2026-06-26'),(66,4334,4,'QV-4512293','2026-08-08'),(67,4795,3,'UW-2897666','2027-01-25'),(68,4630,4,'XH-3759120','2025-01-06'),(69,4644,3,'HR-2611791','2026-01-12'),(70,4221,3,'EK-5863165','2026-05-01'),(71,4583,4,'YI-1124452','2027-08-20'),(72,4775,1,'OS-6159603','2027-05-04'),(73,4025,2,'FC-7309119','2026-06-14'),(74,4962,7,'SR-3114629','2024-11-08'),(75,4497,5,'JP-2400063','2027-06-05'),(76,4335,4,'CP-2590058','2025-11-29'),(77,4935,5,'UU-0137715','2026-09-07'),(78,4743,7,'PN-8237671','2026-11-22'),(79,4814,5,'CV-9218669','2026-06-09'),(80,4208,4,'EU-1104964','2027-08-26'),(81,4436,6,'CZ-0006422','2027-04-15'),(82,4740,6,'UC-5124163','2024-09-13'),(83,4064,5,'EB-6705816','2024-12-06'),(84,4243,2,'EO-9103127','2027-06-15'),(85,4321,3,'EP-1571273','2027-10-09'),(86,4047,2,'XA-9945739','2026-03-27'),(87,4179,4,'IG-7931310','2024-10-23'),(88,4331,5,'BD-5385242','2026-08-10'),(89,4295,4,'EI-4288963','2026-11-05'),(90,4252,7,'ER-8690798','2027-05-12'),(91,4753,4,'RD-7116553','2027-11-10'),(92,5002,2,'SG-6842480','2025-03-28'),(93,4128,3,'BL-3328554','2026-02-21'),(94,4148,4,'NF-0052287','2027-04-29'),(95,4656,2,'ZY-2849393','2026-10-09'),(96,4455,6,'JV-6038815','2025-06-07'),(97,4058,5,'VL-5166698','2025-12-02'),(98,4350,2,'MJ-7222344','2025-01-04'),(99,4791,2,'BV-6332709','2025-08-13'),(100,4355,4,'GK-2975157','2027-03-27'),(101,4356,1,'US-1293353','2026-02-13'),(102,4428,5,'HV-4625500','2024-11-11'),(103,4624,2,'AP-0626462','2025-01-07'),(104,4022,5,'JH-0595194','2025-10-26'),(105,4224,2,'LB-8718497','2025-05-27'),(106,4021,4,'QD-0759903','2026-11-26'),(107,4865,5,'BI-5013622','2027-11-21'),(108,4331,6,'TB-1148536','2024-10-25'),(109,4373,1,'LG-6020247','2027-12-03'),(110,4501,3,'VV-9013620','2026-06-02'),(111,4631,3,'KN-7526328','2024-09-03'),(112,4295,2,'YE-1332372','2026-07-31'),(113,4815,5,'LF-9897117','2027-12-22'),(114,4420,7,'GC-7209036','2025-11-18'),(115,4533,6,'DN-5472072','2025-10-29'),(116,4632,4,'TK-8606559','2026-09-13'),(117,4940,7,'IA-9440081','2026-05-30'),(118,4222,3,'DB-0014136','2025-12-25'),(119,4948,7,'MZ-8301674','2027-11-12'),(120,4221,2,'JC-7403497','2025-06-19'),(121,4895,5,'UI-4110221','2025-06-03'),(122,4033,2,'NY-3037868','2024-12-31'),(123,4618,7,'CT-0366518','2024-08-23'),(124,4898,2,'HR-8346531','2025-07-07'),(125,4341,2,'OM-6863347','2025-01-27'),(126,4866,3,'HJ-8779099','2026-09-20'),(127,4919,6,'PR-0563602','2026-07-31'),(128,4177,6,'QY-4648790','2026-03-26'),(129,4801,6,'XP-9152106','2027-06-07'),(130,4089,1,'CD-6530055','2027-02-27'),(131,4342,6,'OG-1368661','2026-05-10'),(132,4333,3,'MJ-2320913','2026-12-15'),(133,4639,5,'UD-8488217','2027-02-25'),(134,4673,2,'ZX-3623892','2025-07-21'),(135,4163,7,'BA-4595367','2025-08-24'),(136,4446,3,'IR-3940136','2026-05-01'),(137,4831,7,'OF-1092387','2027-05-18'),(138,4451,7,'UT-1623012','2026-02-25'),(139,4226,2,'WM-9266278','2027-09-03'),(140,4229,1,'VN-5244072','2024-07-17'),(141,4334,3,'TU-5906568','2027-10-21'),(142,4384,4,'SI-4568714','2026-12-13'),(143,4322,3,'FT-9468619','2024-07-30'),(144,4716,1,'IL-0516443','2024-07-15'),(145,4167,6,'PQ-9640114','2026-09-08'),(146,4454,3,'UN-3994058','2025-03-24'),(147,4440,7,'FK-1997088','2027-09-24'),(148,4227,3,'JQ-0554596','2025-02-02'),(149,4167,4,'WO-5701152','2025-03-07'),(150,4511,1,'AB-8314601','2024-07-22'),(151,4422,7,'ZR-1014094','2025-05-19'),(152,4969,5,'HX-4755385','2025-02-15'),(153,4743,5,'DV-2184796','2025-11-07'),(154,4770,7,'TF-1698576','2025-09-08'),(155,4596,2,'GT-1770721','2025-09-18'),(156,4138,7,'JY-4774470','2027-08-19'),(157,4063,2,'VU-4874970','2026-12-21'),(158,4452,1,'JA-2813563','2025-07-13'),(159,4576,6,'HC-6464745','2027-04-17'),(160,4021,7,'LE-8012396','2027-06-06'),(161,4082,3,'AO-9119606','2027-08-13'),(162,4262,3,'EY-0496899','2027-12-11'),(163,4041,5,'HJ-9303427','2027-10-06'),(164,4679,2,'QJ-6152179','2026-03-05'),(165,4902,6,'UB-4205278','2025-06-11'),(166,4769,2,'VT-3025143','2027-09-05'),(167,4734,2,'YK-0944659','2027-04-18'),(168,4997,7,'SU-9081013','2025-10-16'),(169,4872,4,'MF-7035040','2024-11-05'),(170,4351,2,'EC-1974932','2024-08-10'),(171,4415,6,'ZU-0781302','2026-06-23'),(172,4555,6,'RV-2016354','2025-06-09'),(173,4765,7,'UE-4670020','2024-11-07'),(174,4361,2,'JT-0232507','2024-08-03'),(175,4320,6,'RP-5695611','2025-11-25'),(176,4436,2,'LZ-5166847','2024-08-21'),(177,4612,6,'QU-5447516','2027-08-29'),(178,4342,7,'IS-7324716','2027-06-24'),(179,4648,2,'HV-7466896','2027-11-11'),(180,4886,1,'HV-1532016','2026-08-14'),(181,4353,5,'FK-2718517','2024-07-18'),(182,4427,4,'RN-8338471','2026-04-25'),(183,4991,7,'FA-3125582','2025-09-28'),(184,4114,6,'WL-7519517','2025-04-20'),(185,4578,4,'SF-6669052','2025-05-25'),(186,4100,6,'EE-7332956','2027-07-13'),(187,4519,4,'FO-6163813','2025-09-18'),(188,4193,1,'WX-2827884','2025-11-07'),(189,4252,1,'IN-0185064','2025-02-09'),(190,4913,6,'IX-7699087','2025-03-22'),(191,4503,3,'PV-7164469','2026-01-25'),(192,4524,6,'KI-6190063','2027-03-15'),(193,4429,6,'LA-2430631','2024-08-23'),(194,4042,4,'SC-2263426','2027-08-05'),(195,4623,6,'VZ-1419208','2026-08-21'),(196,4417,6,'RZ-0324597','2024-07-28'),(197,4628,3,'BF-1518299','2025-11-01'),(198,4433,2,'ER-5502240','2026-12-02'),(199,4763,5,'PH-9198473','2025-10-27'),(200,4398,6,'DU-9454259','2025-01-27'),(201,4952,4,'LA-9550943','2025-04-03'),(202,4708,3,'RK-0216767','2027-04-02'),(203,4474,2,'FA-9143398','2027-10-02'),(204,4573,6,'DB-4282576','2025-01-07'),(205,4929,1,'IQ-5183372','2027-06-04'),(206,5001,2,'BC-4394925','2024-12-03'),(207,4016,5,'BD-0026548','2026-06-21'),(208,4996,1,'OS-5714163','2026-01-09'),(209,4993,2,'SP-9075850','2027-06-06'),(210,4490,5,'QD-9208514','2025-09-23'),(211,4802,2,'PH-1072790','2025-04-11'),(212,4482,3,'RI-3270316','2024-12-26'),(213,4987,5,'MR-3690639','2025-01-03'),(214,4938,6,'FW-1342329','2026-03-01'),(215,4029,7,'BB-9102012','2025-01-24'),(216,4956,3,'MI-0687722','2024-11-26'),(217,4378,1,'CF-8906562','2024-12-07'),(218,4989,5,'SJ-2352792','2027-01-10'),(219,4698,7,'VG-6375392','2025-05-19'),(220,4109,3,'DJ-7883487','2024-06-25'),(221,4766,3,'HE-4500958','2027-10-12'),(222,4026,7,'WE-3471234','2026-04-07'),(223,4479,6,'TX-3891117','2026-01-06'),(224,4160,6,'BZ-8342024','2026-03-31'),(225,4135,1,'MW-7194800','2024-07-12'),(226,4274,2,'QS-5585402','2024-11-29'),(227,4092,7,'UY-4342311','2027-06-20'),(228,4238,6,'JT-0845947','2027-04-08'),(229,4461,5,'CQ-2228849','2025-10-19'),(230,4512,1,'DO-8343333','2025-01-01'),(231,4950,6,'FL-8665343','2024-08-24'),(232,4069,2,'BN-3223838','2027-08-16'),(233,4164,1,'DG-7912545','2025-03-21'),(234,4239,7,'NC-0131431','2027-02-27'),(235,4794,3,'FS-2616620','2025-05-13'),(236,4942,1,'MP-5325391','2026-01-28'),(237,4481,4,'ZQ-4015446','2027-02-13'),(238,4462,2,'BE-9311092','2027-07-07'),(239,4595,4,'LY-5496037','2026-03-17'),(240,4314,7,'FI-6956290','2027-07-02'),(241,4458,2,'SM-9528882','2027-03-04'),(242,4324,7,'EA-8049746','2026-03-26'),(243,4958,4,'YA-0329006','2027-12-25'),(244,4418,5,'LV-0463935','2024-07-06'),(245,4777,1,'KU-3663159','2026-04-09'),(246,4598,7,'EI-2297547','2026-04-25'),(247,4767,7,'ZN-4953030','2027-01-20'),(248,4882,6,'RL-7589125','2027-11-13'),(249,4936,7,'ML-4048984','2024-10-22'),(250,4125,6,'VY-1918868','2027-01-17'),(251,4246,7,'YJ-4919474','2024-10-20'),(252,4675,6,'NI-2102969','2026-02-05'),(253,4677,6,'RH-7265038','2026-05-18'),(254,4107,7,'PN-2365645','2027-04-27'),(255,4724,5,'NY-1317945','2025-06-28'),(256,4300,2,'BL-2754141','2027-10-21'),(257,4353,5,'VU-8559798','2027-02-17'),(258,4621,1,'VL-4478457','2024-09-03'),(259,4181,5,'KV-2467135','2026-07-18'),(260,4414,1,'ZS-8074507','2024-09-29'),(261,4716,5,'DC-8917800','2026-04-06'),(262,4007,7,'ZU-8479396','2027-05-22'),(263,4925,5,'EC-5790357','2026-10-02'),(264,4407,7,'ZG-8961237','2025-11-14'),(265,4018,2,'JP-2808895','2026-05-20'),(266,4224,2,'RZ-0198035','2026-03-15'),(267,4489,6,'VE-1257759','2025-10-08'),(268,4945,5,'FF-8732607','2026-12-24'),(269,4670,3,'YX-5920879','2026-02-09'),(270,4282,7,'XJ-3866551','2026-04-30'),(271,4734,1,'MA-0237945','2026-03-18'),(272,4105,2,'DE-9537407','2026-06-26'),(273,4489,1,'OJ-1654159','2027-07-17'),(274,4862,6,'KR-6866720','2027-07-16'),(275,4418,3,'XZ-4103057','2027-11-21'),(276,4262,3,'NO-7746168','2025-06-16'),(277,4097,6,'EY-2695167','2025-04-09'),(278,4916,5,'YZ-6681616','2024-06-25'),(279,4723,1,'JJ-7420521','2027-12-01'),(280,4067,6,'EK-1586170','2027-06-18'),(281,4950,4,'SZ-8865995','2026-04-04'),(282,4450,2,'FA-4350785','2027-06-14'),(283,4949,5,'DK-9329227','2024-11-09'),(284,4587,7,'VK-0022493','2025-08-05'),(285,4457,4,'RB-3328969','2025-06-05'),(286,4524,7,'DB-5590434','2026-08-06'),(287,4823,4,'VM-6953471','2027-12-12'),(288,4940,5,'XW-7286688','2027-09-19'),(289,4388,2,'SM-2615812','2027-11-30'),(290,4723,1,'PV-7018945','2027-02-07'),(291,4381,1,'SM-2390040','2027-07-11'),(292,4809,5,'SF-1364298','2027-05-21'),(293,4155,1,'NR-1994704','2026-07-20'),(294,4640,7,'JV-9345345','2025-03-17'),(295,4501,3,'MO-2291332','2027-12-19'),(296,4502,6,'HT-6872124','2026-12-28'),(297,4296,7,'JJ-7895472','2026-11-22'),(298,4124,4,'WI-5955680','2027-08-30'),(299,4470,3,'GH-5569394','2024-07-20'),(300,4018,7,'MV-9840643','2025-05-08'),(301,4697,1,'LB-7367674','2025-06-16'),(302,4408,5,'FZ-3719361','2025-03-03'),(303,4523,4,'GR-4271106','2027-01-01'),(304,4926,1,'VM-9342147','2026-04-06'),(305,4745,7,'VB-6485718','2025-05-28'),(306,4640,3,'OP-2874299','2026-12-11'),(307,4670,6,'TU-8974330','2025-06-24'),(308,4766,7,'KH-2137590','2025-09-29'),(309,4652,7,'QX-3209523','2024-09-24'),(310,4211,2,'LI-5601740','2024-07-07'),(311,4851,2,'GM-4809142','2027-10-02'),(312,4249,6,'AL-0790479','2026-05-04'),(313,4636,4,'IN-3996347','2027-08-26'),(314,4474,4,'BG-9914657','2025-07-25'),(315,4264,2,'GN-1924279','2025-10-17'),(316,4177,1,'IO-6596601','2026-04-08'),(317,4974,7,'OX-1803140','2026-07-09'),(318,4294,5,'EP-7587833','2024-07-12'),(319,4318,1,'SU-8033248','2027-08-13'),(320,4590,3,'LP-2543701','2026-12-03'),(321,4925,7,'IY-0785415','2027-04-18'),(322,4786,7,'GN-3279153','2025-03-27'),(323,4524,2,'CV-5029550','2026-10-06'),(324,4342,5,'UC-6537884','2025-03-26'),(325,4158,6,'RR-0126159','2025-06-22'),(326,4949,1,'FK-0596754','2027-12-12'),(327,4604,5,'RM-2859847','2027-08-02'),(328,4592,7,'CZ-0913731','2024-09-17'),(329,4871,2,'PZ-4491869','2027-03-10'),(330,4005,1,'VV-9355601','2027-07-13'),(331,4755,3,'LV-0857074','2027-05-30'),(332,4422,3,'KF-9145067','2024-11-06'),(333,4461,1,'GK-2097300','2027-06-09'),(334,4805,3,'YO-9359443','2024-08-28'),(335,4866,7,'RA-8535748','2026-09-12'),(336,4486,3,'OB-5217460','2027-09-23'),(337,4155,5,'OS-0557441','2025-09-16'),(338,4623,3,'TQ-0428658','2027-05-01'),(339,4472,3,'VX-7168521','2026-07-21'),(340,4190,1,'GF-9275084','2026-07-02'),(341,4392,5,'EF-7175887','2024-08-04'),(342,4169,5,'DR-6150152','2026-05-04'),(343,4577,2,'BT-5274429','2025-08-06'),(344,4691,1,'RD-1604301','2026-11-18'),(345,4840,7,'GB-5388422','2025-01-17'),(346,4093,3,'DN-4661684','2027-02-05'),(347,4786,7,'RL-1691778','2026-11-07'),(348,4678,7,'JJ-7506292','2027-04-01'),(349,4372,6,'ZA-0349002','2027-09-13'),(350,4180,1,'ZD-3747080','2025-10-20'),(351,4603,6,'HP-9279709','2026-11-14'),(352,4698,1,'GZ-0820620','2027-07-20'),(353,4482,4,'JP-7884397','2025-07-22'),(354,4826,6,'NJ-8905389','2027-06-15'),(355,4408,3,'HS-5539094','2025-05-24'),(356,4710,4,'AU-5058690','2025-05-26'),(357,4013,2,'XA-5885580','2026-12-31'),(358,4426,1,'SR-9691680','2024-08-20'),(359,4630,2,'ET-6585085','2026-10-04'),(360,4849,4,'SQ-7278012','2026-03-14'),(361,4520,7,'IN-7893125','2025-01-24'),(362,4174,5,'MH-0387059','2027-05-10'),(363,4389,2,'VB-6940379','2024-11-05'),(364,4980,4,'SW-0893638','2027-10-26'),(365,4112,2,'OD-3974468','2026-08-24'),(366,4152,4,'LV-2097033','2025-10-16'),(367,4741,4,'PN-7452705','2025-08-19'),(368,4873,5,'LX-6051516','2024-11-18'),(369,4256,3,'VX-4920243','2025-10-29'),(370,4702,3,'BB-3408902','2026-06-17'),(371,4012,6,'GP-3623327','2025-02-23'),(372,4482,5,'SN-8972460','2027-03-17'),(373,4116,6,'LE-3823029','2027-02-15'),(374,4574,6,'RQ-6137729','2024-10-19'),(375,4334,1,'AM-4728285','2027-01-06'),(376,4382,4,'XB-1500109','2025-09-24'),(377,4695,6,'PE-8173975','2026-10-17'),(378,4874,2,'CS-7126520','2025-06-20'),(379,4416,4,'WB-0550189','2027-08-05'),(380,4527,2,'DQ-6563754','2025-04-10'),(381,4901,5,'AU-2397932','2027-04-24'),(382,4146,7,'WU-9775308','2024-07-12'),(383,4852,2,'SZ-0002386','2025-07-01'),(384,4065,6,'ME-8159389','2027-08-07'),(385,4917,6,'VF-6568019','2026-04-16'),(386,4247,6,'QH-4231445','2025-06-29'),(387,4750,1,'WJ-5441638','2025-02-21'),(388,4724,2,'FD-4854421','2024-12-24'),(389,4353,2,'HI-5135412','2026-03-08'),(390,4698,2,'FA-7576459','2027-03-01'),(391,4370,1,'ES-3804773','2024-12-03'),(392,4589,5,'LX-1315275','2024-10-20'),(393,4737,3,'CB-1889517','2026-12-28'),(394,4013,2,'MW-6005448','2024-12-05'),(395,4631,1,'XJ-2733681','2026-01-31'),(396,4327,7,'NS-7585584','2025-07-27'),(397,4599,7,'CF-4439256','2027-05-21'),(398,4299,7,'YS-2500041','2027-12-26'),(399,4511,1,'GV-9765190','2026-09-10'),(400,4179,2,'LW-7763291','2027-10-16'),(401,4224,2,'BC-0273391','2027-05-18'),(402,4535,2,'QO-2713140','2027-09-05'),(403,4118,6,'OQ-4173346','2026-03-31'),(404,4878,7,'CV-8882944','2027-12-02'),(405,4968,7,'PT-8374009','2027-01-02'),(406,4787,7,'WB-5979314','2027-10-06'),(407,4045,4,'RG-2487222','2026-12-15'),(408,4527,4,'UA-2637553','2026-04-26'),(409,4108,4,'TK-1571073','2026-06-09'),(410,4576,4,'UK-0989647','2025-02-07'),(411,4703,3,'KV-1735192','2025-10-25'),(412,4868,1,'GY-5757806','2025-01-14'),(413,4064,1,'BZ-5198209','2026-10-11'),(414,4742,7,'CH-6089740','2027-04-19'),(415,4006,3,'DX-3860206','2027-12-02'),(416,4049,6,'JW-9013273','2027-01-22'),(417,4071,3,'WI-7753584','2027-03-11'),(418,4429,6,'GQ-1353352','2025-09-15'),(419,4121,7,'SX-3209987','2025-09-25'),(420,4073,7,'JX-0747371','2024-11-27'),(421,4127,1,'OX-2907027','2026-08-22'),(422,4870,1,'IO-4178480','2024-12-06'),(423,4329,2,'WR-3554360','2024-07-18'),(424,4004,2,'UO-5258032','2027-01-08'),(425,4243,3,'ID-4372338','2024-10-06'),(426,4279,2,'EQ-5289377','2025-11-17'),(427,4339,7,'CI-1770431','2027-07-30'),(428,4148,2,'DY-5307649','2025-01-22'),(429,4337,7,'FT-0412158','2025-02-24'),(430,4367,3,'GY-6030424','2025-02-13'),(431,4994,7,'EI-7596351','2025-12-17'),(432,4490,6,'TL-6441638','2024-09-05'),(433,4780,5,'VJ-9770401','2027-02-27'),(434,4354,1,'YB-8776900','2026-01-22'),(435,4672,2,'MA-0118720','2026-03-14'),(436,4597,6,'OZ-3967165','2027-12-15'),(437,4746,1,'CV-6327044','2025-05-28'),(438,4218,2,'DA-1975307','2024-10-16'),(439,4824,5,'JA-3193342','2026-02-14'),(440,4269,3,'BM-3605420','2025-11-07'),(441,4635,7,'IM-6122799','2027-07-04'),(442,4477,6,'JB-2163993','2025-08-19'),(443,4585,4,'EX-2907621','2026-02-14'),(444,4360,6,'AF-4830625','2025-01-17'),(445,4946,2,'CG-0365523','2026-09-22'),(446,4746,5,'XJ-4570632','2025-04-30'),(447,4014,7,'CS-7914347','2025-10-27'),(448,4762,1,'YH-3399495','2027-05-09'),(449,4392,6,'ZX-5938608','2025-09-12'),(450,4419,3,'WP-2540033','2025-03-20'),(451,4348,1,'OM-6012224','2026-08-19'),(452,4023,6,'XY-5661385','2024-10-25'),(453,4702,1,'HN-1155274','2026-08-07'),(454,4188,7,'OL-3480731','2026-08-28'),(455,4049,3,'FA-7094698','2027-10-06'),(456,4487,2,'CE-1017944','2025-05-07'),(457,4105,3,'AX-9257817','2024-07-06'),(458,4021,7,'TE-6820555','2027-10-22'),(459,4039,7,'UK-2336900','2024-11-24'),(460,4422,3,'DZ-7081003','2027-07-28'),(461,4339,6,'JS-7152937','2027-07-09'),(462,4034,3,'SN-8384074','2026-06-11'),(463,4384,6,'IQ-2241509','2024-08-30'),(464,4672,4,'XW-4004895','2025-05-12'),(465,4975,3,'NG-1100164','2024-10-18'),(466,4744,7,'KG-6905851','2026-08-02'),(467,4127,4,'ST-4197926','2025-08-20'),(468,4253,4,'EU-2750493','2025-07-19'),(469,4118,2,'CE-8439200','2026-04-09'),(470,4454,6,'HB-1604997','2027-05-06'),(471,4941,2,'OC-7426534','2024-12-17'),(472,4801,2,'RU-8835538','2027-01-21'),(473,4913,6,'PB-7947122','2026-11-28'),(474,4534,4,'DY-5571374','2025-09-13'),(475,4132,1,'CE-9231739','2026-04-20'),(476,4072,5,'FF-9922656','2026-05-20'),(477,4179,2,'TF-5691616','2026-09-26'),(478,4659,7,'NN-1406412','2024-09-06'),(479,4809,2,'IW-5751132','2027-08-28'),(480,4622,3,'IP-7338329','2025-04-10'),(481,4185,3,'YP-3252044','2026-10-07'),(482,4147,7,'FO-6435120','2026-06-25'),(483,5001,4,'HQ-4275997','2027-04-01'),(484,4083,2,'VO-8448212','2027-09-13'),(485,4288,6,'JP-2613439','2025-07-19'),(486,4841,4,'YE-6413239','2026-04-29'),(487,4542,2,'IM-3684870','2025-09-21'),(488,4255,6,'ZF-1991077','2025-11-28'),(489,4636,7,'UO-8924512','2026-01-18'),(490,4824,6,'CU-7336431','2026-05-08'),(491,4763,4,'BA-3094451','2025-07-19'),(492,4783,4,'EI-4535933','2025-02-16'),(493,4454,7,'XD-3797196','2026-01-15'),(494,4020,4,'XP-6507781','2025-02-19'),(495,4137,4,'OZ-2013911','2025-12-12'),(496,4942,5,'CC-6826148','2027-03-22'),(497,4906,6,'JT-0868897','2025-04-17'),(498,4373,6,'WY-2533290','2024-07-05'),(499,4361,7,'DZ-3612557','2024-09-16'),(500,4807,2,'WT-4820444','2026-07-29');
/*!40000 ALTER TABLE `ship_crew` ENABLE KEYS */;
UNLOCK TABLES;

--
-- Table structure for table `ship_voyages`
--

DROP TABLE IF EXISTS `ship_voyages`;
/*!40101 SET @saved_cs_client     = @@character_set_client */;
/*!50503 SET character_set_client = utf8mb4 */;
CREATE TABLE `ship_voyages` (
  `shipvoy_id` bigint NOT NULL AUTO_INCREMENT,
  `shipvoy_ship_imo` bigint NOT NULL,
  `shipvoy_station_code` varchar(5) NOT NULL,
  `shipvoy_ETA` datetime NOT NULL,
  `shipvoy_ETD` datetime NOT NULL,
  `shipvoy_ATA` datetime DEFAULT NULL,
  `shipvoy_ATD` datetime DEFAULT NULL,
  PRIMARY KEY (`shipvoy_id`),
  KEY `shipvoy_ship_imo_idx` (`shipvoy_ship_imo`),
  KEY `shipvoy_station_code_idx` (`shipvoy_station_code`),
  CONSTRAINT `shipvoy_ship_imo` FOREIGN KEY (`shipvoy_ship_imo`) REFERENCES `ship` (`ship_imo`) ON DELETE RESTRICT ON UPDATE CASCADE,
  CONSTRAINT `shipvoy_station_code` FOREIGN KEY (`shipvoy_station_code`) REFERENCES `station` (`station_code`) ON DELETE RESTRICT ON UPDATE CASCADE
) ENGINE=InnoDB AUTO_INCREMENT=35 DEFAULT CHARSET=utf8mb3;
/*!40101 SET character_set_client = @saved_cs_client */;

--
-- Dumping data for table `ship_voyages`
--

LOCK TABLES `ship_voyages` WRITE;
/*!40000 ALTER TABLE `ship_voyages` DISABLE KEYS */;
INSERT INTO `ship_voyages` VALUES (1,6880625,'GRJTR','2022-08-22 23:07:00','2022-08-22 10:21:00','2022-08-23 01:02:00','2022-08-22 11:40:00'),(2,9443385,'ESHUV','2022-10-11 09:53:00','2022-10-10 16:47:00','2022-10-11 10:39:00','2022-10-10 17:26:00'),(3,3878347,'ITTPS','2021-12-11 01:08:00','2021-12-10 04:13:00','2021-12-11 10:53:00','2021-12-10 05:57:00'),(4,5655765,'ITRJK','2022-06-25 05:40:00','2022-06-24 14:24:00','2022-06-25 15:37:00','2022-06-24 16:18:00'),(5,1736165,'GRJTR','2022-02-26 16:13:00','2022-02-25 22:07:00','2022-02-26 21:11:00','2022-02-25 23:58:00'),(6,5840018,'ESVYG','2022-10-30 02:51:00','2022-10-29 06:32:00','2022-10-30 04:11:00','2022-10-29 08:29:00'),(7,2972626,'ESSCT','2022-03-13 11:39:00','2022-03-12 18:56:00','2022-03-13 14:12:00','2022-03-12 19:24:00'),(8,3306724,'ITREG','2022-10-01 01:18:00','2022-09-30 03:05:00','2022-10-01 14:26:00','2022-09-30 03:59:00'),(9,5408566,'ESVLC','2022-05-02 05:13:00','2022-05-01 12:41:00','2022-05-02 06:32:00','2022-05-01 14:16:00'),(10,8148170,'ESHUV','2022-09-11 16:55:00','2022-09-10 20:17:00','2022-09-11 17:19:00','2022-09-10 22:14:00'),(11,4581652,'ITGIT','2022-09-08 23:48:00','2022-09-08 01:29:00','2022-09-09 02:20:00','2022-09-08 01:56:00'),(12,3016800,'ESLPA','2022-02-02 08:09:00','2022-02-01 11:45:00','2022-02-02 10:23:00','2022-02-01 13:35:00'),(13,4821049,'ITBRI','2022-06-10 21:17:00','2022-06-09 23:32:00','2022-06-11 03:28:00','2022-06-10 00:56:00'),(14,1907337,'GRLRS','2022-07-01 03:56:00','2022-06-30 07:43:00','2022-07-01 08:46:00','2022-06-30 08:30:00'),(15,5922269,'ITPTT','2022-01-30 13:04:00','2022-01-29 15:29:00','2022-01-30 18:27:00','2022-01-29 16:29:00'),(16,1546688,'GRSMI','2021-12-30 06:50:00','2021-12-29 12:14:00','2021-12-30 09:37:00','2021-12-29 14:03:00'),(17,8185196,'GRKVA','2022-05-12 15:11:00','2022-05-11 22:09:00','2022-05-12 18:31:00','2022-05-11 23:52:00'),(18,4240574,'ITLSP','2022-10-07 21:05:00','2022-10-07 05:11:00','2022-10-08 01:12:00','2022-10-07 06:17:00'),(19,3232199,'GRJSY','2022-06-30 06:03:00','2022-06-29 10:37:00','2022-06-30 08:17:00','2022-06-29 11:51:00'),(20,6336773,'ESHUV','2022-02-10 11:50:00','2022-02-09 20:43:00','2022-02-10 18:17:00','2022-02-09 22:39:00'),(21,3853400,'ESVGO','2022-07-07 16:35:00','2022-07-07 00:01:00','2022-07-08 01:52:00','2022-07-07 01:18:00'),(22,2414713,'ITGOA','2022-08-10 01:13:00','2022-08-09 07:12:00','2022-08-10 04:24:00','2022-08-09 08:29:00'),(23,5200801,'GRRHO','2022-11-26 08:51:00','2022-11-25 13:41:00','2022-11-26 11:47:00','2022-11-25 15:33:00'),(24,9272431,'ESMLN','2022-07-03 17:28:00','2022-07-02 21:33:00','2022-07-04 06:19:00','2022-07-02 23:24:00'),(25,1493804,'ITLMD','2022-02-08 23:42:00','2022-02-08 01:25:00','2022-02-09 04:19:00','2022-02-08 01:45:00'),(26,1791073,'GRKSO','2022-09-19 03:10:00','2022-09-18 10:49:00','2022-09-19 04:14:00','2022-09-18 11:42:00'),(27,6229130,'GRJSY','2022-01-06 11:05:00','2022-01-05 17:24:00','2022-01-06 15:48:00','2022-01-05 19:09:00'),(28,1290441,'GRLRS','2022-10-13 08:14:00','2022-10-12 13:32:00','2022-10-13 14:32:00','2022-10-12 14:50:00'),(29,6354963,'ITNAP','2021-12-25 13:10:00','2021-12-24 18:14:00','2021-12-25 17:59:00','2021-12-24 20:03:00'),(30,3234730,'ITBDS','2022-04-22 05:14:00','2022-04-21 08:51:00','2022-04-22 06:13:00','2022-04-21 10:10:00'),(31,3878347,'ITSAL','2022-07-17 21:13:00','2022-07-17 03:01:00','2022-07-18 07:10:00','2022-07-17 03:21:00'),(32,6075540,'ESPMI','2022-03-21 16:14:00','2022-03-21 00:53:00','2022-03-21 23:41:00','2022-03-21 01:59:00'),(33,3070588,'ITBDS','2022-02-16 23:51:00','2022-02-16 05:20:00','2022-02-17 06:50:00','2022-02-16 06:10:00'),(34,1774930,'GRAST','2022-01-19 15:39:00','2022-01-18 21:43:00','2022-01-19 17:16:00','2022-01-18 23:27:00');
/*!40000 ALTER TABLE `ship_voyages` ENABLE KEYS */;
UNLOCK TABLES;

--
-- Table structure for table `station`
--

DROP TABLE IF EXISTS `station`;
/*!40101 SET @saved_cs_client     = @@character_set_client */;
/*!50503 SET character_set_client = utf8mb4 */;
CREATE TABLE `station` (
  `station_code` varchar(5) NOT NULL,
  `station_name` varchar(45) NOT NULL,
  `station_country` varchar(45) NOT NULL,
  PRIMARY KEY (`station_code`)
) ENGINE=InnoDB DEFAULT CHARSET=utf8mb3;
/*!40101 SET character_set_client = @saved_cs_client */;

--
-- Dumping data for table `station`
--

LOCK TABLES `station` WRITE;
/*!40000 ALTER TABLE `station` DISABLE KEYS */;
INSERT INTO `station` VALUES ('ESAGP','Malaga','Spain'),('ESALC','Alicante','Spain'),('ESALG','Algeciras','Spain'),('ESAVS','Aviles','Spain'),('ESBCN','Barcelona','Spain'),('ESBIO','Bilbao','Spain'),('ESCAD','Cadiz','Spain'),('ESCAR','Cartagena','Spain'),('ESCDT','Castellon','Spain'),('ESCET','Ceuta','Spain'),('ESFRO','Ferrol','Spain'),('ESGDX','Gandia','Spain'),('ESGIJ','Gijon','Spain'),('ESHUV','Huelva','Spain'),('ESIBZ','Ibiza','Spain'),('ESLCG','La Coruña','Spain'),('ESLEI','Almeria','Spain'),('ESLPA','Las Palmas','Spain'),('ESMAH','Mahon','Spain'),('ESMLN','Melilla','Spain'),('ESMOT','Motril','Spain'),('ESMRN','Marin','Spain'),('ESPMI','Palma de Mallorca','Spain'),('ESSAG','Sagunto','Spain'),('ESSAN','San Sebastian','Spain'),('ESSCT','Santa Cruz de Tenerife','Spain'),('ESSDR','Santander','Spain'),('ESSVQ','Seville','Spain'),('ESTAR','Tarragona','Spain'),('ESVGO','Vigo','Spain'),('ESVIL','Villagarcia','Spain'),('ESVLC','Valencia','Spain'),('ESVYG','Villanueva y Geltru','Spain'),('GRAOK','Amorgos','Greece'),('GRARG','Kefalonia','Greece'),('GRAST','Astypalea','Greece'),('GRAXD','Andros','Greece'),('GRBML','Lefkada','Greece'),('GRCFU','Corfu','Greece'),('GRCHQ','Chania','Greece'),('GRGPA','Patras','Greece'),('GRHER','Heraklion','Greece'),('GRIGO','Igoumenitsa','Greece'),('GRJKH','Chios','Greece'),('GRJKL','Kalymnos','Greece'),('GRJMK','Mykonos','Greece'),('GRJNX','Naxos','Greece'),('GRJSI','Skiathos','Greece'),('GRJSY','Syros','Greece'),('GRJTR','Santorini','Greece'),('GRKGS','Kos','Greece'),('GRKIT','Kithira','Greece'),('GRKLM','Kastellorizo','Greece'),('GRKSO','Kasos','Greece'),('GRKVA','Kavala','Greece'),('GRKZS','Karpathos','Greece'),('GRLIP','Lipsi','Greece'),('GRLRS','Leros','Greece'),('GRMJT','Mytilene','Greece'),('GRMLO','Milos','Greece'),('GRPAS','Paros','Greece'),('GRPIR','Piraeus','Greece'),('GRRHO','Rhodes','Greece'),('GRSKG','Thessaloniki','Greece'),('GRSMI','Samos','Greece'),('GRVOL','Volos','Greece'),('GRZTH','Zakynthos','Greece'),('ITAOI','Ancona','Italy'),('ITBDS','Brindisi','Italy'),('ITBRI','Bari','Italy'),('ITCAG','Cagliari','Italy'),('ITCAS','Castellammare di Stabia','Italy'),('ITCIV','Civitavecchia','Italy'),('ITCTA','Catania','Italy'),('ITGIT','Gioia Tauro','Italy'),('ITGOA','Genoa','Italy'),('ITISH','Ischia','Italy'),('ITLIP','Lipari','Italy'),('ITLIV','Livorno','Italy'),('ITLMD','La Maddalena','Italy'),('ITLMP','Lampedusa','Italy'),('ITLSP','La Spezia','Italy'),('ITMFC','Monfalcone','Italy'),('ITMSN','Messina','Italy'),('ITNAP','Naples','Italy'),('ITOLB','Olbia','Italy'),('ITPFR','Portoferraio','Italy'),('ITPMO','Palermo','Italy'),('ITPNL','Pantelleria','Italy'),('ITPTT','Porto Torres','Italy'),('ITPZL','Pozzallo','Italy'),('ITRAN','Ravenna','Italy'),('ITREG','Reggio Calabria','Italy'),('ITRJK','Rijeka','Italy'),('ITSAL','Salerno','Italy'),('ITSAV','Savona','Italy'),('ITTAR','Taranto','Italy'),('ITTPS','Trapani','Italy'),('ITTRS','Trieste','Italy'),('ITVCE','Venice','Italy');
/*!40000 ALTER TABLE `station` ENABLE KEYS */;
UNLOCK TABLES;

--
-- Table structure for table `supervisor`
--

DROP TABLE IF EXISTS `supervisor`;
/*!40101 SET @saved_cs_client     = @@character_set_client */;
/*!50503 SET character_set_client = utf8mb4 */;
CREATE TABLE `supervisor` (
  `superv_id` bigint NOT NULL AUTO_INCREMENT,
  `superv_emp_id` bigint NOT NULL,
  `superv_dpt_id` bigint NOT NULL,
  `superv_start_date` date NOT NULL,
  `superv_end_date` date DEFAULT NULL,
  PRIMARY KEY (`superv_id`),
  KEY `superv_emp_id_idx` (`superv_emp_id`),
  KEY `superv_dpt_id_idx` (`superv_dpt_id`),
  CONSTRAINT `superv_dpt_id` FOREIGN KEY (`superv_dpt_id`) REFERENCES `department` (`dpt_id`) ON DELETE RESTRICT ON UPDATE CASCADE,
  CONSTRAINT `superv_emp_id` FOREIGN KEY (`superv_emp_id`) REFERENCES `employee` (`emp_id`) ON DELETE RESTRICT ON UPDATE CASCADE
) ENGINE=InnoDB AUTO_INCREMENT=401 DEFAULT CHARSET=utf8mb3;
/*!40101 SET character_set_client = @saved_cs_client */;

--
-- Dumping data for table `supervisor`
--

LOCK TABLES `supervisor` WRITE;
/*!40000 ALTER TABLE `supervisor` DISABLE KEYS */;
INSERT INTO `supervisor` VALUES (1,4904,4,'2021-01-06','2022-10-03'),(2,4979,3,'2020-08-12',NULL),(3,4206,1,'2020-10-16','2023-03-21'),(4,4802,2,'2021-05-18','2022-10-21'),(5,4269,1,'2021-08-07','2023-02-23'),(6,4310,6,'2021-04-14',NULL),(7,4940,5,'2020-04-25','2023-08-18'),(8,4602,2,'2020-09-08','2023-06-26'),(9,4560,10,'2020-06-19','2023-01-30'),(10,4005,6,'2021-11-14',NULL),(11,4272,2,'2020-05-27','2023-02-19'),(12,4255,10,'2021-06-06','2023-06-12'),(13,4868,1,'2020-12-24','2023-11-21'),(14,4188,3,'2021-03-20','2023-06-03'),(15,4717,2,'2020-06-20','2022-11-01'),(16,4052,5,'2020-12-15','2022-06-08'),(17,4850,3,'2020-06-11','2023-06-13'),(18,4276,7,'2021-05-07','2023-09-05'),(19,4813,6,'2020-12-23','2022-04-17'),(20,4614,3,'2021-02-21','2022-03-04'),(21,4542,3,'2020-06-07','2022-03-02'),(22,4645,4,'2021-08-21','2022-01-23'),(23,4479,7,'2021-03-18','2022-02-19'),(24,4666,9,'2021-06-02',NULL),(25,4942,7,'2020-09-27','2023-12-23'),(26,4428,8,'2020-10-15','2022-12-29'),(27,4098,8,'2020-11-17','2022-02-08'),(28,4903,3,'2020-02-15','2023-03-18'),(29,4653,7,'2020-06-10','2022-07-01'),(30,4727,4,'2021-11-21','2023-01-14'),(31,4853,1,'2021-01-17','2022-01-23'),(32,4635,10,'2021-11-16','2023-09-06'),(33,4328,2,'2021-04-05','2022-09-28'),(34,4215,9,'2020-05-23','2023-01-31'),(35,4036,9,'2020-02-24','2023-01-06'),(36,4729,2,'2021-04-09','2022-05-15'),(37,4524,5,'2021-10-09','2022-11-29'),(38,4694,6,'2021-06-28','2022-09-26'),(39,4679,9,'2021-04-26',NULL),(40,4544,1,'2021-03-31','2022-08-04'),(41,4898,9,'2020-10-07','2023-04-17'),(42,4101,4,'2021-07-03','2022-12-22'),(43,4722,8,'2021-09-19','2023-10-15'),(44,4126,7,'2021-09-25','2022-12-21'),(45,4835,8,'2020-06-21','2023-04-08'),(46,4237,10,'2021-03-20',NULL),(47,4711,2,'2021-06-22','2022-03-15'),(48,4699,7,'2021-02-07','2023-12-26'),(49,4035,1,'2021-05-08','2023-09-10'),(50,4703,10,'2021-01-23','2023-09-02'),(51,4544,1,'2021-05-08','2022-02-03'),(52,4413,8,'2020-05-21','2022-02-14'),(53,4862,8,'2021-03-23','2022-04-03'),(54,4830,8,'2021-05-07','2023-05-31'),(55,4362,10,'2021-01-04','2023-04-19'),(56,4842,5,'2020-08-17','2022-10-30'),(57,4725,9,'2021-06-10','2022-06-12'),(58,4023,10,'2021-02-09','2022-06-21'),(59,4813,10,'2020-07-21','2022-03-17'),(60,4099,9,'2020-02-28','2022-02-06'),(61,4354,3,'2021-09-01','2023-10-10'),(62,4143,10,'2021-11-21',NULL),(63,4448,2,'2021-02-04','2022-05-18'),(64,4834,7,'2020-10-26','2023-08-17'),(65,4230,10,'2021-08-05','2022-01-25'),(66,4162,1,'2021-08-04','2023-04-18'),(67,4156,3,'2020-03-16',NULL),(68,4191,10,'2021-11-05','2023-03-18'),(69,4449,6,'2021-02-21','2022-11-04'),(70,4298,1,'2021-02-28','2023-12-14'),(71,4517,6,'2021-04-11','2022-04-23'),(72,4246,9,'2021-05-12','2022-07-22'),(73,4712,1,'2020-02-01','2023-08-21'),(74,4134,6,'2021-11-08','2023-05-24'),(75,4852,1,'2021-02-02',NULL),(76,4078,3,'2021-08-26','2022-03-27'),(77,4977,8,'2021-07-22','2023-01-15'),(78,4304,1,'2021-07-31','2022-07-02'),(79,4816,1,'2020-09-12','2022-06-02'),(80,4203,9,'2021-07-20','2022-02-18'),(81,4673,7,'2021-09-27','2023-11-28'),(82,4208,8,'2020-12-19',NULL),(83,4890,4,'2020-01-17','2023-09-11'),(84,4483,3,'2021-01-15','2022-11-14'),(85,4855,1,'2021-07-08','2023-05-07'),(86,4714,7,'2020-11-20','2023-05-21'),(87,4394,6,'2021-08-01','2022-10-28'),(88,4298,4,'2020-10-14','2023-06-01'),(89,4483,7,'2020-03-10','2023-08-17'),(90,4398,4,'2020-05-24','2023-01-10'),(91,4370,9,'2021-05-06','2023-03-24'),(92,4864,5,'2021-05-03','2023-06-21'),(93,4401,10,'2020-09-12','2022-09-18'),(94,4622,4,'2020-01-23','2022-09-24'),(95,4166,1,'2021-03-14','2023-06-19'),(96,4842,2,'2021-01-13','2023-08-18'),(97,4181,10,'2021-08-22','2023-07-15'),(98,4155,6,'2020-06-23','2022-09-06'),(99,4140,8,'2021-03-29','2022-01-13'),(100,4592,7,'2021-08-23','2022-05-22'),(101,4836,2,'2020-11-30','2023-11-28'),(102,4410,3,'2020-04-26','2023-07-24'),(103,4108,10,'2020-03-18','2022-07-11'),(104,4211,5,'2021-03-07','2022-07-15'),(105,4843,5,'2021-06-27','2022-03-09'),(106,4890,3,'2020-10-25','2023-08-06'),(107,4761,1,'2021-04-20','2023-11-01'),(108,4372,7,'2021-10-03','2022-08-22'),(109,4136,4,'2020-11-26','2023-10-13'),(110,4478,4,'2020-04-20','2023-06-25'),(111,4469,5,'2021-04-15','2022-12-06'),(112,4075,7,'2020-08-31','2022-12-01'),(113,4943,9,'2020-01-12','2023-04-09'),(114,4300,4,'2020-02-09','2023-02-03'),(115,4786,10,'2021-06-15','2023-02-17'),(116,4980,7,'2020-05-28','2023-08-28'),(117,4937,9,'2020-12-08','2022-03-03'),(118,4543,2,'2021-06-10','2022-12-13'),(119,4669,8,'2021-01-01','2022-11-28'),(120,4258,1,'2020-06-12','2022-05-27'),(121,4396,4,'2021-02-11','2022-09-11'),(122,4959,6,'2021-04-05','2022-06-02'),(123,4122,8,'2021-06-28','2022-02-04'),(124,4677,9,'2021-09-26','2022-05-19'),(125,4857,5,'2020-09-20','2022-07-21'),(126,4859,4,'2020-04-15','2023-04-23'),(127,4088,8,'2021-08-22','2023-10-17'),(128,4455,10,'2020-11-16','2023-08-29'),(129,4754,8,'2021-04-08','2022-08-09'),(130,4810,10,'2020-08-20','2022-01-10'),(131,4922,6,'2020-02-06','2022-03-17'),(132,4279,5,'2021-01-09','2023-09-20'),(133,4576,2,'2021-08-29','2023-03-24'),(134,4168,9,'2020-03-19','2023-03-14'),(135,4584,5,'2021-04-29','2023-03-28'),(136,4099,5,'2021-03-15','2022-01-02'),(137,4396,1,'2021-02-26','2022-08-10'),(138,4240,10,'2021-04-26','2022-04-25'),(139,4311,7,'2020-02-10','2023-10-24'),(140,4221,2,'2021-03-24','2023-06-15'),(141,4448,6,'2020-04-25','2023-02-10'),(142,4833,4,'2021-08-03','2022-08-17'),(143,4932,1,'2021-04-26','2023-10-30'),(144,4027,1,'2021-07-14','2023-07-05'),(145,4115,2,'2021-09-03','2022-01-10'),(146,4783,9,'2020-05-05','2023-04-12'),(147,4352,3,'2020-06-12','2022-07-20'),(148,4419,10,'2020-08-19','2022-10-14'),(149,4474,3,'2020-11-24','2023-06-12'),(150,4821,5,'2021-03-04','2023-10-06'),(151,4761,9,'2020-12-26','2022-02-13'),(152,4393,4,'2021-06-23','2023-10-24'),(153,4717,1,'2021-08-09','2022-10-29'),(154,4791,3,'2020-12-25','2022-09-28'),(155,4714,7,'2020-10-29','2022-04-27'),(156,4527,7,'2021-02-19','2022-11-04'),(157,4675,7,'2020-03-27','2023-07-19'),(158,4830,2,'2020-10-23','2022-04-12'),(159,4272,8,'2021-01-12','2022-04-07'),(160,4430,4,'2021-01-21','2022-03-23'),(161,4127,2,'2020-03-18','2022-07-14'),(162,4461,1,'2021-11-14','2023-12-02'),(163,4567,5,'2020-02-11','2023-10-16'),(164,4121,3,'2020-12-29','2022-12-04'),(165,4949,7,'2020-09-07','2023-04-01'),(166,4124,1,'2020-10-14','2022-08-19'),(167,4050,1,'2021-02-27','2022-06-01'),(168,4648,4,'2020-11-07','2022-05-15'),(169,4239,8,'2021-07-14','2023-09-11'),(170,4477,6,'2021-05-12','2022-07-09'),(171,4423,4,'2020-03-11','2022-02-06'),(172,4828,7,'2020-03-16','2023-12-13'),(173,4788,7,'2020-08-29','2022-09-28'),(174,4687,4,'2021-06-23','2023-01-16'),(175,4947,9,'2021-01-09','2023-06-09'),(176,4307,8,'2021-09-10','2023-11-11'),(177,4715,9,'2020-11-11','2022-12-06'),(178,4522,1,'2021-05-22','2022-03-15'),(179,4730,2,'2020-06-17','2023-02-26'),(180,4516,9,'2021-09-05','2023-01-01'),(181,4199,4,'2020-06-29','2023-04-15'),(182,4141,9,'2021-02-14','2023-07-16'),(183,4843,9,'2020-01-28','2022-05-29'),(184,4935,5,'2020-08-20','2023-07-20'),(185,4887,9,'2020-02-21','2023-11-04'),(186,4186,6,'2021-05-23','2023-08-19'),(187,4507,1,'2020-10-09','2022-07-27'),(188,4072,7,'2021-02-20','2022-07-21'),(189,4408,2,'2020-03-08','2023-11-19'),(190,4959,8,'2020-12-07','2022-04-14'),(191,4855,4,'2021-08-16','2023-07-17'),(192,4584,3,'2021-10-22','2022-02-20'),(193,4894,7,'2020-06-19','2023-07-10'),(194,4401,3,'2021-01-19','2022-10-14'),(195,5000,3,'2021-09-27','2022-01-01'),(196,4325,3,'2020-10-19','2023-05-29'),(197,4379,10,'2021-03-01','2022-01-15'),(198,4368,3,'2021-07-16','2022-08-19'),(199,4957,2,'2020-10-18','2023-08-22'),(200,4645,7,'2020-09-09','2022-01-06'),(201,4725,8,'2020-05-05','2023-08-06'),(202,4732,6,'2021-07-06','2022-09-17'),(203,4036,10,'2020-12-09','2023-03-18'),(204,4356,4,'2021-01-23','2022-10-30'),(205,4366,2,'2021-11-04','2022-12-16'),(206,4204,10,'2021-05-08','2023-05-24'),(207,4674,6,'2020-01-28','2022-04-14'),(208,4249,10,'2021-01-28','2022-02-02'),(209,4207,8,'2020-11-23','2023-08-04'),(210,4343,4,'2020-11-17','2022-12-19'),(211,4110,2,'2021-11-18','2022-01-07'),(212,4566,9,'2021-07-28','2022-06-27'),(213,4319,3,'2020-01-07','2023-06-15'),(214,4028,10,'2021-05-07','2023-12-17'),(215,4831,10,'2021-08-08','2023-10-22'),(216,4456,10,'2020-02-13','2023-12-24'),(217,4683,8,'2021-07-06','2022-04-12'),(218,4648,6,'2020-11-16','2022-09-06'),(219,4441,5,'2021-09-17','2022-11-04'),(220,4941,10,'2021-03-20','2023-10-04'),(221,4118,4,'2020-02-25','2023-11-21'),(222,4985,8,'2020-11-30','2023-01-26'),(223,4014,8,'2021-04-12','2022-04-30'),(224,4474,1,'2021-01-05','2022-05-23'),(225,4271,6,'2021-10-23','2022-02-21'),(226,4101,7,'2020-05-03','2022-12-18'),(227,4651,7,'2021-01-14','2023-09-17'),(228,4942,8,'2020-05-27','2023-06-03'),(229,4128,5,'2020-05-02','2023-02-11'),(230,4252,3,'2020-03-20','2022-08-12'),(231,4987,1,'2020-07-17','2022-06-22'),(232,4589,1,'2021-05-28','2022-08-21'),(233,4073,10,'2020-02-07','2022-08-20'),(234,4655,7,'2021-06-03','2023-06-10'),(235,4195,6,'2021-02-15','2023-06-11'),(236,4736,3,'2020-07-25','2023-02-22'),(237,4481,3,'2021-04-13','2022-05-26'),(238,4091,2,'2021-11-14','2023-08-16'),(239,4058,3,'2021-03-15','2022-12-25'),(240,4034,3,'2021-02-08','2022-08-04'),(241,4320,8,'2020-01-20','2023-02-15'),(242,4373,2,'2020-09-10','2023-07-16'),(243,4333,2,'2020-08-19','2022-07-21'),(244,4050,1,'2021-02-12','2023-04-26'),(245,4052,10,'2020-06-27','2022-11-13'),(246,4424,2,'2020-01-29','2022-03-01'),(247,4102,4,'2020-09-09','2022-05-30'),(248,4587,9,'2021-11-14','2023-06-18'),(249,4701,10,'2021-02-06','2022-06-10'),(250,4270,8,'2021-04-27','2022-12-04'),(251,4426,1,'2020-10-10','2022-01-01'),(252,4852,7,'2020-08-16','2023-04-11'),(253,4630,1,'2021-10-16','2023-07-15'),(254,4769,4,'2021-01-20','2023-06-09'),(255,4583,1,'2021-06-15','2023-08-29'),(256,4645,4,'2021-05-03','2023-07-11'),(257,4860,6,'2021-02-15','2023-05-23'),(258,4824,8,'2020-09-12','2023-01-07'),(259,4330,10,'2020-01-21','2023-02-26'),(260,4801,10,'2020-10-11','2023-04-16'),(261,4414,2,'2020-03-30','2023-11-27'),(262,4627,2,'2020-04-09','2022-05-04'),(263,4128,10,'2020-05-07','2022-01-10'),(264,4281,10,'2021-06-21','2022-02-10'),(265,4154,6,'2021-04-21','2023-12-15'),(266,4839,9,'2021-09-09','2022-09-16'),(267,4802,8,'2020-03-19','2023-11-23'),(268,4531,5,'2021-04-17','2023-09-12'),(269,4086,8,'2021-07-26','2022-11-22'),(270,4591,6,'2020-06-24','2022-05-11'),(271,4615,6,'2020-08-22','2023-06-11'),(272,4562,1,'2021-04-22','2023-12-13'),(273,4814,9,'2020-09-25','2022-09-14'),(274,4847,6,'2021-08-19','2022-01-19'),(275,4175,7,'2021-03-20','2022-03-29'),(276,4172,5,'2020-10-18','2022-04-14'),(277,4726,2,'2020-05-10','2022-09-10'),(278,4352,5,'2020-06-08','2022-05-17'),(279,4840,7,'2021-01-19','2023-09-19'),(280,4546,9,'2020-11-30','2022-11-23'),(281,4020,1,'2020-03-16','2023-06-27'),(282,4508,4,'2020-07-24','2023-05-14'),(283,4274,1,'2021-07-24','2023-11-08'),(284,4421,9,'2020-08-17','2023-04-07'),(285,4257,2,'2021-03-13','2022-05-21'),(286,4843,8,'2021-06-30','2023-02-02'),(287,4757,10,'2021-08-08','2022-07-04'),(288,4693,6,'2020-11-20','2023-03-12'),(289,4571,8,'2021-11-01','2022-03-01'),(290,4214,8,'2020-01-31','2023-02-10'),(291,5003,5,'2020-01-25','2023-04-29'),(292,4516,8,'2021-10-06','2023-06-07'),(293,4040,9,'2021-01-30','2023-02-02'),(294,4361,7,'2021-11-11','2022-08-04'),(295,4630,2,'2020-08-29','2022-12-31'),(296,4593,6,'2020-02-18','2022-12-31'),(297,4042,1,'2021-09-24','2023-01-28'),(298,4401,9,'2020-02-04','2022-10-25'),(299,4016,9,'2021-08-04','2023-08-11'),(300,4583,9,'2020-02-06','2023-08-26'),(301,4868,1,'2020-07-06','2022-12-31'),(302,4226,5,'2020-03-29','2023-08-25'),(303,4387,5,'2020-07-19','2023-06-03'),(304,4073,6,'2021-02-27','2022-06-24'),(305,4213,2,'2020-07-12','2023-08-16'),(306,4779,5,'2021-03-03','2022-09-01'),(307,4639,9,'2021-05-04','2022-01-30'),(308,4821,10,'2020-02-12','2023-01-12'),(309,4915,8,'2020-08-25','2022-06-10'),(310,4019,5,'2020-03-27','2023-12-04'),(311,4670,10,'2020-08-26','2023-06-17'),(312,4004,3,'2020-06-29','2023-03-15'),(313,4798,1,'2021-10-06','2023-01-08'),(314,4314,6,'2020-11-08','2022-06-18'),(315,4698,1,'2020-05-21','2022-08-14'),(316,4131,2,'2021-04-17','2022-07-07'),(317,4640,6,'2021-05-11','2022-01-02'),(318,4022,4,'2021-02-25','2022-01-21'),(319,4330,8,'2020-12-12','2023-08-21'),(320,4782,7,'2021-01-26','2023-11-15'),(321,4970,3,'2020-12-29','2022-07-04'),(322,4793,2,'2021-10-10','2023-04-10'),(323,4240,1,'2021-04-10','2023-01-07'),(324,4226,6,'2021-11-30','2023-05-14'),(325,4196,8,'2021-07-09','2022-07-31'),(326,4692,7,'2020-03-11','2022-04-22'),(327,4093,7,'2021-07-06','2023-03-13'),(328,4724,5,'2021-02-21','2022-09-04'),(329,4961,10,'2020-12-03','2022-10-25'),(330,4626,3,'2020-08-22','2022-12-03'),(331,4082,2,'2020-09-15','2022-07-13'),(332,4871,4,'2021-03-31','2022-07-28'),(333,4899,9,'2020-04-19','2022-07-15'),(334,4330,6,'2020-01-01','2023-07-27'),(335,4750,3,'2021-03-30','2022-09-16'),(336,4648,9,'2020-03-22','2022-10-06'),(337,4858,3,'2021-02-20','2023-11-27'),(338,4228,4,'2020-07-14','2022-09-16'),(339,4531,10,'2020-02-08','2022-04-26'),(340,4910,8,'2021-06-29','2023-12-02'),(341,4011,10,'2021-03-27','2023-04-19'),(342,4539,8,'2020-07-07','2022-01-14'),(343,4934,3,'2020-07-31','2022-05-12'),(344,4496,10,'2021-10-11','2022-02-27'),(345,4532,2,'2021-11-16','2023-09-24'),(346,4852,4,'2021-01-20','2022-12-12'),(347,4056,7,'2020-06-26','2022-03-06'),(348,4027,6,'2021-03-28','2023-04-12'),(349,4893,10,'2020-08-26','2023-04-02'),(350,4174,1,'2021-02-10','2023-04-04'),(351,4266,4,'2021-05-14','2023-07-03'),(352,4467,4,'2021-11-15','2022-09-18'),(353,4623,4,'2021-04-26','2023-12-24'),(354,4132,2,'2020-06-04','2023-01-21'),(355,4931,8,'2020-02-23','2023-05-03'),(356,4160,1,'2020-04-28','2023-01-22'),(357,4717,9,'2020-12-03','2022-08-06'),(358,4324,4,'2021-09-20','2022-12-17'),(359,4383,6,'2020-02-07','2023-01-30'),(360,4083,1,'2020-09-09','2023-11-22'),(361,4173,7,'2020-05-03','2022-06-09'),(362,4081,3,'2021-03-07','2022-09-09'),(363,4007,3,'2020-03-02','2023-04-24'),(364,4577,3,'2021-10-02','2022-08-25'),(365,4299,10,'2021-08-21','2022-11-21'),(366,4409,6,'2020-03-16','2022-09-22'),(367,4574,8,'2021-11-15','2022-06-03'),(368,4598,7,'2020-07-24','2022-11-12'),(369,4698,9,'2021-09-22','2022-11-08'),(370,4085,6,'2020-11-26','2023-09-21'),(371,4954,8,'2021-08-14','2022-07-12'),(372,4897,3,'2021-08-03','2023-02-25'),(373,4761,1,'2021-06-13','2023-11-11'),(374,4089,5,'2020-06-03','2023-11-27'),(375,4117,9,'2020-04-20','2023-05-25'),(376,4944,6,'2020-02-11','2022-06-09'),(377,4658,6,'2020-03-30','2022-12-23'),(378,4083,10,'2021-10-05','2022-09-08'),(379,4844,5,'2021-02-23','2023-11-24'),(380,4487,2,'2021-01-01','2022-06-14'),(381,4236,1,'2020-06-07','2023-05-31'),(382,4961,6,'2020-08-30','2022-03-15'),(383,4761,5,'2021-03-27','2022-07-28'),(384,4466,8,'2020-12-15','2022-11-30'),(385,4712,3,'2021-09-23','2023-06-04'),(386,4030,8,'2021-02-28','2022-10-09'),(387,4151,2,'2021-03-29','2023-01-17'),(388,4011,8,'2021-02-20','2023-06-16'),(389,4592,4,'2020-06-28','2023-09-01'),(390,4067,2,'2021-05-13','2022-03-06'),(391,4089,8,'2020-07-23','2023-01-29'),(392,4389,6,'2020-03-14','2022-03-17'),(393,4802,5,'2020-04-25','2023-04-29'),(394,4861,10,'2021-07-29','2023-12-12'),(395,4422,5,'2020-02-22','2022-07-07'),(396,4393,4,'2020-10-04','2022-04-02'),(397,4451,9,'2020-12-16','2023-09-20'),(398,4241,3,'2021-04-09','2022-05-13'),(399,4401,2,'2020-09-02','2022-06-17'),(400,4656,5,'2020-08-30','2023-03-28');
/*!40000 ALTER TABLE `supervisor` ENABLE KEYS */;
UNLOCK TABLES;

--
-- Table structure for table `voyage_participation`
--

DROP TABLE IF EXISTS `voyage_participation`;
/*!40101 SET @saved_cs_client     = @@character_set_client */;
/*!50503 SET character_set_client = utf8mb4 */;
CREATE TABLE `voyage_participation` (
  `voyprt_id` bigint NOT NULL AUTO_INCREMENT,
  `voyprt_crew_id` bigint NOT NULL,
  `voyprt_shipvoy_id` bigint NOT NULL,
  PRIMARY KEY (`voyprt_id`),
  KEY `voyprt_shipvoy_id_idx` (`voyprt_shipvoy_id`),
  KEY `voyprt_crew_id_idx` (`voyprt_crew_id`),
  CONSTRAINT `voyprt_crew_id` FOREIGN KEY (`voyprt_crew_id`) REFERENCES `ship_crew` (`crew_id`) ON DELETE RESTRICT ON UPDATE CASCADE,
  CONSTRAINT `voyprt_shipvoy_id` FOREIGN KEY (`voyprt_shipvoy_id`) REFERENCES `ship_voyages` (`shipvoy_id`) ON DELETE RESTRICT ON UPDATE CASCADE
) ENGINE=InnoDB AUTO_INCREMENT=652 DEFAULT CHARSET=utf8mb3;
/*!40101 SET character_set_client = @saved_cs_client */;

--
-- Dumping data for table `voyage_participation`
--

LOCK TABLES `voyage_participation` WRITE;
/*!40000 ALTER TABLE `voyage_participation` DISABLE KEYS */;
INSERT INTO `voyage_participation` VALUES (2,348,21),(3,83,22),(4,490,9),(5,179,10),(6,435,14),(7,457,21),(8,341,33),(9,115,22),(10,16,30),(11,223,13),(12,141,2),(13,236,24),(14,305,12),(15,48,2),(16,374,22),(17,59,9),(18,498,10),(19,95,30),(20,123,4),(21,490,8),(22,298,32),(23,497,6),(24,469,7),(25,315,32),(26,456,26),(27,476,25),(28,35,26),(29,94,29),(30,148,8),(31,359,5),(32,487,16),(33,189,32),(34,67,3),(35,27,24),(36,257,6),(37,263,2),(38,69,1),(39,193,33),(40,498,13),(41,295,34),(42,25,34),(43,9,19),(44,221,11),(45,302,26),(46,9,7),(47,421,5),(48,442,20),(49,227,15),(50,413,9),(51,143,16),(52,296,34),(53,258,23),(54,30,23),(55,180,24),(56,165,26),(57,86,17),(58,211,32),(59,462,17),(60,130,27),(61,379,13),(62,190,14),(63,299,15),(64,430,5),(65,195,4),(66,338,32),(67,395,26),(68,131,13),(69,391,5),(70,164,3),(71,492,16),(72,484,26),(73,357,27),(74,440,10),(75,129,20),(76,44,23),(77,261,20),(78,49,9),(79,489,5),(80,154,23),(81,332,17),(82,418,31),(83,323,2),(84,305,28),(85,238,21),(86,247,9),(87,364,24),(88,500,24),(89,47,1),(90,102,22),(91,184,31),(92,386,2),(93,372,19),(94,229,10),(95,310,8),(96,119,6),(97,371,11),(98,402,20),(99,155,11),(100,95,10),(101,244,9),(102,253,19),(103,90,1),(104,392,10),(105,33,30),(106,496,27),(107,489,31),(108,331,16),(109,451,26),(110,332,19),(111,256,19),(112,93,32),(113,372,29),(114,333,34),(115,61,17),(116,257,1),(117,453,2),(118,37,21),(119,417,34),(120,87,26),(121,180,16),(122,104,5),(123,110,4),(124,490,28),(125,462,14),(126,179,16),(127,305,33),(128,361,21),(129,452,9),(130,264,3),(131,269,1),(132,306,15),(133,367,11),(134,273,13),(135,379,12),(136,106,28),(137,48,8),(138,470,16),(139,88,31),(140,492,29),(141,155,3),(142,326,20),(143,221,3),(144,90,8),(145,238,23),(146,3,30),(147,365,33),(148,218,19),(149,477,21),(150,184,12),(151,362,23),(152,467,14),(153,306,1),(154,125,14),(155,227,32),(156,297,18),(157,8,26),(158,423,31),(159,334,23),(160,413,8),(161,309,10),(162,399,33),(163,232,15),(164,454,23),(165,424,24),(166,110,15),(167,443,25),(168,424,28),(169,93,8),(170,260,13),(171,498,23),(172,66,6),(173,95,6),(174,88,12),(175,442,2),(176,322,27),(177,236,9),(178,146,32),(179,332,28),(180,238,12),(181,76,30),(182,78,24),(183,422,22),(184,351,2),(185,390,24),(186,481,24),(187,367,7),(188,25,11),(189,192,21),(190,428,10),(191,157,27),(192,396,13),(193,51,3),(194,465,7),(195,240,19),(196,11,2),(197,450,9),(198,423,6),(199,495,11),(200,264,21),(201,484,34),(202,479,14),(203,128,25),(204,438,29),(205,105,11),(206,214,1),(207,427,4),(208,457,24),(209,427,2),(210,138,30),(211,66,23),(212,106,6),(213,95,31),(214,117,26),(215,487,18),(216,14,29),(217,171,25),(218,341,2),(219,235,34),(220,423,31),(221,28,15),(222,369,2),(223,237,8),(224,346,32),(225,292,12),(226,99,1),(227,467,3),(228,450,6),(229,163,17),(230,233,11),(231,450,11),(232,14,28),(233,123,29),(234,460,22),(235,221,31),(236,419,14),(237,409,14),(238,118,14),(239,457,3),(240,448,1),(241,281,2),(242,325,26),(243,15,1),(244,57,17),(245,189,20),(246,290,6),(247,24,10),(248,53,26),(249,415,22),(250,70,21),(251,114,28),(252,67,27),(253,313,29),(254,375,19),(255,373,8),(256,30,32),(257,293,28),(258,246,18),(259,489,23),(260,87,30),(261,230,29),(262,95,34),(263,422,17),(264,450,8),(265,291,2),(266,108,31),(267,410,8),(268,424,11),(269,76,18),(270,158,3),(271,464,10),(272,436,12),(273,98,24),(274,221,31),(275,89,5),(276,239,17),(277,43,23),(278,24,2),(279,345,13),(280,107,29),(281,324,5),(282,242,16),(283,70,7),(284,202,1),(285,157,8),(286,402,28),(287,168,29),(288,297,5),(289,102,19),(290,323,4),(291,347,34),(292,245,1),(293,419,9),(294,253,13),(295,25,18),(296,13,8),(297,166,19),(298,222,33),(299,499,13),(300,12,19),(301,311,20),(302,180,28),(303,339,2),(304,334,10),(305,475,25),(306,55,7),(307,420,5),(308,99,31),(309,281,3),(310,12,29),(311,114,29),(312,314,15),(313,113,20),(314,273,15),(315,202,12),(316,184,9),(317,266,33),(318,59,23),(319,340,7),(320,406,22),(321,404,34),(322,58,8),(323,142,24),(324,401,13),(325,362,9),(326,61,28),(327,355,23),(328,37,20),(329,258,17),(330,41,2),(331,172,12),(332,212,23),(333,155,19),(334,191,34),(335,41,21),(336,171,1),(337,273,10),(338,373,1),(339,474,17),(340,417,23),(341,226,19),(342,92,8),(343,49,32),(344,230,21),(345,271,6),(346,68,27),(347,381,29),(348,225,20),(349,406,3),(350,420,32),(351,306,17),(352,284,5),(353,408,10),(354,183,16),(355,296,20),(356,408,19),(357,102,13),(358,60,13),(359,320,13),(360,294,24),(361,332,12),(362,84,24),(363,380,15),(364,223,4),(365,29,17),(366,107,17),(367,36,30),(368,289,13),(369,13,32),(370,253,22),(371,249,33),(372,138,23),(373,28,31),(374,408,22),(375,71,25),(376,424,12),(377,5,5),(378,186,3),(379,387,3),(380,375,33),(381,260,34),(382,223,5),(383,135,2),(384,206,15),(385,386,3),(386,207,33),(387,354,31),(388,78,16),(389,93,28),(390,72,8),(391,72,21),(392,170,24),(393,278,19),(394,170,28),(395,249,11),(396,371,29),(397,398,27),(398,106,33),(399,317,29),(400,486,27),(401,402,2),(402,359,17),(403,202,11),(404,331,31),(405,156,33),(406,315,30),(407,117,27),(408,152,15),(409,163,32),(410,123,31),(411,235,22),(412,159,2),(413,405,4),(414,402,11),(415,319,21),(416,500,8),(417,435,16),(418,248,2),(419,280,25),(420,295,8),(421,487,26),(422,424,14),(423,101,25),(424,488,15),(425,403,8),(426,85,33),(427,121,30),(428,198,28),(429,444,12),(430,52,28),(431,119,33),(432,241,8),(433,369,1),(434,454,30),(435,472,28),(436,23,16),(437,293,24),(438,377,18),(439,2,31),(440,395,17),(441,55,5),(442,19,15),(443,107,21),(444,309,9),(445,246,31),(446,238,25),(447,267,3),(448,301,21),(449,175,31),(450,89,28),(451,144,34),(452,100,6),(453,38,5),(454,114,34),(455,114,16),(456,55,28),(457,165,1),(458,165,32),(459,311,19),(460,186,9),(461,408,31),(462,115,12),(463,498,21),(464,321,14),(465,35,19),(466,226,32),(467,181,26),(468,454,32),(469,216,23),(470,222,27),(471,438,28),(472,18,25),(473,78,10),(474,416,28),(475,496,30),(476,405,26),(477,37,6),(478,459,12),(479,261,10),(480,261,1),(481,366,29),(482,12,21),(483,258,32),(484,211,3),(485,373,18),(486,146,31),(487,474,32),(488,131,2),(489,159,30),(490,84,6),(491,134,19),(492,271,32),(493,166,29),(494,479,30),(495,350,12),(496,319,18),(497,141,14),(498,80,8),(499,365,3),(500,202,26),(501,358,29),(502,415,20),(503,415,26),(504,101,22),(505,451,13),(506,252,3),(507,57,5),(508,489,27),(509,438,5),(510,389,32),(511,346,31),(512,324,3),(513,110,25),(514,402,10),(515,100,34),(516,445,15),(517,294,27),(518,284,30),(519,344,28),(520,59,17),(521,271,16),(522,457,32),(523,310,19),(524,21,32),(525,307,32),(526,278,34),(527,219,23),(528,105,30),(529,179,19),(530,10,21),(531,409,8),(532,280,26),(533,185,23),(534,96,9),(535,423,9),(536,84,14),(537,20,25),(538,372,3),(539,300,8),(540,144,1),(541,443,14),(542,33,8),(543,76,16),(544,224,27),(545,399,3),(546,225,4),(547,83,20),(548,25,22),(549,3,7),(550,377,15),(551,21,8),(552,26,26),(553,330,15),(554,83,26),(555,142,4),(556,300,22),(557,133,20),(558,450,17),(559,339,9),(560,369,27),(561,411,1),(562,297,28),(563,424,31),(564,41,27),(565,100,9),(566,481,20),(567,34,22),(568,77,22),(569,261,2),(570,274,3),(571,144,20),(572,145,12),(573,384,34),(574,138,25),(575,246,32),(576,191,7),(577,226,16),(578,476,13),(579,126,18),(580,262,7),(581,133,10),(582,456,32),(583,207,12),(584,109,6),(585,335,23),(586,341,28),(587,38,2),(588,197,20),(589,58,17),(590,446,32),(591,463,30),(592,410,23),(593,261,13),(594,10,16),(595,333,30),(596,84,16),(597,187,27),(598,430,19),(599,356,11),(600,478,3),(601,116,30),(602,197,16),(603,473,27),(604,404,34),(605,217,32),(606,176,31),(607,418,27),(608,64,6),(609,125,8),(610,400,32),(611,349,27),(612,26,12),(613,361,27),(614,344,16),(615,398,6),(616,235,6),(617,471,6),(618,469,21),(619,75,14),(620,67,1),(621,460,10),(622,110,19),(623,481,25),(624,407,32),(625,158,14),(626,164,26),(627,23,30),(628,139,20),(629,59,18),(630,471,30),(631,182,27),(632,463,16),(633,119,26),(634,452,1),(635,241,1),(636,446,19),(637,376,24),(638,155,28),(639,50,33),(640,20,8),(641,431,33),(642,81,18),(643,416,31),(644,243,19),(645,124,3),(646,256,28),(647,108,3),(648,73,31),(649,500,26),(650,434,32),(651,210,32);
/*!40000 ALTER TABLE `voyage_participation` ENABLE KEYS */;
UNLOCK TABLES;

--
-- Dumping events for database 'c@rgonautica'
--

--
-- Dumping routines for database 'c@rgonautica'
--
/*!40103 SET TIME_ZONE=@OLD_TIME_ZONE */;

/*!40101 SET SQL_MODE=@OLD_SQL_MODE */;
/*!40014 SET FOREIGN_KEY_CHECKS=@OLD_FOREIGN_KEY_CHECKS */;
/*!40014 SET UNIQUE_CHECKS=@OLD_UNIQUE_CHECKS */;
/*!40101 SET CHARACTER_SET_CLIENT=@OLD_CHARACTER_SET_CLIENT */;
/*!40101 SET CHARACTER_SET_RESULTS=@OLD_CHARACTER_SET_RESULTS */;
/*!40101 SET COLLATION_CONNECTION=@OLD_COLLATION_CONNECTION */;
/*!40111 SET SQL_NOTES=@OLD_SQL_NOTES */;

-- Dump completed on 2024-06-16 13:08:59
